INSERT INTO "words"."lists" (id, type) VALUES ('9d8c20c7-0737-4021-829e-32bdc1277234', 'categorized');
INSERT INTO "words"."words" (id, word, syllables, frequency, category) VALUES (2001, 'vuoto', 2, 0.0000407, NULL);
INSERT INTO "words"."words_lists" (word_id, list_id) VALUES (2001, '9d8c20c7-0737-4021-829e-32bdc1277234');
INSERT INTO "words"."words" (id, word, syllables, frequency, category) VALUES (2002, 'costa', 2, 0.000112, NULL);
INSERT INTO "words"."words_lists" (word_id, list_id) VALUES (2002, '9d8c20c7-0737-4021-829e-32bdc1277234');
INSERT INTO "words"."words" (id, word, syllables, frequency, category) VALUES (2003, 'vivo', 2, 0.000107, NULL);
INSERT INTO "words"."words_lists" (word_id, list_id) VALUES (2003, '9d8c20c7-0737-4021-829e-32bdc1277234');
INSERT INTO "words"."words" (id, word, syllables, frequency, category) VALUES (2004, 'Lucca', 2, 0.0000182, NULL);
INSERT INTO "words"."words_lists" (word_id, list_id) VALUES (2004, '9d8c20c7-0737-4021-829e-32bdc1277234');
INSERT INTO "words"."words" (id, word, syllables, frequency, category) VALUES (2005, 'cerchio', 2, 0.0000162, NULL);
INSERT INTO "words"."words_lists" (word_id, list_id) VALUES (2005, '9d8c20c7-0737-4021-829e-32bdc1277234');
INSERT INTO "words"."words" (id, word, syllables, frequency, category) VALUES (2006, 'scopo', 2, 0.000117, NULL);
INSERT INTO "words"."words_lists" (word_id, list_id) VALUES (2006, '9d8c20c7-0737-4021-829e-32bdc1277234');
INSERT INTO "words"."words" (id, word, syllables, frequency, category) VALUES (2007, 'greca', 2, 0.00002, NULL);
INSERT INTO "words"."words_lists" (word_id, list_id) VALUES (2007, '9d8c20c7-0737-4021-829e-32bdc1277234');
INSERT INTO "words"."words" (id, word, syllables, frequency, category) VALUES (2008, 'sporco', 2, 0.0000117, NULL);
INSERT INTO "words"."words_lists" (word_id, list_id) VALUES (2008, '9d8c20c7-0737-4021-829e-32bdc1277234');
INSERT INTO "words"."words" (id, word, syllables, frequency, category) VALUES (2009, 'vasto', 2, 0.0000191, NULL);
INSERT INTO "words"."words_lists" (word_id, list_id) VALUES (2009, '9d8c20c7-0737-4021-829e-32bdc1277234');
INSERT INTO "words"."words" (id, word, syllables, frequency, category) VALUES (2010, 'peso', 2, 0.0000832, NULL);
INSERT INTO "words"."words_lists" (word_id, list_id) VALUES (2010, '9d8c20c7-0737-4021-829e-32bdc1277234');
INSERT INTO "words"."words" (id, word, syllables, frequency, category) VALUES (2011, 'cento', 2, 0.0000661, NULL);
INSERT INTO "words"."words_lists" (word_id, list_id) VALUES (2011, '9d8c20c7-0737-4021-829e-32bdc1277234');
INSERT INTO "words"."words" (id, word, syllables, frequency, category) VALUES (2012, 'Pescara', 2, 0.0000123, NULL);
INSERT INTO "words"."words_lists" (word_id, list_id) VALUES (2012, '9d8c20c7-0737-4021-829e-32bdc1277234');
INSERT INTO "words"."words" (id, word, syllables, frequency, category) VALUES (2013, 'podio', 2, 0.0000107, NULL);
INSERT INTO "words"."words_lists" (word_id, list_id) VALUES (2013, '9d8c20c7-0737-4021-829e-32bdc1277234');
INSERT INTO "words"."words" (id, word, syllables, frequency, category) VALUES (2014, 'forse', 2, 0.000468, NULL);
INSERT INTO "words"."words_lists" (word_id, list_id) VALUES (2014, '9d8c20c7-0737-4021-829e-32bdc1277234');
INSERT INTO "words"."words" (id, word, syllables, frequency, category) VALUES (2015, 'stanza', 2, 0.0000617, NULL);
INSERT INTO "words"."words_lists" (word_id, list_id) VALUES (2015, '9d8c20c7-0737-4021-829e-32bdc1277234');
INSERT INTO "words"."words" (id, word, syllables, frequency, category) VALUES (2016, 'banco', 2, 0.0000214, NULL);
INSERT INTO "words"."words_lists" (word_id, list_id) VALUES (2016, '9d8c20c7-0737-4021-829e-32bdc1277234');
INSERT INTO "words"."words" (id, word, syllables, frequency, category) VALUES (2017, 'posta', 2, 0.0000661, NULL);
INSERT INTO "words"."words_lists" (word_id, list_id) VALUES (2017, '9d8c20c7-0737-4021-829e-32bdc1277234');
INSERT INTO "words"."words" (id, word, syllables, frequency, category) VALUES (2018, 'banda', 2, 0.0000324, NULL);
INSERT INTO "words"."words_lists" (word_id, list_id) VALUES (2018, '9d8c20c7-0737-4021-829e-32bdc1277234');
INSERT INTO "words"."words" (id, word, syllables, frequency, category) VALUES (2019, 'dopo', 2, 0.00135, NULL);
INSERT INTO "words"."words_lists" (word_id, list_id) VALUES (2019, '9d8c20c7-0737-4021-829e-32bdc1277234');
INSERT INTO "words"."words" (id, word, syllables, frequency, category) VALUES (2020, 'destra', 2, 0.000126, NULL);
INSERT INTO "words"."words_lists" (word_id, list_id) VALUES (2020, '9d8c20c7-0737-4021-829e-32bdc1277234');
INSERT INTO "words"."words" (id, word, syllables, frequency, category) VALUES (2021, 'monte', 2, 0.0000631, NULL);
INSERT INTO "words"."words_lists" (word_id, list_id) VALUES (2021, '9d8c20c7-0737-4021-829e-32bdc1277234');
INSERT INTO "words"."words" (id, word, syllables, frequency, category) VALUES (2022, 'valle', 2, 0.0000479, NULL);
INSERT INTO "words"."words_lists" (word_id, list_id) VALUES (2022, '9d8c20c7-0737-4021-829e-32bdc1277234');
INSERT INTO "words"."words" (id, word, syllables, frequency, category) VALUES (2023, 'pessimo', 3, 0.0000115, NULL);
INSERT INTO "words"."words_lists" (word_id, list_id) VALUES (2023, '9d8c20c7-0737-4021-829e-32bdc1277234');
INSERT INTO "words"."words" (id, word, syllables, frequency, category) VALUES (2024, 'martello', 3, 0.00001, NULL);
INSERT INTO "words"."words_lists" (word_id, list_id) VALUES (2024, '9d8c20c7-0737-4021-829e-32bdc1277234');
INSERT INTO "words"."words" (id, word, syllables, frequency, category) VALUES (2025, 'valore', 3, 0.000145, NULL);
INSERT INTO "words"."words_lists" (word_id, list_id) VALUES (2025, '9d8c20c7-0737-4021-829e-32bdc1277234');
INSERT INTO "words"."words" (id, word, syllables, frequency, category) VALUES (2026, 'riparo', 3, 0.0000102, NULL);
INSERT INTO "words"."words_lists" (word_id, list_id) VALUES (2026, '9d8c20c7-0737-4021-829e-32bdc1277234');
INSERT INTO "words"."words" (id, word, syllables, frequency, category) VALUES (2027, 'prendere', 3, 0.000224, NULL);
INSERT INTO "words"."words_lists" (word_id, list_id) VALUES (2027, '9d8c20c7-0737-4021-829e-32bdc1277234');
INSERT INTO "words"."words" (id, word, syllables, frequency, category) VALUES (2028, 'docente', 3, 0.0000178, NULL);
INSERT INTO "words"."words_lists" (word_id, list_id) VALUES (2028, '9d8c20c7-0737-4021-829e-32bdc1277234');
INSERT INTO "words"."words" (id, word, syllables, frequency, category) VALUES (2029, 'creatura', 3, 0.0000135, NULL);
INSERT INTO "words"."words_lists" (word_id, list_id) VALUES (2029, '9d8c20c7-0737-4021-829e-32bdc1277234');
INSERT INTO "words"."words" (id, word, syllables, frequency, category) VALUES (2030, 'coprire', 3, 0.00002, NULL);
INSERT INTO "words"."words_lists" (word_id, list_id) VALUES (2030, '9d8c20c7-0737-4021-829e-32bdc1277234');
INSERT INTO "words"."words" (id, word, syllables, frequency, category) VALUES (2031, 'mondiali', 3, 0.000038, NULL);
INSERT INTO "words"."words_lists" (word_id, list_id) VALUES (2031, '9d8c20c7-0737-4021-829e-32bdc1277234');
INSERT INTO "words"."words" (id, word, syllables, frequency, category) VALUES (2032, 'leggero', 3, 0.0000214, NULL);
INSERT INTO "words"."words_lists" (word_id, list_id) VALUES (2032, '9d8c20c7-0737-4021-829e-32bdc1277234');
INSERT INTO "words"."words" (id, word, syllables, frequency, category) VALUES (2033, 'agire', 3, 0.0000316, NULL);
INSERT INTO "words"."words_lists" (word_id, list_id) VALUES (2033, '9d8c20c7-0737-4021-829e-32bdc1277234');
INSERT INTO "words"."words" (id, word, syllables, frequency, category) VALUES (2034, 'finestra', 3, 0.000038, NULL);
INSERT INTO "words"."words_lists" (word_id, list_id) VALUES (2034, '9d8c20c7-0737-4021-829e-32bdc1277234');
INSERT INTO "words"."words" (id, word, syllables, frequency, category) VALUES (2035, 'colombo', 3, 0.0000126, NULL);
INSERT INTO "words"."words_lists" (word_id, list_id) VALUES (2035, '9d8c20c7-0737-4021-829e-32bdc1277234');
INSERT INTO "words"."words" (id, word, syllables, frequency, category) VALUES (2036, 'razzismo', 3, 0.0000316, NULL);
INSERT INTO "words"."words_lists" (word_id, list_id) VALUES (2036, '9d8c20c7-0737-4021-829e-32bdc1277234');
INSERT INTO "words"."words" (id, word, syllables, frequency, category) VALUES (2037, 'ottica', 3, 0.0000112, NULL);
INSERT INTO "words"."words_lists" (word_id, list_id) VALUES (2037, '9d8c20c7-0737-4021-829e-32bdc1277234');
INSERT INTO "words"."words" (id, word, syllables, frequency, category) VALUES (2038, 'senato', 3, 0.0000479, NULL);
INSERT INTO "words"."words_lists" (word_id, list_id) VALUES (2038, '9d8c20c7-0737-4021-829e-32bdc1277234');
INSERT INTO "words"."words" (id, word, syllables, frequency, category) VALUES (2039, 'versione', 3, 0.000126, NULL);
INSERT INTO "words"."words_lists" (word_id, list_id) VALUES (2039, '9d8c20c7-0737-4021-829e-32bdc1277234');
INSERT INTO "words"."words" (id, word, syllables, frequency, category) VALUES (2040, 'dominio', 3, 0.0000407, NULL);
INSERT INTO "words"."words_lists" (word_id, list_id) VALUES (2040, '9d8c20c7-0737-4021-829e-32bdc1277234');
INSERT INTO "words"."words" (id, word, syllables, frequency, category) VALUES (2041, 'deriva', 3, 0.0000309, NULL);
INSERT INTO "words"."words_lists" (word_id, list_id) VALUES (2041, '9d8c20c7-0737-4021-829e-32bdc1277234');
INSERT INTO "words"."words" (id, word, syllables, frequency, category) VALUES (2042, 'finale', 3, 0.000115, NULL);
INSERT INTO "words"."words_lists" (word_id, list_id) VALUES (2042, '9d8c20c7-0737-4021-829e-32bdc1277234');
INSERT INTO "words"."words" (id, word, syllables, frequency, category) VALUES (2043, 'magico', 3, 0.0000162, NULL);
INSERT INTO "words"."words_lists" (word_id, list_id) VALUES (2043, '9d8c20c7-0737-4021-829e-32bdc1277234');
INSERT INTO "words"."words" (id, word, syllables, frequency, category) VALUES (2044, 'accento', 3, 0.0000141, NULL);
INSERT INTO "words"."words_lists" (word_id, list_id) VALUES (2044, '9d8c20c7-0737-4021-829e-32bdc1277234');
INSERT INTO "words"."words" (id, word, syllables, frequency, category) VALUES (2045, 'riguardo', 3, 0.000132, NULL);
INSERT INTO "words"."words_lists" (word_id, list_id) VALUES (2045, '9d8c20c7-0737-4021-829e-32bdc1277234');
INSERT INTO "words"."words" (id, word, syllables, frequency, category) VALUES (2046, 'rapporto', 3, 0.000166, NULL);
INSERT INTO "words"."words_lists" (word_id, list_id) VALUES (2046, '9d8c20c7-0737-4021-829e-32bdc1277234');
INSERT INTO "words"."words" (id, word, syllables, frequency, category) VALUES (2047, 'giuria', 3, 0.0000145, NULL);
INSERT INTO "words"."words_lists" (word_id, list_id) VALUES (2047, '9d8c20c7-0737-4021-829e-32bdc1277234');
INSERT INTO "words"."words" (id, word, syllables, frequency, category) VALUES (2048, 'sindaco', 3, 0.0000724, NULL);
INSERT INTO "words"."words_lists" (word_id, list_id) VALUES (2048, '9d8c20c7-0737-4021-829e-32bdc1277234');
INSERT INTO "words"."words" (id, word, syllables, frequency, category) VALUES (2049, 'mutande', 3, 0.0000105, NULL);
INSERT INTO "words"."words_lists" (word_id, list_id) VALUES (2049, '9d8c20c7-0737-4021-829e-32bdc1277234');
INSERT INTO "words"."words" (id, word, syllables, frequency, category) VALUES (2050, 'usare', 3, 0.00012, NULL);
INSERT INTO "words"."words_lists" (word_id, list_id) VALUES (2050, '9d8c20c7-0737-4021-829e-32bdc1277234');
INSERT INTO "words"."words" (id, word, syllables, frequency, category) VALUES (2051, 'rapida', 3, 0.0000219, NULL);
INSERT INTO "words"."words_lists" (word_id, list_id) VALUES (2051, '9d8c20c7-0737-4021-829e-32bdc1277234');
INSERT INTO "words"."words" (id, word, syllables, frequency, category) VALUES (2052, 'disposto', 3, 0.0000275, NULL);
INSERT INTO "words"."words_lists" (word_id, list_id) VALUES (2052, '9d8c20c7-0737-4021-829e-32bdc1277234');
INSERT INTO "words"."words" (id, word, syllables, frequency, category) VALUES (2053, 'servire', 3, 0.0000251, NULL);
INSERT INTO "words"."words_lists" (word_id, list_id) VALUES (2053, '9d8c20c7-0737-4021-829e-32bdc1277234');
INSERT INTO "words"."words" (id, word, syllables, frequency, category) VALUES (2054, 'azzardo', 3, 0.0000105, NULL);
INSERT INTO "words"."words_lists" (word_id, list_id) VALUES (2054, '9d8c20c7-0737-4021-829e-32bdc1277234');
INSERT INTO "words"."words" (id, word, syllables, frequency, category) VALUES (2055, 'cultura', 3, 0.000174, NULL);
INSERT INTO "words"."words_lists" (word_id, list_id) VALUES (2055, '9d8c20c7-0737-4021-829e-32bdc1277234');
INSERT INTO "words"."words" (id, word, syllables, frequency, category) VALUES (2056, 'trattare', 3, 0.0000251, NULL);
INSERT INTO "words"."words_lists" (word_id, list_id) VALUES (2056, '9d8c20c7-0737-4021-829e-32bdc1277234');
INSERT INTO "words"."words" (id, word, syllables, frequency, category) VALUES (2057, 'insegnare', 4, 0.0000214, NULL);
INSERT INTO "words"."words_lists" (word_id, list_id) VALUES (2057, '9d8c20c7-0737-4021-829e-32bdc1277234');
INSERT INTO "words"."words" (id, word, syllables, frequency, category) VALUES (2058, 'eccezione', 4, 0.000038, NULL);
INSERT INTO "words"."words_lists" (word_id, list_id) VALUES (2058, '9d8c20c7-0737-4021-829e-32bdc1277234');
INSERT INTO "words"."words" (id, word, syllables, frequency, category) VALUES (2059, 'previsione', 4, 0.0000138, NULL);
INSERT INTO "words"."words_lists" (word_id, list_id) VALUES (2059, '9d8c20c7-0737-4021-829e-32bdc1277234');
INSERT INTO "words"."words" (id, word, syllables, frequency, category) VALUES (2060, 'intensità', 4, 0.0000151, NULL);
INSERT INTO "words"."words_lists" (word_id, list_id) VALUES (2060, '9d8c20c7-0737-4021-829e-32bdc1277234');
INSERT INTO "words"."words" (id, word, syllables, frequency, category) VALUES (2061, 'biologia', 4, 0.0000102, NULL);
INSERT INTO "words"."words_lists" (word_id, list_id) VALUES (2061, '9d8c20c7-0737-4021-829e-32bdc1277234');
INSERT INTO "words"."words" (id, word, syllables, frequency, category) VALUES (2062, 'sconosciuto', 4, 0.000017, NULL);
INSERT INTO "words"."words_lists" (word_id, list_id) VALUES (2062, '9d8c20c7-0737-4021-829e-32bdc1277234');
INSERT INTO "words"."words" (id, word, syllables, frequency, category) VALUES (2063, 'miglioramento', 5, 0.0000251, NULL);
INSERT INTO "words"."words_lists" (word_id, list_id) VALUES (2063, '9d8c20c7-0737-4021-829e-32bdc1277234');
INSERT INTO "words"."words" (id, word, syllables, frequency, category) VALUES (2064, 'emendamento', 5, 0.00001, NULL);
INSERT INTO "words"."words_lists" (word_id, list_id) VALUES (2064, '9d8c20c7-0737-4021-829e-32bdc1277234');
INSERT INTO "words"."lists" (id, type) VALUES ('051ee0f6-b197-4139-8490-c6621980114d', 'categorized');
INSERT INTO "words"."words" (id, word, syllables, frequency, category) VALUES (2065, 'verde', 2, 0.0000708, NULL);
INSERT INTO "words"."words_lists" (word_id, list_id) VALUES (2065, '051ee0f6-b197-4139-8490-c6621980114d');
INSERT INTO "words"."words" (id, word, syllables, frequency, category) VALUES (2066, 'grigio', 2, 0.0000182, NULL);
INSERT INTO "words"."words_lists" (word_id, list_id) VALUES (2066, '051ee0f6-b197-4139-8490-c6621980114d');
INSERT INTO "words"."words" (id, word, syllables, frequency, category) VALUES (2067, 'pozzo', 2, 0.000012, NULL);
INSERT INTO "words"."words_lists" (word_id, list_id) VALUES (2067, '051ee0f6-b197-4139-8490-c6621980114d');
INSERT INTO "words"."words" (id, word, syllables, frequency, category) VALUES (2068, 'greca', 2, 0.00002, NULL);
INSERT INTO "words"."words_lists" (word_id, list_id) VALUES (2068, '051ee0f6-b197-4139-8490-c6621980114d');
INSERT INTO "words"."words" (id, word, syllables, frequency, category) VALUES (2069, 'pari', 2, 0.00011, NULL);
INSERT INTO "words"."words_lists" (word_id, list_id) VALUES (2069, '051ee0f6-b197-4139-8490-c6621980114d');
INSERT INTO "words"."words" (id, word, syllables, frequency, category) VALUES (2070, 'sport', 2, 0.0000891, NULL);
INSERT INTO "words"."words_lists" (word_id, list_id) VALUES (2070, '051ee0f6-b197-4139-8490-c6621980114d');
INSERT INTO "words"."words" (id, word, syllables, frequency, category) VALUES (2071, 'tregua', 2, 0.000011, NULL);
INSERT INTO "words"."words_lists" (word_id, list_id) VALUES (2071, '051ee0f6-b197-4139-8490-c6621980114d');
INSERT INTO "words"."words" (id, word, syllables, frequency, category) VALUES (2072, 'bacio', 2, 0.0000257, NULL);
INSERT INTO "words"."words_lists" (word_id, list_id) VALUES (2072, '051ee0f6-b197-4139-8490-c6621980114d');
INSERT INTO "words"."words" (id, word, syllables, frequency, category) VALUES (2073, 'dentro', 2, 0.000166, NULL);
INSERT INTO "words"."words_lists" (word_id, list_id) VALUES (2073, '051ee0f6-b197-4139-8490-c6621980114d');
INSERT INTO "words"."words" (id, word, syllables, frequency, category) VALUES (2074, 'pasqua', 2, 0.0000145, NULL);
INSERT INTO "words"."words_lists" (word_id, list_id) VALUES (2074, '051ee0f6-b197-4139-8490-c6621980114d');
INSERT INTO "words"."words" (id, word, syllables, frequency, category) VALUES (2075, 'porno', 2, 0.0000282, NULL);
INSERT INTO "words"."words_lists" (word_id, list_id) VALUES (2075, '051ee0f6-b197-4139-8490-c6621980114d');
INSERT INTO "words"."words" (id, word, syllables, frequency, category) VALUES (2076, 'squadra', 2, 0.000155, NULL);
INSERT INTO "words"."words_lists" (word_id, list_id) VALUES (2076, '051ee0f6-b197-4139-8490-c6621980114d');
INSERT INTO "words"."words" (id, word, syllables, frequency, category) VALUES (2077, 'luigi', 2, 0.0000562, NULL);
INSERT INTO "words"."words_lists" (word_id, list_id) VALUES (2077, '051ee0f6-b197-4139-8490-c6621980114d');
INSERT INTO "words"."words" (id, word, syllables, frequency, category) VALUES (2078, 'golfo', 2, 0.0000174, NULL);
INSERT INTO "words"."words_lists" (word_id, list_id) VALUES (2078, '051ee0f6-b197-4139-8490-c6621980114d');
INSERT INTO "words"."words" (id, word, syllables, frequency, category) VALUES (2079, 'acque', 2, 0.000049, NULL);
INSERT INTO "words"."words_lists" (word_id, list_id) VALUES (2079, '051ee0f6-b197-4139-8490-c6621980114d');
INSERT INTO "words"."words" (id, word, syllables, frequency, category) VALUES (2080, 'saga', 2, 0.0000112, NULL);
INSERT INTO "words"."words_lists" (word_id, list_id) VALUES (2080, '051ee0f6-b197-4139-8490-c6621980114d');
INSERT INTO "words"."words" (id, word, syllables, frequency, category) VALUES (2081, 'mela', 2, 0.0000115, NULL);
INSERT INTO "words"."words_lists" (word_id, list_id) VALUES (2081, '051ee0f6-b197-4139-8490-c6621980114d');
INSERT INTO "words"."words" (id, word, syllables, frequency, category) VALUES (2082, 'prato', 2, 0.0000224, NULL);
INSERT INTO "words"."words_lists" (word_id, list_id) VALUES (2082, '051ee0f6-b197-4139-8490-c6621980114d');
INSERT INTO "words"."words" (id, word, syllables, frequency, category) VALUES (2083, 'mister', 2, 0.000011, NULL);
INSERT INTO "words"."words_lists" (word_id, list_id) VALUES (2083, '051ee0f6-b197-4139-8490-c6621980114d');
INSERT INTO "words"."words" (id, word, syllables, frequency, category) VALUES (2084, 'sconto', 2, 0.0000229, NULL);
INSERT INTO "words"."words_lists" (word_id, list_id) VALUES (2084, '051ee0f6-b197-4139-8490-c6621980114d');
INSERT INTO "words"."words" (id, word, syllables, frequency, category) VALUES (2085, 'porta', 2, 0.000257, NULL);
INSERT INTO "words"."words_lists" (word_id, list_id) VALUES (2085, '051ee0f6-b197-4139-8490-c6621980114d');
INSERT INTO "words"."words" (id, word, syllables, frequency, category) VALUES (2086, 'patria', 2, 0.0000363, NULL);
INSERT INTO "words"."words_lists" (word_id, list_id) VALUES (2086, '051ee0f6-b197-4139-8490-c6621980114d');
INSERT INTO "words"."words" (id, word, syllables, frequency, category) VALUES (2087, 'Danimarca', 3, 0.0000126, NULL);
INSERT INTO "words"."words_lists" (word_id, list_id) VALUES (2087, '051ee0f6-b197-4139-8490-c6621980114d');
INSERT INTO "words"."words" (id, word, syllables, frequency, category) VALUES (2088, 'animo', 3, 0.0000141, NULL);
INSERT INTO "words"."words_lists" (word_id, list_id) VALUES (2088, '051ee0f6-b197-4139-8490-c6621980114d');
INSERT INTO "words"."words" (id, word, syllables, frequency, category) VALUES (2089, 'girone', 3, 0.0000112, NULL);
INSERT INTO "words"."words_lists" (word_id, list_id) VALUES (2089, '051ee0f6-b197-4139-8490-c6621980114d');
INSERT INTO "words"."words" (id, word, syllables, frequency, category) VALUES (2090, 'muoversi', 3, 0.000017, NULL);
INSERT INTO "words"."words_lists" (word_id, list_id) VALUES (2090, '051ee0f6-b197-4139-8490-c6621980114d');
INSERT INTO "words"."words" (id, word, syllables, frequency, category) VALUES (2091, 'volume', 3, 0.0000575, NULL);
INSERT INTO "words"."words_lists" (word_id, list_id) VALUES (2091, '051ee0f6-b197-4139-8490-c6621980114d');
INSERT INTO "words"."words" (id, word, syllables, frequency, category) VALUES (2092, 'Olanda', 3, 0.0000132, NULL);
INSERT INTO "words"."words_lists" (word_id, list_id) VALUES (2092, '051ee0f6-b197-4139-8490-c6621980114d');
INSERT INTO "words"."words" (id, word, syllables, frequency, category) VALUES (2093, 'cattura', 3, 0.0000117, NULL);
INSERT INTO "words"."words_lists" (word_id, list_id) VALUES (2093, '051ee0f6-b197-4139-8490-c6621980114d');
INSERT INTO "words"."words" (id, word, syllables, frequency, category) VALUES (2094, 'Genova', 3, 0.0000646, NULL);
INSERT INTO "words"."words_lists" (word_id, list_id) VALUES (2094, '051ee0f6-b197-4139-8490-c6621980114d');
INSERT INTO "words"."words" (id, word, syllables, frequency, category) VALUES (2095, 'menzione', 3, 0.0000102, NULL);
INSERT INTO "words"."words_lists" (word_id, list_id) VALUES (2095, '051ee0f6-b197-4139-8490-c6621980114d');
INSERT INTO "words"."words" (id, word, syllables, frequency, category) VALUES (2096, 'cattivo', 3, 0.0000316, NULL);
INSERT INTO "words"."words_lists" (word_id, list_id) VALUES (2096, '051ee0f6-b197-4139-8490-c6621980114d');
INSERT INTO "words"."words" (id, word, syllables, frequency, category) VALUES (2097, 'carico', 3, 0.0000603, NULL);
INSERT INTO "words"."words_lists" (word_id, list_id) VALUES (2097, '051ee0f6-b197-4139-8490-c6621980114d');
INSERT INTO "words"."words" (id, word, syllables, frequency, category) VALUES (2098, 'usare', 3, 0.00012, NULL);
INSERT INTO "words"."words_lists" (word_id, list_id) VALUES (2098, '051ee0f6-b197-4139-8490-c6621980114d');
INSERT INTO "words"."words" (id, word, syllables, frequency, category) VALUES (2099, 'notizia', 3, 0.000112, NULL);
INSERT INTO "words"."words_lists" (word_id, list_id) VALUES (2099, '051ee0f6-b197-4139-8490-c6621980114d');
INSERT INTO "words"."words" (id, word, syllables, frequency, category) VALUES (2100, 'Irlanda', 3, 0.0000138, NULL);
INSERT INTO "words"."words_lists" (word_id, list_id) VALUES (2100, '051ee0f6-b197-4139-8490-c6621980114d');
INSERT INTO "words"."words" (id, word, syllables, frequency, category) VALUES (2101, 'impianto', 3, 0.0000282, NULL);
INSERT INTO "words"."words_lists" (word_id, list_id) VALUES (2101, '051ee0f6-b197-4139-8490-c6621980114d');
INSERT INTO "words"."words" (id, word, syllables, frequency, category) VALUES (2102, 'isola', 3, 0.0000661, NULL);
INSERT INTO "words"."words_lists" (word_id, list_id) VALUES (2102, '051ee0f6-b197-4139-8490-c6621980114d');
INSERT INTO "words"."words" (id, word, syllables, frequency, category) VALUES (2103, 'ricchezza', 3, 0.0000282, NULL);
INSERT INTO "words"."words_lists" (word_id, list_id) VALUES (2103, '051ee0f6-b197-4139-8490-c6621980114d');
INSERT INTO "words"."words" (id, word, syllables, frequency, category) VALUES (2104, 'autore', 3, 0.000107, NULL);
INSERT INTO "words"."words_lists" (word_id, list_id) VALUES (2104, '051ee0f6-b197-4139-8490-c6621980114d');
INSERT INTO "words"."words" (id, word, syllables, frequency, category) VALUES (2105, 'bambino', 3, 0.000123, NULL);
INSERT INTO "words"."words_lists" (word_id, list_id) VALUES (2105, '051ee0f6-b197-4139-8490-c6621980114d');
INSERT INTO "words"."words" (id, word, syllables, frequency, category) VALUES (2106, 'musica', 3, 0.000186, NULL);
INSERT INTO "words"."words_lists" (word_id, list_id) VALUES (2106, '051ee0f6-b197-4139-8490-c6621980114d');
INSERT INTO "words"."words" (id, word, syllables, frequency, category) VALUES (2107, 'lanciare', 3, 0.000017, NULL);
INSERT INTO "words"."words_lists" (word_id, list_id) VALUES (2107, '051ee0f6-b197-4139-8490-c6621980114d');
INSERT INTO "words"."words" (id, word, syllables, frequency, category) VALUES (2108, 'marina', 3, 0.0000447, NULL);
INSERT INTO "words"."words_lists" (word_id, list_id) VALUES (2108, '051ee0f6-b197-4139-8490-c6621980114d');
INSERT INTO "words"."words" (id, word, syllables, frequency, category) VALUES (2109, 'simile', 3, 0.000117, NULL);
INSERT INTO "words"."words_lists" (word_id, list_id) VALUES (2109, '051ee0f6-b197-4139-8490-c6621980114d');
INSERT INTO "words"."words" (id, word, syllables, frequency, category) VALUES (2110, 'regola', 3, 0.0000513, NULL);
INSERT INTO "words"."words_lists" (word_id, list_id) VALUES (2110, '051ee0f6-b197-4139-8490-c6621980114d');
INSERT INTO "words"."words" (id, word, syllables, frequency, category) VALUES (2111, 'gravità', 3, 0.0000162, NULL);
INSERT INTO "words"."words_lists" (word_id, list_id) VALUES (2111, '051ee0f6-b197-4139-8490-c6621980114d');
INSERT INTO "words"."words" (id, word, syllables, frequency, category) VALUES (2112, 'tentare', 3, 0.0000182, NULL);
INSERT INTO "words"."words_lists" (word_id, list_id) VALUES (2112, '051ee0f6-b197-4139-8490-c6621980114d');
INSERT INTO "words"."words" (id, word, syllables, frequency, category) VALUES (2113, 'globale', 3, 0.0000302, NULL);
INSERT INTO "words"."words_lists" (word_id, list_id) VALUES (2113, '051ee0f6-b197-4139-8490-c6621980114d');
INSERT INTO "words"."words" (id, word, syllables, frequency, category) VALUES (2114, 'canone', 3, 0.0000141, NULL);
INSERT INTO "words"."words_lists" (word_id, list_id) VALUES (2114, '051ee0f6-b197-4139-8490-c6621980114d');
INSERT INTO "words"."words" (id, word, syllables, frequency, category) VALUES (2115, 'giustizia', 3, 0.0000977, NULL);
INSERT INTO "words"."words_lists" (word_id, list_id) VALUES (2115, '051ee0f6-b197-4139-8490-c6621980114d');
INSERT INTO "words"."words" (id, word, syllables, frequency, category) VALUES (2116, 'estratto', 3, 0.0000224, NULL);
INSERT INTO "words"."words_lists" (word_id, list_id) VALUES (2116, '051ee0f6-b197-4139-8490-c6621980114d');
INSERT INTO "words"."words" (id, word, syllables, frequency, category) VALUES (2117, 'sparire', 3, 0.000012, NULL);
INSERT INTO "words"."words_lists" (word_id, list_id) VALUES (2117, '051ee0f6-b197-4139-8490-c6621980114d');
INSERT INTO "words"."words" (id, word, syllables, frequency, category) VALUES (2118, 'Modena', 3, 0.0000295, NULL);
INSERT INTO "words"."words_lists" (word_id, list_id) VALUES (2118, '051ee0f6-b197-4139-8490-c6621980114d');
INSERT INTO "words"."words" (id, word, syllables, frequency, category) VALUES (2119, 'raggiungere', 4, 0.0000794, NULL);
INSERT INTO "words"."words_lists" (word_id, list_id) VALUES (2119, '051ee0f6-b197-4139-8490-c6621980114d');
INSERT INTO "words"."words" (id, word, syllables, frequency, category) VALUES (2120, 'dimensione', 4, 0.0000288, NULL);
INSERT INTO "words"."words_lists" (word_id, list_id) VALUES (2120, '051ee0f6-b197-4139-8490-c6621980114d');
INSERT INTO "words"."words" (id, word, syllables, frequency, category) VALUES (2121, 'competente', 4, 0.0000141, NULL);
INSERT INTO "words"."words_lists" (word_id, list_id) VALUES (2121, '051ee0f6-b197-4139-8490-c6621980114d');
INSERT INTO "words"."words" (id, word, syllables, frequency, category) VALUES (2122, 'produttore', 4, 0.000024, NULL);
INSERT INTO "words"."words_lists" (word_id, list_id) VALUES (2122, '051ee0f6-b197-4139-8490-c6621980114d');
INSERT INTO "words"."words" (id, word, syllables, frequency, category) VALUES (2123, 'sacerdote', 4, 0.0000138, NULL);
INSERT INTO "words"."words_lists" (word_id, list_id) VALUES (2123, '051ee0f6-b197-4139-8490-c6621980114d');
INSERT INTO "words"."words" (id, word, syllables, frequency, category) VALUES (2124, 'aziendale', 4, 0.0000158, NULL);
INSERT INTO "words"."words_lists" (word_id, list_id) VALUES (2124, '051ee0f6-b197-4139-8490-c6621980114d');
INSERT INTO "words"."words" (id, word, syllables, frequency, category) VALUES (2125, 'tipologia', 5, 0.0000123, NULL);
INSERT INTO "words"."words_lists" (word_id, list_id) VALUES (2125, '051ee0f6-b197-4139-8490-c6621980114d');
INSERT INTO "words"."words" (id, word, syllables, frequency, category) VALUES (2126, 'differente', 5, 0.00002, NULL);
INSERT INTO "words"."words_lists" (word_id, list_id) VALUES (2126, '051ee0f6-b197-4139-8490-c6621980114d');
INSERT INTO "words"."words" (id, word, syllables, frequency, category) VALUES (2127, 'operativo', 5, 0.0000186, NULL);
INSERT INTO "words"."words_lists" (word_id, list_id) VALUES (2127, '051ee0f6-b197-4139-8490-c6621980114d');
INSERT INTO "words"."words" (id, word, syllables, frequency, category) VALUES (2128, 'particolare', 5, 0.00024, NULL);
INSERT INTO "words"."words_lists" (word_id, list_id) VALUES (2128, '051ee0f6-b197-4139-8490-c6621980114d');
INSERT INTO "words"."lists" (id, type) VALUES ('41b89275-24b8-42cd-a55d-89a19c527dd2', 'categorized');
INSERT INTO "words"."words" (id, word, syllables, frequency, category) VALUES (2129, 'porre', 2, 0.0000288, NULL);
INSERT INTO "words"."words_lists" (word_id, list_id) VALUES (2129, '41b89275-24b8-42cd-a55d-89a19c527dd2');
INSERT INTO "words"."words" (id, word, syllables, frequency, category) VALUES (2130, 'bordo', 2, 0.0000468, NULL);
INSERT INTO "words"."words_lists" (word_id, list_id) VALUES (2130, '41b89275-24b8-42cd-a55d-89a19c527dd2');
INSERT INTO "words"."words" (id, word, syllables, frequency, category) VALUES (2131, 'nuoto', 2, 0.0000107, NULL);
INSERT INTO "words"."words_lists" (word_id, list_id) VALUES (2131, '41b89275-24b8-42cd-a55d-89a19c527dd2');
INSERT INTO "words"."words" (id, word, syllables, frequency, category) VALUES (2132, 'bravo', 2, 0.0000646, NULL);
INSERT INTO "words"."words_lists" (word_id, list_id) VALUES (2132, '41b89275-24b8-42cd-a55d-89a19c527dd2');
INSERT INTO "words"."words" (id, word, syllables, frequency, category) VALUES (2133, 'arco', 2, 0.0000214, NULL);
INSERT INTO "words"."words_lists" (word_id, list_id) VALUES (2133, '41b89275-24b8-42cd-a55d-89a19c527dd2');
INSERT INTO "words"."words" (id, word, syllables, frequency, category) VALUES (2134, 'fame', 2, 0.0000708, NULL);
INSERT INTO "words"."words_lists" (word_id, list_id) VALUES (2134, '41b89275-24b8-42cd-a55d-89a19c527dd2');
INSERT INTO "words"."words" (id, word, syllables, frequency, category) VALUES (2135, 'sosta', 2, 0.0000123, NULL);
INSERT INTO "words"."words_lists" (word_id, list_id) VALUES (2135, '41b89275-24b8-42cd-a55d-89a19c527dd2');
INSERT INTO "words"."words" (id, word, syllables, frequency, category) VALUES (2136, 'giro', 2, 0.000209, NULL);
INSERT INTO "words"."words_lists" (word_id, list_id) VALUES (2136, '41b89275-24b8-42cd-a55d-89a19c527dd2');
INSERT INTO "words"."words" (id, word, syllables, frequency, category) VALUES (2137, 'frega', 2, 0.0000372, NULL);
INSERT INTO "words"."words_lists" (word_id, list_id) VALUES (2137, '41b89275-24b8-42cd-a55d-89a19c527dd2');
INSERT INTO "words"."words" (id, word, syllables, frequency, category) VALUES (2138, 'pronto', 2, 0.0000776, NULL);
INSERT INTO "words"."words_lists" (word_id, list_id) VALUES (2138, '41b89275-24b8-42cd-a55d-89a19c527dd2');
INSERT INTO "words"."words" (id, word, syllables, frequency, category) VALUES (2139, 'preda', 2, 0.0000132, NULL);
INSERT INTO "words"."words_lists" (word_id, list_id) VALUES (2139, '41b89275-24b8-42cd-a55d-89a19c527dd2');
INSERT INTO "words"."words" (id, word, syllables, frequency, category) VALUES (2140, 'quarto', 2, 0.0000537, NULL);
INSERT INTO "words"."words_lists" (word_id, list_id) VALUES (2140, '41b89275-24b8-42cd-a55d-89a19c527dd2');
INSERT INTO "words"."words" (id, word, syllables, frequency, category) VALUES (2141, 'grillo', 2, 0.0000282, NULL);
INSERT INTO "words"."words_lists" (word_id, list_id) VALUES (2141, '41b89275-24b8-42cd-a55d-89a19c527dd2');
INSERT INTO "words"."words" (id, word, syllables, frequency, category) VALUES (2142, 'mese', 2, 0.000209, NULL);
INSERT INTO "words"."words_lists" (word_id, list_id) VALUES (2142, '41b89275-24b8-42cd-a55d-89a19c527dd2');
INSERT INTO "words"."words" (id, word, syllables, frequency, category) VALUES (2143, 'destro', 2, 0.000024, NULL);
INSERT INTO "words"."words_lists" (word_id, list_id) VALUES (2143, '41b89275-24b8-42cd-a55d-89a19c527dd2');
INSERT INTO "words"."words" (id, word, syllables, frequency, category) VALUES (2144, 'gruppo', 2, 0.000372, NULL);
INSERT INTO "words"."words_lists" (word_id, list_id) VALUES (2144, '41b89275-24b8-42cd-a55d-89a19c527dd2');
INSERT INTO "words"."words" (id, word, syllables, frequency, category) VALUES (2145, 'neve', 2, 0.0000288, NULL);
INSERT INTO "words"."words_lists" (word_id, list_id) VALUES (2145, '41b89275-24b8-42cd-a55d-89a19c527dd2');
INSERT INTO "words"."words" (id, word, syllables, frequency, category) VALUES (2146, 'niente', 2, 0.000437, NULL);
INSERT INTO "words"."words_lists" (word_id, list_id) VALUES (2146, '41b89275-24b8-42cd-a55d-89a19c527dd2');
INSERT INTO "words"."words" (id, word, syllables, frequency, category) VALUES (2147, 'frequenza', 3, 0.0000251, NULL);
INSERT INTO "words"."words_lists" (word_id, list_id) VALUES (2147, '41b89275-24b8-42cd-a55d-89a19c527dd2');
INSERT INTO "words"."words" (id, word, syllables, frequency, category) VALUES (2148, 'rapina', 3, 0.0000105, NULL);
INSERT INTO "words"."words_lists" (word_id, list_id) VALUES (2148, '41b89275-24b8-42cd-a55d-89a19c527dd2');
INSERT INTO "words"."words" (id, word, syllables, frequency, category) VALUES (2149, 'Vaticano', 3, 0.0000229, NULL);
INSERT INTO "words"."words_lists" (word_id, list_id) VALUES (2149, '41b89275-24b8-42cd-a55d-89a19c527dd2');
INSERT INTO "words"."words" (id, word, syllables, frequency, category) VALUES (2150, 'visione', 3, 0.0000661, NULL);
INSERT INTO "words"."words_lists" (word_id, list_id) VALUES (2150, '41b89275-24b8-42cd-a55d-89a19c527dd2');
INSERT INTO "words"."words" (id, word, syllables, frequency, category) VALUES (2151, 'verità', 3, 0.000145, NULL);
INSERT INTO "words"."words_lists" (word_id, list_id) VALUES (2151, '41b89275-24b8-42cd-a55d-89a19c527dd2');
INSERT INTO "words"."words" (id, word, syllables, frequency, category) VALUES (2152, 'trattare', 3, 0.0000251, NULL);
INSERT INTO "words"."words_lists" (word_id, list_id) VALUES (2152, '41b89275-24b8-42cd-a55d-89a19c527dd2');
INSERT INTO "words"."words" (id, word, syllables, frequency, category) VALUES (2153, 'togliere', 3, 0.0000316, NULL);
INSERT INTO "words"."words_lists" (word_id, list_id) VALUES (2153, '41b89275-24b8-42cd-a55d-89a19c527dd2');
INSERT INTO "words"."words" (id, word, syllables, frequency, category) VALUES (2154, 'orgoglio', 3, 0.0000229, NULL);
INSERT INTO "words"."words_lists" (word_id, list_id) VALUES (2154, '41b89275-24b8-42cd-a55d-89a19c527dd2');
INSERT INTO "words"."words" (id, word, syllables, frequency, category) VALUES (2155, 'uguale', 3, 0.0000407, NULL);
INSERT INTO "words"."words_lists" (word_id, list_id) VALUES (2155, '41b89275-24b8-42cd-a55d-89a19c527dd2');
INSERT INTO "words"."words" (id, word, syllables, frequency, category) VALUES (2156, 'costoso', 3, 0.0000105, NULL);
INSERT INTO "words"."words_lists" (word_id, list_id) VALUES (2156, '41b89275-24b8-42cd-a55d-89a19c527dd2');
INSERT INTO "words"."words" (id, word, syllables, frequency, category) VALUES (2157, 'solare', 3, 0.0000263, NULL);
INSERT INTO "words"."words_lists" (word_id, list_id) VALUES (2157, '41b89275-24b8-42cd-a55d-89a19c527dd2');
INSERT INTO "words"."words" (id, word, syllables, frequency, category) VALUES (2158, 'tacere', 3, 0.0000126, NULL);
INSERT INTO "words"."words_lists" (word_id, list_id) VALUES (2158, '41b89275-24b8-42cd-a55d-89a19c527dd2');
INSERT INTO "words"."words" (id, word, syllables, frequency, category) VALUES (2159, 'rendersi', 3, 0.0000115, NULL);
INSERT INTO "words"."words_lists" (word_id, list_id) VALUES (2159, '41b89275-24b8-42cd-a55d-89a19c527dd2');
INSERT INTO "words"."words" (id, word, syllables, frequency, category) VALUES (2160, 'servire', 3, 0.0000251, NULL);
INSERT INTO "words"."words_lists" (word_id, list_id) VALUES (2160, '41b89275-24b8-42cd-a55d-89a19c527dd2');
INSERT INTO "words"."words" (id, word, syllables, frequency, category) VALUES (2161, 'cantina', 3, 0.00001, NULL);
INSERT INTO "words"."words_lists" (word_id, list_id) VALUES (2161, '41b89275-24b8-42cd-a55d-89a19c527dd2');
INSERT INTO "words"."words" (id, word, syllables, frequency, category) VALUES (2162, 'composta', 3, 0.0000288, NULL);
INSERT INTO "words"."words_lists" (word_id, list_id) VALUES (2162, '41b89275-24b8-42cd-a55d-89a19c527dd2');
INSERT INTO "words"."words" (id, word, syllables, frequency, category) VALUES (2163, 'versione', 3, 0.000126, NULL);
INSERT INTO "words"."words_lists" (word_id, list_id) VALUES (2163, '41b89275-24b8-42cd-a55d-89a19c527dd2');
INSERT INTO "words"."words" (id, word, syllables, frequency, category) VALUES (2164, 'celebre', 3, 0.0000251, NULL);
INSERT INTO "words"."words_lists" (word_id, list_id) VALUES (2164, '41b89275-24b8-42cd-a55d-89a19c527dd2');
INSERT INTO "words"."words" (id, word, syllables, frequency, category) VALUES (2165, 'amico', 3, 0.00017, NULL);
INSERT INTO "words"."words_lists" (word_id, list_id) VALUES (2165, '41b89275-24b8-42cd-a55d-89a19c527dd2');
INSERT INTO "words"."words" (id, word, syllables, frequency, category) VALUES (2166, 'morire', 3, 0.0000955, NULL);
INSERT INTO "words"."words_lists" (word_id, list_id) VALUES (2166, '41b89275-24b8-42cd-a55d-89a19c527dd2');
INSERT INTO "words"."words" (id, word, syllables, frequency, category) VALUES (2167, 'riserva', 3, 0.0000347, NULL);
INSERT INTO "words"."words_lists" (word_id, list_id) VALUES (2167, '41b89275-24b8-42cd-a55d-89a19c527dd2');
INSERT INTO "words"."words" (id, word, syllables, frequency, category) VALUES (2168, 'escluso', 3, 0.0000148, NULL);
INSERT INTO "words"."words_lists" (word_id, list_id) VALUES (2168, '41b89275-24b8-42cd-a55d-89a19c527dd2');
INSERT INTO "words"."words" (id, word, syllables, frequency, category) VALUES (2169, 'estremo', 3, 0.0000151, NULL);
INSERT INTO "words"."words_lists" (word_id, list_id) VALUES (2169, '41b89275-24b8-42cd-a55d-89a19c527dd2');
INSERT INTO "words"."words" (id, word, syllables, frequency, category) VALUES (2170, 'rifiuto', 3, 0.0000263, NULL);
INSERT INTO "words"."words_lists" (word_id, list_id) VALUES (2170, '41b89275-24b8-42cd-a55d-89a19c527dd2');
INSERT INTO "words"."words" (id, word, syllables, frequency, category) VALUES (2171, 'esperto', 3, 0.0000324, NULL);
INSERT INTO "words"."words_lists" (word_id, list_id) VALUES (2171, '41b89275-24b8-42cd-a55d-89a19c527dd2');
INSERT INTO "words"."words" (id, word, syllables, frequency, category) VALUES (2172, 'portato', 3, 0.000126, NULL);
INSERT INTO "words"."words_lists" (word_id, list_id) VALUES (2172, '41b89275-24b8-42cd-a55d-89a19c527dd2');
INSERT INTO "words"."words" (id, word, syllables, frequency, category) VALUES (2173, 'felice', 3, 0.000135, NULL);
INSERT INTO "words"."words_lists" (word_id, list_id) VALUES (2173, '41b89275-24b8-42cd-a55d-89a19c527dd2');
INSERT INTO "words"."words" (id, word, syllables, frequency, category) VALUES (2174, 'concilio', 3, 0.0000107, NULL);
INSERT INTO "words"."words_lists" (word_id, list_id) VALUES (2174, '41b89275-24b8-42cd-a55d-89a19c527dd2');
INSERT INTO "words"."words" (id, word, syllables, frequency, category) VALUES (2175, 'consorzio', 3, 0.0000115, NULL);
INSERT INTO "words"."words_lists" (word_id, list_id) VALUES (2175, '41b89275-24b8-42cd-a55d-89a19c527dd2');
INSERT INTO "words"."words" (id, word, syllables, frequency, category) VALUES (2176, 'profitto', 3, 0.0000174, NULL);
INSERT INTO "words"."words_lists" (word_id, list_id) VALUES (2176, '41b89275-24b8-42cd-a55d-89a19c527dd2');
INSERT INTO "words"."words" (id, word, syllables, frequency, category) VALUES (2177, 'conserva', 3, 0.0000129, NULL);
INSERT INTO "words"."words_lists" (word_id, list_id) VALUES (2177, '41b89275-24b8-42cd-a55d-89a19c527dd2');
INSERT INTO "words"."words" (id, word, syllables, frequency, category) VALUES (2178, 'pregare', 3, 0.000011, NULL);
INSERT INTO "words"."words_lists" (word_id, list_id) VALUES (2178, '41b89275-24b8-42cd-a55d-89a19c527dd2');
INSERT INTO "words"."words" (id, word, syllables, frequency, category) VALUES (2179, 'trentino', 3, 0.0000141, NULL);
INSERT INTO "words"."words_lists" (word_id, list_id) VALUES (2179, '41b89275-24b8-42cd-a55d-89a19c527dd2');
INSERT INTO "words"."words" (id, word, syllables, frequency, category) VALUES (2180, 'vertice', 3, 0.0000126, NULL);
INSERT INTO "words"."words_lists" (word_id, list_id) VALUES (2180, '41b89275-24b8-42cd-a55d-89a19c527dd2');
INSERT INTO "words"."words" (id, word, syllables, frequency, category) VALUES (2181, 'attore', 3, 0.0000302, NULL);
INSERT INTO "words"."words_lists" (word_id, list_id) VALUES (2181, '41b89275-24b8-42cd-a55d-89a19c527dd2');
INSERT INTO "words"."words" (id, word, syllables, frequency, category) VALUES (2182, 'giudiziario', 4, 0.0000132, NULL);
INSERT INTO "words"."words_lists" (word_id, list_id) VALUES (2182, '41b89275-24b8-42cd-a55d-89a19c527dd2');
INSERT INTO "words"."words" (id, word, syllables, frequency, category) VALUES (2183, 'proseguire', 4, 0.0000155, NULL);
INSERT INTO "words"."words_lists" (word_id, list_id) VALUES (2183, '41b89275-24b8-42cd-a55d-89a19c527dd2');
INSERT INTO "words"."words" (id, word, syllables, frequency, category) VALUES (2184, 'pianoforte', 4, 0.0000102, NULL);
INSERT INTO "words"."words_lists" (word_id, list_id) VALUES (2184, '41b89275-24b8-42cd-a55d-89a19c527dd2');
INSERT INTO "words"."words" (id, word, syllables, frequency, category) VALUES (2185, 'possibile', 4, 0.000331, NULL);
INSERT INTO "words"."words_lists" (word_id, list_id) VALUES (2185, '41b89275-24b8-42cd-a55d-89a19c527dd2');
INSERT INTO "words"."words" (id, word, syllables, frequency, category) VALUES (2186, 'radicale', 4, 0.0000195, NULL);
INSERT INTO "words"."words_lists" (word_id, list_id) VALUES (2186, '41b89275-24b8-42cd-a55d-89a19c527dd2');
INSERT INTO "words"."words" (id, word, syllables, frequency, category) VALUES (2187, 'distinzione', 4, 0.0000126, NULL);
INSERT INTO "words"."words_lists" (word_id, list_id) VALUES (2187, '41b89275-24b8-42cd-a55d-89a19c527dd2');
INSERT INTO "words"."words" (id, word, syllables, frequency, category) VALUES (2188, 'ora', 4, 0.00105, NULL);
INSERT INTO "words"."words_lists" (word_id, list_id) VALUES (2188, '41b89275-24b8-42cd-a55d-89a19c527dd2');
INSERT INTO "words"."words" (id, word, syllables, frequency, category) VALUES (2189, 'tribunale', 4, 0.0000724, NULL);
INSERT INTO "words"."words_lists" (word_id, list_id) VALUES (2189, '41b89275-24b8-42cd-a55d-89a19c527dd2');
INSERT INTO "words"."words" (id, word, syllables, frequency, category) VALUES (2190, 'programmazione', 5, 0.0000275, NULL);
INSERT INTO "words"."words_lists" (word_id, list_id) VALUES (2190, '41b89275-24b8-42cd-a55d-89a19c527dd2');
INSERT INTO "words"."words" (id, word, syllables, frequency, category) VALUES (2191, 'esercitare', 5, 0.0000145, NULL);
INSERT INTO "words"."words_lists" (word_id, list_id) VALUES (2191, '41b89275-24b8-42cd-a55d-89a19c527dd2');
INSERT INTO "words"."words" (id, word, syllables, frequency, category) VALUES (2192, 'popolarità', 5, 0.000012, NULL);
INSERT INTO "words"."words_lists" (word_id, list_id) VALUES (2192, '41b89275-24b8-42cd-a55d-89a19c527dd2');
INSERT INTO "words"."lists" (id, type) VALUES ('efbac63b-d147-41fb-86da-1b6253e37363', 'categorized');
INSERT INTO "words"."words" (id, word, syllables, frequency, category) VALUES (2193, 'truffa', 2, 0.0000135, NULL);
INSERT INTO "words"."words_lists" (word_id, list_id) VALUES (2193, 'efbac63b-d147-41fb-86da-1b6253e37363');
INSERT INTO "words"."words" (id, word, syllables, frequency, category) VALUES (2194, 'arte', 2, 0.000151, NULL);
INSERT INTO "words"."words_lists" (word_id, list_id) VALUES (2194, 'efbac63b-d147-41fb-86da-1b6253e37363');
INSERT INTO "words"."words" (id, word, syllables, frequency, category) VALUES (2195, 'tuo', 2, 0.000537, NULL);
INSERT INTO "words"."words_lists" (word_id, list_id) VALUES (2195, 'efbac63b-d147-41fb-86da-1b6253e37363');
INSERT INTO "words"."words" (id, word, syllables, frequency, category) VALUES (2196, 'somma', 2, 0.0000288, NULL);
INSERT INTO "words"."words_lists" (word_id, list_id) VALUES (2196, 'efbac63b-d147-41fb-86da-1b6253e37363');
INSERT INTO "words"."words" (id, word, syllables, frequency, category) VALUES (2197, 'ritmo', 2, 0.0000214, NULL);
INSERT INTO "words"."words_lists" (word_id, list_id) VALUES (2197, 'efbac63b-d147-41fb-86da-1b6253e37363');
INSERT INTO "words"."words" (id, word, syllables, frequency, category) VALUES (2198, 'chiaro', 2, 0.000123, NULL);
INSERT INTO "words"."words_lists" (word_id, list_id) VALUES (2198, 'efbac63b-d147-41fb-86da-1b6253e37363');
INSERT INTO "words"."words" (id, word, syllables, frequency, category) VALUES (2199, 'cielo', 2, 0.0001, NULL);
INSERT INTO "words"."words_lists" (word_id, list_id) VALUES (2199, 'efbac63b-d147-41fb-86da-1b6253e37363');
INSERT INTO "words"."words" (id, word, syllables, frequency, category) VALUES (2200, 'triste', 2, 0.0000575, NULL);
INSERT INTO "words"."words_lists" (word_id, list_id) VALUES (2200, 'efbac63b-d147-41fb-86da-1b6253e37363');
INSERT INTO "words"."words" (id, word, syllables, frequency, category) VALUES (2201, 'parte', 2, 0.00151, NULL);
INSERT INTO "words"."words_lists" (word_id, list_id) VALUES (2201, 'efbac63b-d147-41fb-86da-1b6253e37363');
INSERT INTO "words"."words" (id, word, syllables, frequency, category) VALUES (2202, 'brutto', 2, 0.0000501, NULL);
INSERT INTO "words"."words_lists" (word_id, list_id) VALUES (2202, 'efbac63b-d147-41fb-86da-1b6253e37363');
INSERT INTO "words"."words" (id, word, syllables, frequency, category) VALUES (2203, 'Pisa', 2, 0.0000324, NULL);
INSERT INTO "words"."words_lists" (word_id, list_id) VALUES (2203, 'efbac63b-d147-41fb-86da-1b6253e37363');
INSERT INTO "words"."words" (id, word, syllables, frequency, category) VALUES (2204, 'rotta', 2, 0.0000251, NULL);
INSERT INTO "words"."words_lists" (word_id, list_id) VALUES (2204, 'efbac63b-d147-41fb-86da-1b6253e37363');
INSERT INTO "words"."words" (id, word, syllables, frequency, category) VALUES (2205, 'manco', 2, 0.0000355, NULL);
INSERT INTO "words"."words_lists" (word_id, list_id) VALUES (2205, 'efbac63b-d147-41fb-86da-1b6253e37363');
INSERT INTO "words"."words" (id, word, syllables, frequency, category) VALUES (2206, 'terme', 2, 0.000012, NULL);
INSERT INTO "words"."words_lists" (word_id, list_id) VALUES (2206, 'efbac63b-d147-41fb-86da-1b6253e37363');
INSERT INTO "words"."words" (id, word, syllables, frequency, category) VALUES (2207, 'festa', 2, 0.00012, NULL);
INSERT INTO "words"."words_lists" (word_id, list_id) VALUES (2207, 'efbac63b-d147-41fb-86da-1b6253e37363');
INSERT INTO "words"."words" (id, word, syllables, frequency, category) VALUES (2208, 'giunto', 2, 0.0000204, NULL);
INSERT INTO "words"."words_lists" (word_id, list_id) VALUES (2208, 'efbac63b-d147-41fb-86da-1b6253e37363');
INSERT INTO "words"."words" (id, word, syllables, frequency, category) VALUES (2209, 'febbre', 2, 0.0000195, NULL);
INSERT INTO "words"."words_lists" (word_id, list_id) VALUES (2209, 'efbac63b-d147-41fb-86da-1b6253e37363');
INSERT INTO "words"."words" (id, word, syllables, frequency, category) VALUES (2210, 'feci', 2, 0.0000117, NULL);
INSERT INTO "words"."words_lists" (word_id, list_id) VALUES (2210, 'efbac63b-d147-41fb-86da-1b6253e37363');
INSERT INTO "words"."words" (id, word, syllables, frequency, category) VALUES (2211, 'braccio', 2, 0.0000447, NULL);
INSERT INTO "words"."words_lists" (word_id, list_id) VALUES (2211, 'efbac63b-d147-41fb-86da-1b6253e37363');
INSERT INTO "words"."words" (id, word, syllables, frequency, category) VALUES (2212, 'acido', 3, 0.0000204, NULL);
INSERT INTO "words"."words_lists" (word_id, list_id) VALUES (2212, 'efbac63b-d147-41fb-86da-1b6253e37363');
INSERT INTO "words"."words" (id, word, syllables, frequency, category) VALUES (2213, 'corretto', 3, 0.0000302, NULL);
INSERT INTO "words"."words_lists" (word_id, list_id) VALUES (2213, 'efbac63b-d147-41fb-86da-1b6253e37363');
INSERT INTO "words"."words" (id, word, syllables, frequency, category) VALUES (2214, 'chiamato', 3, 0.000102, NULL);
INSERT INTO "words"."words_lists" (word_id, list_id) VALUES (2214, 'efbac63b-d147-41fb-86da-1b6253e37363');
INSERT INTO "words"."words" (id, word, syllables, frequency, category) VALUES (2215, 'intorno', 3, 0.000112, NULL);
INSERT INTO "words"."words_lists" (word_id, list_id) VALUES (2215, 'efbac63b-d147-41fb-86da-1b6253e37363');
INSERT INTO "words"."words" (id, word, syllables, frequency, category) VALUES (2216, 'amore', 3, 0.000219, NULL);
INSERT INTO "words"."words_lists" (word_id, list_id) VALUES (2216, 'efbac63b-d147-41fb-86da-1b6253e37363');
INSERT INTO "words"."words" (id, word, syllables, frequency, category) VALUES (2217, 'mettersi', 3, 0.0000257, NULL);
INSERT INTO "words"."words_lists" (word_id, list_id) VALUES (2217, 'efbac63b-d147-41fb-86da-1b6253e37363');
INSERT INTO "words"."words" (id, word, syllables, frequency, category) VALUES (2218, 'scoperto', 3, 0.0001, NULL);
INSERT INTO "words"."words_lists" (word_id, list_id) VALUES (2218, 'efbac63b-d147-41fb-86da-1b6253e37363');
INSERT INTO "words"."words" (id, word, syllables, frequency, category) VALUES (2219, 'tranquillo', 3, 0.0000417, NULL);
INSERT INTO "words"."words_lists" (word_id, list_id) VALUES (2219, 'efbac63b-d147-41fb-86da-1b6253e37363');
INSERT INTO "words"."words" (id, word, syllables, frequency, category) VALUES (2220, 'Novara', 3, 0.0000107, NULL);
INSERT INTO "words"."words_lists" (word_id, list_id) VALUES (2220, 'efbac63b-d147-41fb-86da-1b6253e37363');
INSERT INTO "words"."words" (id, word, syllables, frequency, category) VALUES (2221, 'tesoro', 3, 0.0000501, NULL);
INSERT INTO "words"."words_lists" (word_id, list_id) VALUES (2221, 'efbac63b-d147-41fb-86da-1b6253e37363');
INSERT INTO "words"."words" (id, word, syllables, frequency, category) VALUES (2222, 'profumo', 3, 0.0000191, NULL);
INSERT INTO "words"."words_lists" (word_id, list_id) VALUES (2222, 'efbac63b-d147-41fb-86da-1b6253e37363');
INSERT INTO "words"."words" (id, word, syllables, frequency, category) VALUES (2223, 'sequestro', 3, 0.0000135, NULL);
INSERT INTO "words"."words_lists" (word_id, list_id) VALUES (2223, 'efbac63b-d147-41fb-86da-1b6253e37363');
INSERT INTO "words"."words" (id, word, syllables, frequency, category) VALUES (2224, 'sostegno', 3, 0.000055, NULL);
INSERT INTO "words"."words_lists" (word_id, list_id) VALUES (2224, 'efbac63b-d147-41fb-86da-1b6253e37363');
INSERT INTO "words"."words" (id, word, syllables, frequency, category) VALUES (2225, 'formaggio', 3, 0.0000186, NULL);
INSERT INTO "words"."words_lists" (word_id, list_id) VALUES (2225, 'efbac63b-d147-41fb-86da-1b6253e37363');
INSERT INTO "words"."words" (id, word, syllables, frequency, category) VALUES (2226, 'puntata', 3, 0.0000427, NULL);
INSERT INTO "words"."words_lists" (word_id, list_id) VALUES (2226, 'efbac63b-d147-41fb-86da-1b6253e37363');
INSERT INTO "words"."words" (id, word, syllables, frequency, category) VALUES (2227, 'stasera', 3, 0.0000794, NULL);
INSERT INTO "words"."words_lists" (word_id, list_id) VALUES (2227, 'efbac63b-d147-41fb-86da-1b6253e37363');
INSERT INTO "words"."words" (id, word, syllables, frequency, category) VALUES (2228, 'frequente', 3, 0.0000126, NULL);
INSERT INTO "words"."words_lists" (word_id, list_id) VALUES (2228, 'efbac63b-d147-41fb-86da-1b6253e37363');
INSERT INTO "words"."words" (id, word, syllables, frequency, category) VALUES (2229, 'servizio', 3, 0.000224, NULL);
INSERT INTO "words"."words_lists" (word_id, list_id) VALUES (2229, 'efbac63b-d147-41fb-86da-1b6253e37363');
INSERT INTO "words"."words" (id, word, syllables, frequency, category) VALUES (2230, 'venuta', 3, 0.0000324, NULL);
INSERT INTO "words"."words_lists" (word_id, list_id) VALUES (2230, 'efbac63b-d147-41fb-86da-1b6253e37363');
INSERT INTO "words"."words" (id, word, syllables, frequency, category) VALUES (2231, 'tramite', 3, 0.000138, NULL);
INSERT INTO "words"."words_lists" (word_id, list_id) VALUES (2231, 'efbac63b-d147-41fb-86da-1b6253e37363');
INSERT INTO "words"."words" (id, word, syllables, frequency, category) VALUES (2232, 'insieme', 3, 0.000417, NULL);
INSERT INTO "words"."words_lists" (word_id, list_id) VALUES (2232, 'efbac63b-d147-41fb-86da-1b6253e37363');
INSERT INTO "words"."words" (id, word, syllables, frequency, category) VALUES (2233, 'maestà', 3, 0.000011, NULL);
INSERT INTO "words"."words_lists" (word_id, list_id) VALUES (2233, 'efbac63b-d147-41fb-86da-1b6253e37363');
INSERT INTO "words"."words" (id, word, syllables, frequency, category) VALUES (2234, 'pesante', 3, 0.0000324, NULL);
INSERT INTO "words"."words_lists" (word_id, list_id) VALUES (2234, 'efbac63b-d147-41fb-86da-1b6253e37363');
INSERT INTO "words"."words" (id, word, syllables, frequency, category) VALUES (2235, 'destino', 3, 0.0000407, NULL);
INSERT INTO "words"."words_lists" (word_id, list_id) VALUES (2235, 'efbac63b-d147-41fb-86da-1b6253e37363');
INSERT INTO "words"."words" (id, word, syllables, frequency, category) VALUES (2236, 'augusto', 3, 0.0000129, NULL);
INSERT INTO "words"."words_lists" (word_id, list_id) VALUES (2236, 'efbac63b-d147-41fb-86da-1b6253e37363');
INSERT INTO "words"."words" (id, word, syllables, frequency, category) VALUES (2237, 'unità', 3, 0.0000794, NULL);
INSERT INTO "words"."words_lists" (word_id, list_id) VALUES (2237, 'efbac63b-d147-41fb-86da-1b6253e37363');
INSERT INTO "words"."words" (id, word, syllables, frequency, category) VALUES (2238, 'cadere', 3, 0.0000372, NULL);
INSERT INTO "words"."words_lists" (word_id, list_id) VALUES (2238, 'efbac63b-d147-41fb-86da-1b6253e37363');
INSERT INTO "words"."words" (id, word, syllables, frequency, category) VALUES (2239, 'portare', 3, 0.000123, NULL);
INSERT INTO "words"."words_lists" (word_id, list_id) VALUES (2239, 'efbac63b-d147-41fb-86da-1b6253e37363');
INSERT INTO "words"."words" (id, word, syllables, frequency, category) VALUES (2240, 'piacere', 3, 0.000123, NULL);
INSERT INTO "words"."words_lists" (word_id, list_id) VALUES (2240, 'efbac63b-d147-41fb-86da-1b6253e37363');
INSERT INTO "words"."words" (id, word, syllables, frequency, category) VALUES (2241, 'depressione', 4, 0.00002, NULL);
INSERT INTO "words"."words_lists" (word_id, list_id) VALUES (2241, 'efbac63b-d147-41fb-86da-1b6253e37363');
INSERT INTO "words"."words" (id, word, syllables, frequency, category) VALUES (2242, 'previsione', 4, 0.0000138, NULL);
INSERT INTO "words"."words_lists" (word_id, list_id) VALUES (2242, 'efbac63b-d147-41fb-86da-1b6253e37363');
INSERT INTO "words"."words" (id, word, syllables, frequency, category) VALUES (2243, 'titolare', 4, 0.0000347, NULL);
INSERT INTO "words"."words_lists" (word_id, list_id) VALUES (2243, 'efbac63b-d147-41fb-86da-1b6253e37363');
INSERT INTO "words"."words" (id, word, syllables, frequency, category) VALUES (2244, 'infantile', 4, 0.0000117, NULL);
INSERT INTO "words"."words_lists" (word_id, list_id) VALUES (2244, 'efbac63b-d147-41fb-86da-1b6253e37363');
INSERT INTO "words"."words" (id, word, syllables, frequency, category) VALUES (2245, 'preparato', 4, 0.0000251, NULL);
INSERT INTO "words"."words_lists" (word_id, list_id) VALUES (2245, 'efbac63b-d147-41fb-86da-1b6253e37363');
INSERT INTO "words"."words" (id, word, syllables, frequency, category) VALUES (2246, 'magazzino', 4, 0.0000141, NULL);
INSERT INTO "words"."words_lists" (word_id, list_id) VALUES (2246, 'efbac63b-d147-41fb-86da-1b6253e37363');
INSERT INTO "words"."words" (id, word, syllables, frequency, category) VALUES (2247, 'novecento', 4, 0.0000105, NULL);
INSERT INTO "words"."words_lists" (word_id, list_id) VALUES (2247, 'efbac63b-d147-41fb-86da-1b6253e37363');
INSERT INTO "words"."words" (id, word, syllables, frequency, category) VALUES (2248, 'proposito', 4, 0.0000832, NULL);
INSERT INTO "words"."words_lists" (word_id, list_id) VALUES (2248, 'efbac63b-d147-41fb-86da-1b6253e37363');
INSERT INTO "words"."words" (id, word, syllables, frequency, category) VALUES (2249, 'ristorante', 4, 0.0000457, NULL);
INSERT INTO "words"."words_lists" (word_id, list_id) VALUES (2249, 'efbac63b-d147-41fb-86da-1b6253e37363');
INSERT INTO "words"."words" (id, word, syllables, frequency, category) VALUES (2250, 'preparare', 4, 0.0000269, NULL);
INSERT INTO "words"."words_lists" (word_id, list_id) VALUES (2250, 'efbac63b-d147-41fb-86da-1b6253e37363');
INSERT INTO "words"."words" (id, word, syllables, frequency, category) VALUES (2251, 'eredità', 4, 0.0000186, NULL);
INSERT INTO "words"."words_lists" (word_id, list_id) VALUES (2251, 'efbac63b-d147-41fb-86da-1b6253e37363');
INSERT INTO "words"."words" (id, word, syllables, frequency, category) VALUES (2252, 'permanente', 4, 0.0000224, NULL);
INSERT INTO "words"."words_lists" (word_id, list_id) VALUES (2252, 'efbac63b-d147-41fb-86da-1b6253e37363');
INSERT INTO "words"."words" (id, word, syllables, frequency, category) VALUES (2253, 'cominciare', 4, 0.0000355, NULL);
INSERT INTO "words"."words_lists" (word_id, list_id) VALUES (2253, 'efbac63b-d147-41fb-86da-1b6253e37363');
INSERT INTO "words"."words" (id, word, syllables, frequency, category) VALUES (2254, 'positiva', 4, 0.0000282, NULL);
INSERT INTO "words"."words_lists" (word_id, list_id) VALUES (2254, 'efbac63b-d147-41fb-86da-1b6253e37363');
INSERT INTO "words"."words" (id, word, syllables, frequency, category) VALUES (2255, 'differenza', 4, 0.000112, NULL);
INSERT INTO "words"."words_lists" (word_id, list_id) VALUES (2255, 'efbac63b-d147-41fb-86da-1b6253e37363');
INSERT INTO "words"."words" (id, word, syllables, frequency, category) VALUES (2256, 'femminile', 4, 0.0000661, NULL);
INSERT INTO "words"."words_lists" (word_id, list_id) VALUES (2256, 'efbac63b-d147-41fb-86da-1b6253e37363');
INSERT INTO "words"."lists" (id, type) VALUES ('7419db10-749c-498b-a2be-172910d71603', 'categorized');
INSERT INTO "words"."words" (id, word, syllables, frequency, category) VALUES (2257, 'lago', 2, 0.0000437, NULL);
INSERT INTO "words"."words_lists" (word_id, list_id) VALUES (2257, '7419db10-749c-498b-a2be-172910d71603');
INSERT INTO "words"."words" (id, word, syllables, frequency, category) VALUES (2258, 'salve', 2, 0.0000182, NULL);
INSERT INTO "words"."words_lists" (word_id, list_id) VALUES (2258, '7419db10-749c-498b-a2be-172910d71603');
INSERT INTO "words"."words" (id, word, syllables, frequency, category) VALUES (2259, 'presso', 2, 0.000234, NULL);
INSERT INTO "words"."words_lists" (word_id, list_id) VALUES (2259, '7419db10-749c-498b-a2be-172910d71603');
INSERT INTO "words"."words" (id, word, syllables, frequency, category) VALUES (2260, 'campo', 2, 0.000224, NULL);
INSERT INTO "words"."words_lists" (word_id, list_id) VALUES (2260, '7419db10-749c-498b-a2be-172910d71603');
INSERT INTO "words"."words" (id, word, syllables, frequency, category) VALUES (2261, 'nastro', 2, 0.0000145, NULL);
INSERT INTO "words"."words_lists" (word_id, list_id) VALUES (2261, '7419db10-749c-498b-a2be-172910d71603');
INSERT INTO "words"."words" (id, word, syllables, frequency, category) VALUES (2262, 'Marte', 2, 0.0000141, NULL);
INSERT INTO "words"."words_lists" (word_id, list_id) VALUES (2262, '7419db10-749c-498b-a2be-172910d71603');
INSERT INTO "words"."words" (id, word, syllables, frequency, category) VALUES (2263, 'pronto', 2, 0.0000776, NULL);
INSERT INTO "words"."words_lists" (word_id, list_id) VALUES (2263, '7419db10-749c-498b-a2be-172910d71603');
INSERT INTO "words"."words" (id, word, syllables, frequency, category) VALUES (2264, 'sacco', 2, 0.0000933, NULL);
INSERT INTO "words"."words_lists" (word_id, list_id) VALUES (2264, '7419db10-749c-498b-a2be-172910d71603');
INSERT INTO "words"."words" (id, word, syllables, frequency, category) VALUES (2265, 'era', 2, 0.00178, NULL);
INSERT INTO "words"."words_lists" (word_id, list_id) VALUES (2265, '7419db10-749c-498b-a2be-172910d71603');
INSERT INTO "words"."words" (id, word, syllables, frequency, category) VALUES (2266, 'grido', 2, 0.0000115, NULL);
INSERT INTO "words"."words_lists" (word_id, list_id) VALUES (2266, '7419db10-749c-498b-a2be-172910d71603');
INSERT INTO "words"."words" (id, word, syllables, frequency, category) VALUES (2267, 'retta', 2, 0.0000186, NULL);
INSERT INTO "words"."words_lists" (word_id, list_id) VALUES (2267, '7419db10-749c-498b-a2be-172910d71603');
INSERT INTO "words"."words" (id, word, syllables, frequency, category) VALUES (2268, 'volante', 3, 0.0000148, NULL);
INSERT INTO "words"."words_lists" (word_id, list_id) VALUES (2268, '7419db10-749c-498b-a2be-172910d71603');
INSERT INTO "words"."words" (id, word, syllables, frequency, category) VALUES (2269, 'tornare', 3, 0.00012, NULL);
INSERT INTO "words"."words_lists" (word_id, list_id) VALUES (2269, '7419db10-749c-498b-a2be-172910d71603');
INSERT INTO "words"."words" (id, word, syllables, frequency, category) VALUES (2270, 'esterno', 3, 0.0000355, NULL);
INSERT INTO "words"."words_lists" (word_id, list_id) VALUES (2270, '7419db10-749c-498b-a2be-172910d71603');
INSERT INTO "words"."words" (id, word, syllables, frequency, category) VALUES (2271, 'caduta', 3, 0.0000468, NULL);
INSERT INTO "words"."words_lists" (word_id, list_id) VALUES (2271, '7419db10-749c-498b-a2be-172910d71603');
INSERT INTO "words"."words" (id, word, syllables, frequency, category) VALUES (2272, 'gelato', 3, 0.0000166, NULL);
INSERT INTO "words"."words_lists" (word_id, list_id) VALUES (2272, '7419db10-749c-498b-a2be-172910d71603');
INSERT INTO "words"."words" (id, word, syllables, frequency, category) VALUES (2273, 'paziente', 3, 0.0000372, NULL);
INSERT INTO "words"."words_lists" (word_id, list_id) VALUES (2273, '7419db10-749c-498b-a2be-172910d71603');
INSERT INTO "words"."words" (id, word, syllables, frequency, category) VALUES (2274, 'novità', 3, 0.0000468, NULL);
INSERT INTO "words"."words_lists" (word_id, list_id) VALUES (2274, '7419db10-749c-498b-a2be-172910d71603');
INSERT INTO "words"."words" (id, word, syllables, frequency, category) VALUES (2275, 'saltare', 3, 0.0000214, NULL);
INSERT INTO "words"."words_lists" (word_id, list_id) VALUES (2275, '7419db10-749c-498b-a2be-172910d71603');
INSERT INTO "words"."words" (id, word, syllables, frequency, category) VALUES (2276, 'concorso', 3, 0.0000724, NULL);
INSERT INTO "words"."words_lists" (word_id, list_id) VALUES (2276, '7419db10-749c-498b-a2be-172910d71603');
INSERT INTO "words"."words" (id, word, syllables, frequency, category) VALUES (2277, 'maschera', 3, 0.0000219, NULL);
INSERT INTO "words"."words_lists" (word_id, list_id) VALUES (2277, '7419db10-749c-498b-a2be-172910d71603');
INSERT INTO "words"."words" (id, word, syllables, frequency, category) VALUES (2278, 'bloccare', 3, 0.0000178, NULL);
INSERT INTO "words"."words_lists" (word_id, list_id) VALUES (2278, '7419db10-749c-498b-a2be-172910d71603');
INSERT INTO "words"."words" (id, word, syllables, frequency, category) VALUES (2279, 'udienza', 3, 0.0000126, NULL);
INSERT INTO "words"."words_lists" (word_id, list_id) VALUES (2279, '7419db10-749c-498b-a2be-172910d71603');
INSERT INTO "words"."words" (id, word, syllables, frequency, category) VALUES (2280, 'escluso', 3, 0.0000148, NULL);
INSERT INTO "words"."words_lists" (word_id, list_id) VALUES (2280, '7419db10-749c-498b-a2be-172910d71603');
INSERT INTO "words"."words" (id, word, syllables, frequency, category) VALUES (2281, 'maestà', 3, 0.000011, NULL);
INSERT INTO "words"."words_lists" (word_id, list_id) VALUES (2281, '7419db10-749c-498b-a2be-172910d71603');
INSERT INTO "words"."words" (id, word, syllables, frequency, category) VALUES (2282, 'scandalo', 3, 0.0000219, NULL);
INSERT INTO "words"."words_lists" (word_id, list_id) VALUES (2282, '7419db10-749c-498b-a2be-172910d71603');
INSERT INTO "words"."words" (id, word, syllables, frequency, category) VALUES (2283, 'tranquillo', 3, 0.0000417, NULL);
INSERT INTO "words"."words_lists" (word_id, list_id) VALUES (2283, '7419db10-749c-498b-a2be-172910d71603');
INSERT INTO "words"."words" (id, word, syllables, frequency, category) VALUES (2284, 'creato', 3, 0.0000759, NULL);
INSERT INTO "words"."words_lists" (word_id, list_id) VALUES (2284, '7419db10-749c-498b-a2be-172910d71603');
INSERT INTO "words"."words" (id, word, syllables, frequency, category) VALUES (2285, 'preghiera', 3, 0.0000234, NULL);
INSERT INTO "words"."words_lists" (word_id, list_id) VALUES (2285, '7419db10-749c-498b-a2be-172910d71603');
INSERT INTO "words"."words" (id, word, syllables, frequency, category) VALUES (2286, 'controllo', 3, 0.000174, NULL);
INSERT INTO "words"."words_lists" (word_id, list_id) VALUES (2286, '7419db10-749c-498b-a2be-172910d71603');
INSERT INTO "words"."words" (id, word, syllables, frequency, category) VALUES (2287, 'convinto', 3, 0.0000389, NULL);
INSERT INTO "words"."words_lists" (word_id, list_id) VALUES (2287, '7419db10-749c-498b-a2be-172910d71603');
INSERT INTO "words"."words" (id, word, syllables, frequency, category) VALUES (2288, 'dipinto', 3, 0.0000182, NULL);
INSERT INTO "words"."words_lists" (word_id, list_id) VALUES (2288, '7419db10-749c-498b-a2be-172910d71603');
INSERT INTO "words"."words" (id, word, syllables, frequency, category) VALUES (2289, 'fisica', 3, 0.0000708, NULL);
INSERT INTO "words"."words_lists" (word_id, list_id) VALUES (2289, '7419db10-749c-498b-a2be-172910d71603');
INSERT INTO "words"."words" (id, word, syllables, frequency, category) VALUES (2290, 'tagliare', 3, 0.0000214, NULL);
INSERT INTO "words"."words_lists" (word_id, list_id) VALUES (2290, '7419db10-749c-498b-a2be-172910d71603');
INSERT INTO "words"."words" (id, word, syllables, frequency, category) VALUES (2291, 'unità', 3, 0.0000794, NULL);
INSERT INTO "words"."words_lists" (word_id, list_id) VALUES (2291, '7419db10-749c-498b-a2be-172910d71603');
INSERT INTO "words"."words" (id, word, syllables, frequency, category) VALUES (2292, 'numero', 3, 0.00038, NULL);
INSERT INTO "words"."words_lists" (word_id, list_id) VALUES (2292, '7419db10-749c-498b-a2be-172910d71603');
INSERT INTO "words"."words" (id, word, syllables, frequency, category) VALUES (2293, 'volontà', 3, 0.0000631, NULL);
INSERT INTO "words"."words_lists" (word_id, list_id) VALUES (2293, '7419db10-749c-498b-a2be-172910d71603');
INSERT INTO "words"."words" (id, word, syllables, frequency, category) VALUES (2294, 'materia', 3, 0.0000741, NULL);
INSERT INTO "words"."words_lists" (word_id, list_id) VALUES (2294, '7419db10-749c-498b-a2be-172910d71603');
INSERT INTO "words"."words" (id, word, syllables, frequency, category) VALUES (2295, 'giuria', 3, 0.0000145, NULL);
INSERT INTO "words"."words_lists" (word_id, list_id) VALUES (2295, '7419db10-749c-498b-a2be-172910d71603');
INSERT INTO "words"."words" (id, word, syllables, frequency, category) VALUES (2296, 'fascino', 3, 0.0000145, NULL);
INSERT INTO "words"."words_lists" (word_id, list_id) VALUES (2296, '7419db10-749c-498b-a2be-172910d71603');
INSERT INTO "words"."words" (id, word, syllables, frequency, category) VALUES (2297, 'successo', 3, 0.000275, NULL);
INSERT INTO "words"."words_lists" (word_id, list_id) VALUES (2297, '7419db10-749c-498b-a2be-172910d71603');
INSERT INTO "words"."words" (id, word, syllables, frequency, category) VALUES (2298, 'chiedere', 3, 0.00011, NULL);
INSERT INTO "words"."words_lists" (word_id, list_id) VALUES (2298, '7419db10-749c-498b-a2be-172910d71603');
INSERT INTO "words"."words" (id, word, syllables, frequency, category) VALUES (2299, 'vitale', 3, 0.0000158, NULL);
INSERT INTO "words"."words_lists" (word_id, list_id) VALUES (2299, '7419db10-749c-498b-a2be-172910d71603');
INSERT INTO "words"."words" (id, word, syllables, frequency, category) VALUES (2300, 'eccessivo', 4, 0.0000112, NULL);
INSERT INTO "words"."words_lists" (word_id, list_id) VALUES (2300, '7419db10-749c-498b-a2be-172910d71603');
INSERT INTO "words"."words" (id, word, syllables, frequency, category) VALUES (2301, 'candidato', 4, 0.000038, NULL);
INSERT INTO "words"."words_lists" (word_id, list_id) VALUES (2301, '7419db10-749c-498b-a2be-172910d71603');
INSERT INTO "words"."words" (id, word, syllables, frequency, category) VALUES (2302, 'calciatore', 4, 0.0000126, NULL);
INSERT INTO "words"."words_lists" (word_id, list_id) VALUES (2302, '7419db10-749c-498b-a2be-172910d71603');
INSERT INTO "words"."words" (id, word, syllables, frequency, category) VALUES (2303, 'deposito', 4, 0.0000219, NULL);
INSERT INTO "words"."words_lists" (word_id, list_id) VALUES (2303, '7419db10-749c-498b-a2be-172910d71603');
INSERT INTO "words"."words" (id, word, syllables, frequency, category) VALUES (2304, 'costruzione', 4, 0.0000912, NULL);
INSERT INTO "words"."words_lists" (word_id, list_id) VALUES (2304, '7419db10-749c-498b-a2be-172910d71603');
INSERT INTO "words"."words" (id, word, syllables, frequency, category) VALUES (2305, 'indagare', 4, 0.0000135, NULL);
INSERT INTO "words"."words_lists" (word_id, list_id) VALUES (2305, '7419db10-749c-498b-a2be-172910d71603');
INSERT INTO "words"."words" (id, word, syllables, frequency, category) VALUES (2306, 'argentina', 4, 0.0000269, NULL);
INSERT INTO "words"."words_lists" (word_id, list_id) VALUES (2306, '7419db10-749c-498b-a2be-172910d71603');
INSERT INTO "words"."words" (id, word, syllables, frequency, category) VALUES (2307, 'impedire', 4, 0.0000282, NULL);
INSERT INTO "words"."words_lists" (word_id, list_id) VALUES (2307, '7419db10-749c-498b-a2be-172910d71603');
INSERT INTO "words"."words" (id, word, syllables, frequency, category) VALUES (2308, 'edilizia', 4, 0.0000126, NULL);
INSERT INTO "words"."words_lists" (word_id, list_id) VALUES (2308, '7419db10-749c-498b-a2be-172910d71603');
INSERT INTO "words"."words" (id, word, syllables, frequency, category) VALUES (2309, 'annuale', 4, 0.0000251, NULL);
INSERT INTO "words"."words_lists" (word_id, list_id) VALUES (2309, '7419db10-749c-498b-a2be-172910d71603');
INSERT INTO "words"."words" (id, word, syllables, frequency, category) VALUES (2310, 'esilio', 4, 0.0000102, NULL);
INSERT INTO "words"."words_lists" (word_id, list_id) VALUES (2310, '7419db10-749c-498b-a2be-172910d71603');
INSERT INTO "words"."words" (id, word, syllables, frequency, category) VALUES (2311, 'investire', 4, 0.0000178, NULL);
INSERT INTO "words"."words_lists" (word_id, list_id) VALUES (2311, '7419db10-749c-498b-a2be-172910d71603');
INSERT INTO "words"."words" (id, word, syllables, frequency, category) VALUES (2312, 'occidente', 4, 0.0000195, NULL);
INSERT INTO "words"."words_lists" (word_id, list_id) VALUES (2312, '7419db10-749c-498b-a2be-172910d71603');
INSERT INTO "words"."words" (id, word, syllables, frequency, category) VALUES (2313, 'esperienza', 4, 0.000155, NULL);
INSERT INTO "words"."words_lists" (word_id, list_id) VALUES (2313, '7419db10-749c-498b-a2be-172910d71603');
INSERT INTO "words"."words" (id, word, syllables, frequency, category) VALUES (2314, 'segretario', 4, 0.0000513, NULL);
INSERT INTO "words"."words_lists" (word_id, list_id) VALUES (2314, '7419db10-749c-498b-a2be-172910d71603');
INSERT INTO "words"."words" (id, word, syllables, frequency, category) VALUES (2315, 'proposito', 4, 0.0000832, NULL);
INSERT INTO "words"."words_lists" (word_id, list_id) VALUES (2315, '7419db10-749c-498b-a2be-172910d71603');
INSERT INTO "words"."words" (id, word, syllables, frequency, category) VALUES (2316, 'suicidio', 4, 0.0000257, NULL);
INSERT INTO "words"."words_lists" (word_id, list_id) VALUES (2316, '7419db10-749c-498b-a2be-172910d71603');
INSERT INTO "words"."words" (id, word, syllables, frequency, category) VALUES (2317, 'dipendente', 4, 0.0000229, NULL);
INSERT INTO "words"."words_lists" (word_id, list_id) VALUES (2317, '7419db10-749c-498b-a2be-172910d71603');
INSERT INTO "words"."words" (id, word, syllables, frequency, category) VALUES (2318, 'divertimento', 5, 0.0000195, NULL);
INSERT INTO "words"."words_lists" (word_id, list_id) VALUES (2318, '7419db10-749c-498b-a2be-172910d71603');
INSERT INTO "words"."words" (id, word, syllables, frequency, category) VALUES (2319, 'abbonamento', 5, 0.0000112, NULL);
INSERT INTO "words"."words_lists" (word_id, list_id) VALUES (2319, '7419db10-749c-498b-a2be-172910d71603');
INSERT INTO "words"."words" (id, word, syllables, frequency, category) VALUES (2320, 'carabinieri', 5, 0.0000316, NULL);
INSERT INTO "words"."words_lists" (word_id, list_id) VALUES (2320, '7419db10-749c-498b-a2be-172910d71603');
INSERT INTO "words"."lists" (id, type) VALUES ('32a42b33-738f-43d6-be82-a92ea9994e27', 'categorized');
INSERT INTO "words"."words" (id, word, syllables, frequency, category) VALUES (2321, 'bontà', 2, 0.0000105, NULL);
INSERT INTO "words"."words_lists" (word_id, list_id) VALUES (2321, '32a42b33-738f-43d6-be82-a92ea9994e27');
INSERT INTO "words"."words" (id, word, syllables, frequency, category) VALUES (2322, 'ala', 2, 0.0000117, NULL);
INSERT INTO "words"."words_lists" (word_id, list_id) VALUES (2322, '32a42b33-738f-43d6-be82-a92ea9994e27');
INSERT INTO "words"."words" (id, word, syllables, frequency, category) VALUES (2323, 'veste', 2, 0.0000191, NULL);
INSERT INTO "words"."words_lists" (word_id, list_id) VALUES (2323, '32a42b33-738f-43d6-be82-a92ea9994e27');
INSERT INTO "words"."words" (id, word, syllables, frequency, category) VALUES (2324, 'fuga', 2, 0.0000437, NULL);
INSERT INTO "words"."words_lists" (word_id, list_id) VALUES (2324, '32a42b33-738f-43d6-be82-a92ea9994e27');
INSERT INTO "words"."words" (id, word, syllables, frequency, category) VALUES (2325, 'mese', 2, 0.000209, NULL);
INSERT INTO "words"."words_lists" (word_id, list_id) VALUES (2325, '32a42b33-738f-43d6-be82-a92ea9994e27');
INSERT INTO "words"."words" (id, word, syllables, frequency, category) VALUES (2326, 'sforzo', 2, 0.0000288, NULL);
INSERT INTO "words"."words_lists" (word_id, list_id) VALUES (2326, '32a42b33-738f-43d6-be82-a92ea9994e27');
INSERT INTO "words"."words" (id, word, syllables, frequency, category) VALUES (2327, 'pino', 2, 0.0000107, NULL);
INSERT INTO "words"."words_lists" (word_id, list_id) VALUES (2327, '32a42b33-738f-43d6-be82-a92ea9994e27');
INSERT INTO "words"."words" (id, word, syllables, frequency, category) VALUES (2328, 'figlio', 2, 0.000224, NULL);
INSERT INTO "words"."words_lists" (word_id, list_id) VALUES (2328, '32a42b33-738f-43d6-be82-a92ea9994e27');
INSERT INTO "words"."words" (id, word, syllables, frequency, category) VALUES (2329, 'truffa', 2, 0.0000135, NULL);
INSERT INTO "words"."words_lists" (word_id, list_id) VALUES (2329, '32a42b33-738f-43d6-be82-a92ea9994e27');
INSERT INTO "words"."words" (id, word, syllables, frequency, category) VALUES (2330, 'motto', 2, 0.0000105, NULL);
INSERT INTO "words"."words_lists" (word_id, list_id) VALUES (2330, '32a42b33-738f-43d6-be82-a92ea9994e27');
INSERT INTO "words"."words" (id, word, syllables, frequency, category) VALUES (2331, 'mago', 2, 0.0000107, NULL);
INSERT INTO "words"."words_lists" (word_id, list_id) VALUES (2331, '32a42b33-738f-43d6-be82-a92ea9994e27');
INSERT INTO "words"."words" (id, word, syllables, frequency, category) VALUES (2332, 'ponte', 2, 0.0000603, NULL);
INSERT INTO "words"."words_lists" (word_id, list_id) VALUES (2332, '32a42b33-738f-43d6-be82-a92ea9994e27');
INSERT INTO "words"."words" (id, word, syllables, frequency, category) VALUES (2333, 'forma', 2, 0.000229, NULL);
INSERT INTO "words"."words_lists" (word_id, list_id) VALUES (2333, '32a42b33-738f-43d6-be82-a92ea9994e27');
INSERT INTO "words"."words" (id, word, syllables, frequency, category) VALUES (2334, 'vero', 2, 0.000447, NULL);
INSERT INTO "words"."words_lists" (word_id, list_id) VALUES (2334, '32a42b33-738f-43d6-be82-a92ea9994e27');
INSERT INTO "words"."words" (id, word, syllables, frequency, category) VALUES (2335, 'presto', 2, 0.000145, NULL);
INSERT INTO "words"."words_lists" (word_id, list_id) VALUES (2335, '32a42b33-738f-43d6-be82-a92ea9994e27');
INSERT INTO "words"."words" (id, word, syllables, frequency, category) VALUES (2336, 'forno', 2, 0.0000182, NULL);
INSERT INTO "words"."words_lists" (word_id, list_id) VALUES (2336, '32a42b33-738f-43d6-be82-a92ea9994e27');
INSERT INTO "words"."words" (id, word, syllables, frequency, category) VALUES (2337, 'Monti', 2, 0.0000372, NULL);
INSERT INTO "words"."words_lists" (word_id, list_id) VALUES (2337, '32a42b33-738f-43d6-be82-a92ea9994e27');
INSERT INTO "words"."words" (id, word, syllables, frequency, category) VALUES (2338, 'nato', 2, 0.0001, NULL);
INSERT INTO "words"."words_lists" (word_id, list_id) VALUES (2338, '32a42b33-738f-43d6-be82-a92ea9994e27');
INSERT INTO "words"."words" (id, word, syllables, frequency, category) VALUES (2339, 'sorta', 2, 0.0000537, NULL);
INSERT INTO "words"."words_lists" (word_id, list_id) VALUES (2339, '32a42b33-738f-43d6-be82-a92ea9994e27');
INSERT INTO "words"."words" (id, word, syllables, frequency, category) VALUES (2340, 'crudele', 3, 0.0000126, NULL);
INSERT INTO "words"."words_lists" (word_id, list_id) VALUES (2340, '32a42b33-738f-43d6-be82-a92ea9994e27');
INSERT INTO "words"."words" (id, word, syllables, frequency, category) VALUES (2341, 'mattino', 3, 0.0000389, NULL);
INSERT INTO "words"."words_lists" (word_id, list_id) VALUES (2341, '32a42b33-738f-43d6-be82-a92ea9994e27');
INSERT INTO "words"."words" (id, word, syllables, frequency, category) VALUES (2342, 'cedere', 3, 0.000012, NULL);
INSERT INTO "words"."words_lists" (word_id, list_id) VALUES (2342, '32a42b33-738f-43d6-be82-a92ea9994e27');
INSERT INTO "words"."words" (id, word, syllables, frequency, category) VALUES (2343, 'adesso', 3, 0.000324, NULL);
INSERT INTO "words"."words_lists" (word_id, list_id) VALUES (2343, '32a42b33-738f-43d6-be82-a92ea9994e27');
INSERT INTO "words"."words" (id, word, syllables, frequency, category) VALUES (2344, 'divino', 3, 0.0000105, NULL);
INSERT INTO "words"."words_lists" (word_id, list_id) VALUES (2344, '32a42b33-738f-43d6-be82-a92ea9994e27');
INSERT INTO "words"."words" (id, word, syllables, frequency, category) VALUES (2345, 'regola', 3, 0.0000513, NULL);
INSERT INTO "words"."words_lists" (word_id, list_id) VALUES (2345, '32a42b33-738f-43d6-be82-a92ea9994e27');
INSERT INTO "words"."words" (id, word, syllables, frequency, category) VALUES (2346, 'lanciare', 3, 0.000017, NULL);
INSERT INTO "words"."words_lists" (word_id, list_id) VALUES (2346, '32a42b33-738f-43d6-be82-a92ea9994e27');
INSERT INTO "words"."words" (id, word, syllables, frequency, category) VALUES (2347, 'estratto', 3, 0.0000224, NULL);
INSERT INTO "words"."words_lists" (word_id, list_id) VALUES (2347, '32a42b33-738f-43d6-be82-a92ea9994e27');
INSERT INTO "words"."words" (id, word, syllables, frequency, category) VALUES (2348, 'finanza', 3, 0.0000269, NULL);
INSERT INTO "words"."words_lists" (word_id, list_id) VALUES (2348, '32a42b33-738f-43d6-be82-a92ea9994e27');
INSERT INTO "words"."words" (id, word, syllables, frequency, category) VALUES (2349, 'rilascio', 3, 0.0000174, NULL);
INSERT INTO "words"."words_lists" (word_id, list_id) VALUES (2349, '32a42b33-738f-43d6-be82-a92ea9994e27');
INSERT INTO "words"."words" (id, word, syllables, frequency, category) VALUES (2350, 'pensare', 3, 0.000186, NULL);
INSERT INTO "words"."words_lists" (word_id, list_id) VALUES (2350, '32a42b33-738f-43d6-be82-a92ea9994e27');
INSERT INTO "words"."words" (id, word, syllables, frequency, category) VALUES (2351, 'speranza', 3, 0.0000832, NULL);
INSERT INTO "words"."words_lists" (word_id, list_id) VALUES (2351, '32a42b33-738f-43d6-be82-a92ea9994e27');
INSERT INTO "words"."words" (id, word, syllables, frequency, category) VALUES (2352, 'assunto', 3, 0.0000339, NULL);
INSERT INTO "words"."words_lists" (word_id, list_id) VALUES (2352, '32a42b33-738f-43d6-be82-a92ea9994e27');
INSERT INTO "words"."words" (id, word, syllables, frequency, category) VALUES (2353, 'opposto', 3, 0.0000234, NULL);
INSERT INTO "words"."words_lists" (word_id, list_id) VALUES (2353, '32a42b33-738f-43d6-be82-a92ea9994e27');
INSERT INTO "words"."words" (id, word, syllables, frequency, category) VALUES (2354, 'costante', 3, 0.0000468, NULL);
INSERT INTO "words"."words_lists" (word_id, list_id) VALUES (2354, '32a42b33-738f-43d6-be82-a92ea9994e27');
INSERT INTO "words"."words" (id, word, syllables, frequency, category) VALUES (2355, 'campana', 3, 0.0000102, NULL);
INSERT INTO "words"."words_lists" (word_id, list_id) VALUES (2355, '32a42b33-738f-43d6-be82-a92ea9994e27');
INSERT INTO "words"."words" (id, word, syllables, frequency, category) VALUES (2356, 'deluso', 3, 0.0000141, NULL);
INSERT INTO "words"."words_lists" (word_id, list_id) VALUES (2356, '32a42b33-738f-43d6-be82-a92ea9994e27');
INSERT INTO "words"."words" (id, word, syllables, frequency, category) VALUES (2357, 'sparire', 3, 0.000012, NULL);
INSERT INTO "words"."words_lists" (word_id, list_id) VALUES (2357, '32a42b33-738f-43d6-be82-a92ea9994e27');
INSERT INTO "words"."words" (id, word, syllables, frequency, category) VALUES (2358, 'legale', 3, 0.0000692, NULL);
INSERT INTO "words"."words_lists" (word_id, list_id) VALUES (2358, '32a42b33-738f-43d6-be82-a92ea9994e27');
INSERT INTO "words"."words" (id, word, syllables, frequency, category) VALUES (2359, 'udienza', 3, 0.0000126, NULL);
INSERT INTO "words"."words_lists" (word_id, list_id) VALUES (2359, '32a42b33-738f-43d6-be82-a92ea9994e27');
INSERT INTO "words"."words" (id, word, syllables, frequency, category) VALUES (2360, 'faccenda', 3, 0.0000148, NULL);
INSERT INTO "words"."words_lists" (word_id, list_id) VALUES (2360, '32a42b33-738f-43d6-be82-a92ea9994e27');
INSERT INTO "words"."words" (id, word, syllables, frequency, category) VALUES (2361, 'famoso', 3, 0.0000513, NULL);
INSERT INTO "words"."words_lists" (word_id, list_id) VALUES (2361, '32a42b33-738f-43d6-be82-a92ea9994e27');
INSERT INTO "words"."words" (id, word, syllables, frequency, category) VALUES (2362, 'estero', 3, 0.0000158, NULL);
INSERT INTO "words"."words_lists" (word_id, list_id) VALUES (2362, '32a42b33-738f-43d6-be82-a92ea9994e27');
INSERT INTO "words"."words" (id, word, syllables, frequency, category) VALUES (2363, 'onesto', 3, 0.0000141, NULL);
INSERT INTO "words"."words_lists" (word_id, list_id) VALUES (2363, '32a42b33-738f-43d6-be82-a92ea9994e27');
INSERT INTO "words"."words" (id, word, syllables, frequency, category) VALUES (2364, 'perdita', 3, 0.0000589, NULL);
INSERT INTO "words"."words_lists" (word_id, list_id) VALUES (2364, '32a42b33-738f-43d6-be82-a92ea9994e27');
INSERT INTO "words"."words" (id, word, syllables, frequency, category) VALUES (2365, 'Vienna', 3, 0.0000191, NULL);
INSERT INTO "words"."words_lists" (word_id, list_id) VALUES (2365, '32a42b33-738f-43d6-be82-a92ea9994e27');
INSERT INTO "words"."words" (id, word, syllables, frequency, category) VALUES (2366, 'terrestre', 3, 0.0000115, NULL);
INSERT INTO "words"."words_lists" (word_id, list_id) VALUES (2366, '32a42b33-738f-43d6-be82-a92ea9994e27');
INSERT INTO "words"."words" (id, word, syllables, frequency, category) VALUES (2367, 'invidia', 3, 0.0000107, NULL);
INSERT INTO "words"."words_lists" (word_id, list_id) VALUES (2367, '32a42b33-738f-43d6-be82-a92ea9994e27');
INSERT INTO "words"."words" (id, word, syllables, frequency, category) VALUES (2368, 'fisico', 3, 0.0000437, NULL);
INSERT INTO "words"."words_lists" (word_id, list_id) VALUES (2368, '32a42b33-738f-43d6-be82-a92ea9994e27');
INSERT INTO "words"."words" (id, word, syllables, frequency, category) VALUES (2369, 'palestra', 3, 0.0000245, NULL);
INSERT INTO "words"."words_lists" (word_id, list_id) VALUES (2369, '32a42b33-738f-43d6-be82-a92ea9994e27');
INSERT INTO "words"."words" (id, word, syllables, frequency, category) VALUES (2370, 'intenso', 3, 0.0000141, NULL);
INSERT INTO "words"."words_lists" (word_id, list_id) VALUES (2370, '32a42b33-738f-43d6-be82-a92ea9994e27');
INSERT INTO "words"."words" (id, word, syllables, frequency, category) VALUES (2371, 'unire', 3, 0.0000112, NULL);
INSERT INTO "words"."words_lists" (word_id, list_id) VALUES (2371, '32a42b33-738f-43d6-be82-a92ea9994e27');
INSERT INTO "words"."words" (id, word, syllables, frequency, category) VALUES (2372, 'pallone', 3, 0.0000126, NULL);
INSERT INTO "words"."words_lists" (word_id, list_id) VALUES (2372, '32a42b33-738f-43d6-be82-a92ea9994e27');
INSERT INTO "words"."words" (id, word, syllables, frequency, category) VALUES (2373, 'assunta', 3, 0.00001, NULL);
INSERT INTO "words"."words_lists" (word_id, list_id) VALUES (2373, '32a42b33-738f-43d6-be82-a92ea9994e27');
INSERT INTO "words"."words" (id, word, syllables, frequency, category) VALUES (2374, 'ferito', 3, 0.000024, NULL);
INSERT INTO "words"."words_lists" (word_id, list_id) VALUES (2374, '32a42b33-738f-43d6-be82-a92ea9994e27');
INSERT INTO "words"."words" (id, word, syllables, frequency, category) VALUES (2375, 'formato', 3, 0.0000525, NULL);
INSERT INTO "words"."words_lists" (word_id, list_id) VALUES (2375, '32a42b33-738f-43d6-be82-a92ea9994e27');
INSERT INTO "words"."words" (id, word, syllables, frequency, category) VALUES (2376, 'ritratto', 3, 0.0000245, NULL);
INSERT INTO "words"."words_lists" (word_id, list_id) VALUES (2376, '32a42b33-738f-43d6-be82-a92ea9994e27');
INSERT INTO "words"."words" (id, word, syllables, frequency, category) VALUES (2377, 'vangelo', 3, 0.0000138, NULL);
INSERT INTO "words"."words_lists" (word_id, list_id) VALUES (2377, '32a42b33-738f-43d6-be82-a92ea9994e27');
INSERT INTO "words"."words" (id, word, syllables, frequency, category) VALUES (2378, 'arabo', 3, 0.0000162, NULL);
INSERT INTO "words"."words_lists" (word_id, list_id) VALUES (2378, '32a42b33-738f-43d6-be82-a92ea9994e27');
INSERT INTO "words"."words" (id, word, syllables, frequency, category) VALUES (2379, 'lasciare', 3, 0.0000933, NULL);
INSERT INTO "words"."words_lists" (word_id, list_id) VALUES (2379, '32a42b33-738f-43d6-be82-a92ea9994e27');
INSERT INTO "words"."words" (id, word, syllables, frequency, category) VALUES (2380, 'operare', 4, 0.0000178, NULL);
INSERT INTO "words"."words_lists" (word_id, list_id) VALUES (2380, '32a42b33-738f-43d6-be82-a92ea9994e27');
INSERT INTO "words"."words" (id, word, syllables, frequency, category) VALUES (2381, 'traduzione', 4, 0.0000631, NULL);
INSERT INTO "words"."words_lists" (word_id, list_id) VALUES (2381, '32a42b33-738f-43d6-be82-a92ea9994e27');
INSERT INTO "words"."words" (id, word, syllables, frequency, category) VALUES (2382, 'tradimento', 4, 0.0000162, NULL);
INSERT INTO "words"."words_lists" (word_id, list_id) VALUES (2382, '32a42b33-738f-43d6-be82-a92ea9994e27');
INSERT INTO "words"."words" (id, word, syllables, frequency, category) VALUES (2383, 'anteriore', 4, 0.0000182, NULL);
INSERT INTO "words"."words_lists" (word_id, list_id) VALUES (2383, '32a42b33-738f-43d6-be82-a92ea9994e27');
INSERT INTO "words"."words" (id, word, syllables, frequency, category) VALUES (2384, 'alimentari', 5, 0.0000191, NULL);
INSERT INTO "words"."words_lists" (word_id, list_id) VALUES (2384, '32a42b33-738f-43d6-be82-a92ea9994e27');
INSERT INTO "words"."lists" (id, type) VALUES ('b357198e-29ef-411b-bfee-fde2c81fb64f', 'categorized');
INSERT INTO "words"."words" (id, word, syllables, frequency, category) VALUES (2385, 'tela', 2, 0.0000155, NULL);
INSERT INTO "words"."words_lists" (word_id, list_id) VALUES (2385, 'b357198e-29ef-411b-bfee-fde2c81fb64f');
INSERT INTO "words"."words" (id, word, syllables, frequency, category) VALUES (2386, 'frase', 2, 0.0000537, NULL);
INSERT INTO "words"."words_lists" (word_id, list_id) VALUES (2386, 'b357198e-29ef-411b-bfee-fde2c81fb64f');
INSERT INTO "words"."words" (id, word, syllables, frequency, category) VALUES (2387, 'pausa', 2, 0.0000316, NULL);
INSERT INTO "words"."words_lists" (word_id, list_id) VALUES (2387, 'b357198e-29ef-411b-bfee-fde2c81fb64f');
INSERT INTO "words"."words" (id, word, syllables, frequency, category) VALUES (2388, 'uso', 2, 0.000209, NULL);
INSERT INTO "words"."words_lists" (word_id, list_id) VALUES (2388, 'b357198e-29ef-411b-bfee-fde2c81fb64f');
INSERT INTO "words"."words" (id, word, syllables, frequency, category) VALUES (2389, 'Bari', 2, 0.0000372, NULL);
INSERT INTO "words"."words_lists" (word_id, list_id) VALUES (2389, 'b357198e-29ef-411b-bfee-fde2c81fb64f');
INSERT INTO "words"."words" (id, word, syllables, frequency, category) VALUES (2390, 'massa', 2, 0.0000813, NULL);
INSERT INTO "words"."words_lists" (word_id, list_id) VALUES (2390, 'b357198e-29ef-411b-bfee-fde2c81fb64f');
INSERT INTO "words"."words" (id, word, syllables, frequency, category) VALUES (2391, 'gomma', 2, 0.0000158, NULL);
INSERT INTO "words"."words_lists" (word_id, list_id) VALUES (2391, 'b357198e-29ef-411b-bfee-fde2c81fb64f');
INSERT INTO "words"."words" (id, word, syllables, frequency, category) VALUES (2392, 'riso', 2, 0.0000355, NULL);
INSERT INTO "words"."words_lists" (word_id, list_id) VALUES (2392, 'b357198e-29ef-411b-bfee-fde2c81fb64f');
INSERT INTO "words"."words" (id, word, syllables, frequency, category) VALUES (2393, 'podio', 2, 0.0000107, NULL);
INSERT INTO "words"."words_lists" (word_id, list_id) VALUES (2393, 'b357198e-29ef-411b-bfee-fde2c81fb64f');
INSERT INTO "words"."words" (id, word, syllables, frequency, category) VALUES (2394, 'guardia', 2, 0.0000562, NULL);
INSERT INTO "words"."words_lists" (word_id, list_id) VALUES (2394, 'b357198e-29ef-411b-bfee-fde2c81fb64f');
INSERT INTO "words"."words" (id, word, syllables, frequency, category) VALUES (2395, 'enorme', 3, 0.0000575, NULL);
INSERT INTO "words"."words_lists" (word_id, list_id) VALUES (2395, 'b357198e-29ef-411b-bfee-fde2c81fb64f');
INSERT INTO "words"."words" (id, word, syllables, frequency, category) VALUES (2396, 'partito', 3, 0.000204, NULL);
INSERT INTO "words"."words_lists" (word_id, list_id) VALUES (2396, 'b357198e-29ef-411b-bfee-fde2c81fb64f');
INSERT INTO "words"."words" (id, word, syllables, frequency, category) VALUES (2397, 'disastro', 3, 0.0000275, NULL);
INSERT INTO "words"."words_lists" (word_id, list_id) VALUES (2397, 'b357198e-29ef-411b-bfee-fde2c81fb64f');
INSERT INTO "words"."words" (id, word, syllables, frequency, category) VALUES (2398, 'canzone', 3, 0.0000977, NULL);
INSERT INTO "words"."words_lists" (word_id, list_id) VALUES (2398, 'b357198e-29ef-411b-bfee-fde2c81fb64f');
INSERT INTO "words"."words" (id, word, syllables, frequency, category) VALUES (2399, 'contratto', 3, 0.000112, NULL);
INSERT INTO "words"."words_lists" (word_id, list_id) VALUES (2399, 'b357198e-29ef-411b-bfee-fde2c81fb64f');
INSERT INTO "words"."words" (id, word, syllables, frequency, category) VALUES (2400, 'pittore', 3, 0.0000178, NULL);
INSERT INTO "words"."words_lists" (word_id, list_id) VALUES (2400, 'b357198e-29ef-411b-bfee-fde2c81fb64f');
INSERT INTO "words"."words" (id, word, syllables, frequency, category) VALUES (2401, 'immenso', 3, 0.00001, NULL);
INSERT INTO "words"."words_lists" (word_id, list_id) VALUES (2401, 'b357198e-29ef-411b-bfee-fde2c81fb64f');
INSERT INTO "words"."words" (id, word, syllables, frequency, category) VALUES (2402, 'mondiali', 3, 0.000038, NULL);
INSERT INTO "words"."words_lists" (word_id, list_id) VALUES (2402, 'b357198e-29ef-411b-bfee-fde2c81fb64f');
INSERT INTO "words"."words" (id, word, syllables, frequency, category) VALUES (2403, 'isola', 3, 0.0000661, NULL);
INSERT INTO "words"."words_lists" (word_id, list_id) VALUES (2403, 'b357198e-29ef-411b-bfee-fde2c81fb64f');
INSERT INTO "words"."words" (id, word, syllables, frequency, category) VALUES (2404, 'pagato', 3, 0.0000398, NULL);
INSERT INTO "words"."words_lists" (word_id, list_id) VALUES (2404, 'b357198e-29ef-411b-bfee-fde2c81fb64f');
INSERT INTO "words"."words" (id, word, syllables, frequency, category) VALUES (2405, 'tessuto', 3, 0.0000234, NULL);
INSERT INTO "words"."words_lists" (word_id, list_id) VALUES (2405, 'b357198e-29ef-411b-bfee-fde2c81fb64f');
INSERT INTO "words"."words" (id, word, syllables, frequency, category) VALUES (2406, 'accento', 3, 0.0000141, NULL);
INSERT INTO "words"."words_lists" (word_id, list_id) VALUES (2406, 'b357198e-29ef-411b-bfee-fde2c81fb64f');
INSERT INTO "words"."words" (id, word, syllables, frequency, category) VALUES (2407, 'manuale', 3, 0.0000234, NULL);
INSERT INTO "words"."words_lists" (word_id, list_id) VALUES (2407, 'b357198e-29ef-411b-bfee-fde2c81fb64f');
INSERT INTO "words"."words" (id, word, syllables, frequency, category) VALUES (2408, 'denuncia', 3, 0.0000355, NULL);
INSERT INTO "words"."words_lists" (word_id, list_id) VALUES (2408, 'b357198e-29ef-411b-bfee-fde2c81fb64f');
INSERT INTO "words"."words" (id, word, syllables, frequency, category) VALUES (2409, 'canone', 3, 0.0000141, NULL);
INSERT INTO "words"."words_lists" (word_id, list_id) VALUES (2409, 'b357198e-29ef-411b-bfee-fde2c81fb64f');
INSERT INTO "words"."words" (id, word, syllables, frequency, category) VALUES (2410, 'puntata', 3, 0.0000427, NULL);
INSERT INTO "words"."words_lists" (word_id, list_id) VALUES (2410, 'b357198e-29ef-411b-bfee-fde2c81fb64f');
INSERT INTO "words"."words" (id, word, syllables, frequency, category) VALUES (2411, 'sperare', 3, 0.0000224, NULL);
INSERT INTO "words"."words_lists" (word_id, list_id) VALUES (2411, 'b357198e-29ef-411b-bfee-fde2c81fb64f');
INSERT INTO "words"."words" (id, word, syllables, frequency, category) VALUES (2412, 'rendere', 3, 0.0000759, NULL);
INSERT INTO "words"."words_lists" (word_id, list_id) VALUES (2412, 'b357198e-29ef-411b-bfee-fde2c81fb64f');
INSERT INTO "words"."words" (id, word, syllables, frequency, category) VALUES (2413, 'mentale', 3, 0.0000269, NULL);
INSERT INTO "words"."words_lists" (word_id, list_id) VALUES (2413, 'b357198e-29ef-411b-bfee-fde2c81fb64f');
INSERT INTO "words"."words" (id, word, syllables, frequency, category) VALUES (2414, 'missione', 3, 0.0000661, NULL);
INSERT INTO "words"."words_lists" (word_id, list_id) VALUES (2414, 'b357198e-29ef-411b-bfee-fde2c81fb64f');
INSERT INTO "words"."words" (id, word, syllables, frequency, category) VALUES (2415, 'dotato', 3, 0.0000214, NULL);
INSERT INTO "words"."words_lists" (word_id, list_id) VALUES (2415, 'b357198e-29ef-411b-bfee-fde2c81fb64f');
INSERT INTO "words"."words" (id, word, syllables, frequency, category) VALUES (2416, 'alice', 3, 0.0000195, NULL);
INSERT INTO "words"."words_lists" (word_id, list_id) VALUES (2416, 'b357198e-29ef-411b-bfee-fde2c81fb64f');
INSERT INTO "words"."words" (id, word, syllables, frequency, category) VALUES (2417, 'palazzo', 3, 0.0000871, NULL);
INSERT INTO "words"."words_lists" (word_id, list_id) VALUES (2417, 'b357198e-29ef-411b-bfee-fde2c81fb64f');
INSERT INTO "words"."words" (id, word, syllables, frequency, category) VALUES (2418, 'credere', 3, 0.0000871, NULL);
INSERT INTO "words"."words_lists" (word_id, list_id) VALUES (2418, 'b357198e-29ef-411b-bfee-fde2c81fb64f');
INSERT INTO "words"."words" (id, word, syllables, frequency, category) VALUES (2419, 'organo', 3, 0.0000219, NULL);
INSERT INTO "words"."words_lists" (word_id, list_id) VALUES (2419, 'b357198e-29ef-411b-bfee-fde2c81fb64f');
INSERT INTO "words"."words" (id, word, syllables, frequency, category) VALUES (2420, 'leggero', 3, 0.0000214, NULL);
INSERT INTO "words"."words_lists" (word_id, list_id) VALUES (2420, 'b357198e-29ef-411b-bfee-fde2c81fb64f');
INSERT INTO "words"."words" (id, word, syllables, frequency, category) VALUES (2421, 'Livorno', 3, 0.000017, NULL);
INSERT INTO "words"."words_lists" (word_id, list_id) VALUES (2421, 'b357198e-29ef-411b-bfee-fde2c81fb64f');
INSERT INTO "words"."words" (id, word, syllables, frequency, category) VALUES (2422, 'arrivo', 3, 0.0000871, NULL);
INSERT INTO "words"."words_lists" (word_id, list_id) VALUES (2422, 'b357198e-29ef-411b-bfee-fde2c81fb64f');
INSERT INTO "words"."words" (id, word, syllables, frequency, category) VALUES (2423, 'avvio', 3, 0.000012, NULL);
INSERT INTO "words"."words_lists" (word_id, list_id) VALUES (2423, 'b357198e-29ef-411b-bfee-fde2c81fb64f');
INSERT INTO "words"."words" (id, word, syllables, frequency, category) VALUES (2424, 'togliere', 3, 0.0000316, NULL);
INSERT INTO "words"."words_lists" (word_id, list_id) VALUES (2424, 'b357198e-29ef-411b-bfee-fde2c81fb64f');
INSERT INTO "words"."words" (id, word, syllables, frequency, category) VALUES (2425, 'mostrare', 3, 0.0000295, NULL);
INSERT INTO "words"."words_lists" (word_id, list_id) VALUES (2425, 'b357198e-29ef-411b-bfee-fde2c81fb64f');
INSERT INTO "words"."words" (id, word, syllables, frequency, category) VALUES (2426, 'chiamare', 3, 0.0000468, NULL);
INSERT INTO "words"."words_lists" (word_id, list_id) VALUES (2426, 'b357198e-29ef-411b-bfee-fde2c81fb64f');
INSERT INTO "words"."words" (id, word, syllables, frequency, category) VALUES (2427, 'libertà', 3, 0.000145, NULL);
INSERT INTO "words"."words_lists" (word_id, list_id) VALUES (2427, 'b357198e-29ef-411b-bfee-fde2c81fb64f');
INSERT INTO "words"."words" (id, word, syllables, frequency, category) VALUES (2428, 'protetto', 3, 0.0000138, NULL);
INSERT INTO "words"."words_lists" (word_id, list_id) VALUES (2428, 'b357198e-29ef-411b-bfee-fde2c81fb64f');
INSERT INTO "words"."words" (id, word, syllables, frequency, category) VALUES (2429, 'sequenza', 3, 0.0000123, NULL);
INSERT INTO "words"."words_lists" (word_id, list_id) VALUES (2429, 'b357198e-29ef-411b-bfee-fde2c81fb64f');
INSERT INTO "words"."words" (id, word, syllables, frequency, category) VALUES (2430, 'veloce', 3, 0.0000603, NULL);
INSERT INTO "words"."words_lists" (word_id, list_id) VALUES (2430, 'b357198e-29ef-411b-bfee-fde2c81fb64f');
INSERT INTO "words"."words" (id, word, syllables, frequency, category) VALUES (2431, 'sorveglianza', 4, 0.00002, NULL);
INSERT INTO "words"."words_lists" (word_id, list_id) VALUES (2431, 'b357198e-29ef-411b-bfee-fde2c81fb64f');
INSERT INTO "words"."words" (id, word, syllables, frequency, category) VALUES (2432, 'esclusiva', 4, 0.0000209, NULL);
INSERT INTO "words"."words_lists" (word_id, list_id) VALUES (2432, 'b357198e-29ef-411b-bfee-fde2c81fb64f');
INSERT INTO "words"."words" (id, word, syllables, frequency, category) VALUES (2433, 'prigioniero', 4, 0.0000145, NULL);
INSERT INTO "words"."words_lists" (word_id, list_id) VALUES (2433, 'b357198e-29ef-411b-bfee-fde2c81fb64f');
INSERT INTO "words"."words" (id, word, syllables, frequency, category) VALUES (2434, 'monopolio', 4, 0.00001, NULL);
INSERT INTO "words"."words_lists" (word_id, list_id) VALUES (2434, 'b357198e-29ef-411b-bfee-fde2c81fb64f');
INSERT INTO "words"."words" (id, word, syllables, frequency, category) VALUES (2435, 'ricorrere', 4, 0.0000145, NULL);
INSERT INTO "words"."words_lists" (word_id, list_id) VALUES (2435, 'b357198e-29ef-411b-bfee-fde2c81fb64f');
INSERT INTO "words"."words" (id, word, syllables, frequency, category) VALUES (2436, 'miracolo', 4, 0.0000204, NULL);
INSERT INTO "words"."words_lists" (word_id, list_id) VALUES (2436, 'b357198e-29ef-411b-bfee-fde2c81fb64f');
INSERT INTO "words"."words" (id, word, syllables, frequency, category) VALUES (2437, 'incremento', 4, 0.000017, NULL);
INSERT INTO "words"."words_lists" (word_id, list_id) VALUES (2437, 'b357198e-29ef-411b-bfee-fde2c81fb64f');
INSERT INTO "words"."words" (id, word, syllables, frequency, category) VALUES (2438, 'siciliano', 4, 0.000012, NULL);
INSERT INTO "words"."words_lists" (word_id, list_id) VALUES (2438, 'b357198e-29ef-411b-bfee-fde2c81fb64f');
INSERT INTO "words"."words" (id, word, syllables, frequency, category) VALUES (2439, 'dibattito', 4, 0.0000347, NULL);
INSERT INTO "words"."words_lists" (word_id, list_id) VALUES (2439, 'b357198e-29ef-411b-bfee-fde2c81fb64f');
INSERT INTO "words"."words" (id, word, syllables, frequency, category) VALUES (2440, 'venditore', 4, 0.0000141, NULL);
INSERT INTO "words"."words_lists" (word_id, list_id) VALUES (2440, 'b357198e-29ef-411b-bfee-fde2c81fb64f');
INSERT INTO "words"."words" (id, word, syllables, frequency, category) VALUES (2441, 'letterario', 4, 0.0000162, NULL);
INSERT INTO "words"."words_lists" (word_id, list_id) VALUES (2441, 'b357198e-29ef-411b-bfee-fde2c81fb64f');
INSERT INTO "words"."words" (id, word, syllables, frequency, category) VALUES (2442, 'movimento', 4, 0.000132, NULL);
INSERT INTO "words"."words_lists" (word_id, list_id) VALUES (2442, 'b357198e-29ef-411b-bfee-fde2c81fb64f');
INSERT INTO "words"."words" (id, word, syllables, frequency, category) VALUES (2443, 'dominante', 4, 0.0000135, NULL);
INSERT INTO "words"."words_lists" (word_id, list_id) VALUES (2443, 'b357198e-29ef-411b-bfee-fde2c81fb64f');
INSERT INTO "words"."words" (id, word, syllables, frequency, category) VALUES (2444, 'vicinanza', 4, 0.0000112, NULL);
INSERT INTO "words"."words_lists" (word_id, list_id) VALUES (2444, 'b357198e-29ef-411b-bfee-fde2c81fb64f');
INSERT INTO "words"."words" (id, word, syllables, frequency, category) VALUES (2445, 'federazione', 5, 0.0000224, NULL);
INSERT INTO "words"."words_lists" (word_id, list_id) VALUES (2445, 'b357198e-29ef-411b-bfee-fde2c81fb64f');
INSERT INTO "words"."words" (id, word, syllables, frequency, category) VALUES (2446, 'ambasciatore', 5, 0.0000162, NULL);
INSERT INTO "words"."words_lists" (word_id, list_id) VALUES (2446, 'b357198e-29ef-411b-bfee-fde2c81fb64f');
INSERT INTO "words"."words" (id, word, syllables, frequency, category) VALUES (2447, 'appartenente', 5, 0.0000107, NULL);
INSERT INTO "words"."words_lists" (word_id, list_id) VALUES (2447, 'b357198e-29ef-411b-bfee-fde2c81fb64f');
INSERT INTO "words"."words" (id, word, syllables, frequency, category) VALUES (2448, 'solidarietà', 5, 0.0000331, NULL);
INSERT INTO "words"."words_lists" (word_id, list_id) VALUES (2448, 'b357198e-29ef-411b-bfee-fde2c81fb64f');
INSERT INTO "words"."lists" (id, type) VALUES ('09683039-fbba-4821-907f-1ea4cc610311', 'categorized');
INSERT INTO "words"."words" (id, word, syllables, frequency, category) VALUES (2449, 'punto', 2, 0.000417, NULL);
INSERT INTO "words"."words_lists" (word_id, list_id) VALUES (2449, '09683039-fbba-4821-907f-1ea4cc610311');
INSERT INTO "words"."words" (id, word, syllables, frequency, category) VALUES (2450, 'mostro', 2, 0.00002, NULL);
INSERT INTO "words"."words_lists" (word_id, list_id) VALUES (2450, '09683039-fbba-4821-907f-1ea4cc610311');
INSERT INTO "words"."words" (id, word, syllables, frequency, category) VALUES (2451, 'degno', 2, 0.0000135, NULL);
INSERT INTO "words"."words_lists" (word_id, list_id) VALUES (2451, '09683039-fbba-4821-907f-1ea4cc610311');
INSERT INTO "words"."words" (id, word, syllables, frequency, category) VALUES (2452, 'fare', 2, 0.00141, NULL);
INSERT INTO "words"."words_lists" (word_id, list_id) VALUES (2452, '09683039-fbba-4821-907f-1ea4cc610311');
INSERT INTO "words"."words" (id, word, syllables, frequency, category) VALUES (2453, 'chiaro', 2, 0.000123, NULL);
INSERT INTO "words"."words_lists" (word_id, list_id) VALUES (2453, '09683039-fbba-4821-907f-1ea4cc610311');
INSERT INTO "words"."words" (id, word, syllables, frequency, category) VALUES (2454, 'patto', 2, 0.0000302, NULL);
INSERT INTO "words"."words_lists" (word_id, list_id) VALUES (2454, '09683039-fbba-4821-907f-1ea4cc610311');
INSERT INTO "words"."words" (id, word, syllables, frequency, category) VALUES (2455, 'morto', 2, 0.00011, NULL);
INSERT INTO "words"."words_lists" (word_id, list_id) VALUES (2455, '09683039-fbba-4821-907f-1ea4cc610311');
INSERT INTO "words"."words" (id, word, syllables, frequency, category) VALUES (2456, 'cotta', 2, 0.0000102, NULL);
INSERT INTO "words"."words_lists" (word_id, list_id) VALUES (2456, '09683039-fbba-4821-907f-1ea4cc610311');
INSERT INTO "words"."words" (id, word, syllables, frequency, category) VALUES (2457, 'lavoro', 3, 0.000813, NULL);
INSERT INTO "words"."words_lists" (word_id, list_id) VALUES (2457, '09683039-fbba-4821-907f-1ea4cc610311');
INSERT INTO "words"."words" (id, word, syllables, frequency, category) VALUES (2458, 'distretto', 3, 0.0000417, NULL);
INSERT INTO "words"."words_lists" (word_id, list_id) VALUES (2458, '09683039-fbba-4821-907f-1ea4cc610311');
INSERT INTO "words"."words" (id, word, syllables, frequency, category) VALUES (2459, 'diretta', 3, 0.000107, NULL);
INSERT INTO "words"."words_lists" (word_id, list_id) VALUES (2459, '09683039-fbba-4821-907f-1ea4cc610311');
INSERT INTO "words"."words" (id, word, syllables, frequency, category) VALUES (2460, 'sonora', 3, 0.0000115, NULL);
INSERT INTO "words"."words_lists" (word_id, list_id) VALUES (2460, '09683039-fbba-4821-907f-1ea4cc610311');
INSERT INTO "words"."words" (id, word, syllables, frequency, category) VALUES (2461, 'rendersi', 3, 0.0000115, NULL);
INSERT INTO "words"."words_lists" (word_id, list_id) VALUES (2461, '09683039-fbba-4821-907f-1ea4cc610311');
INSERT INTO "words"."words" (id, word, syllables, frequency, category) VALUES (2462, 'andare', 3, 0.000417, NULL);
INSERT INTO "words"."words_lists" (word_id, list_id) VALUES (2462, '09683039-fbba-4821-907f-1ea4cc610311');
INSERT INTO "words"."words" (id, word, syllables, frequency, category) VALUES (2463, 'sconfitta', 3, 0.0000257, NULL);
INSERT INTO "words"."words_lists" (word_id, list_id) VALUES (2463, '09683039-fbba-4821-907f-1ea4cc610311');
INSERT INTO "words"."words" (id, word, syllables, frequency, category) VALUES (2464, 'addetto', 3, 0.0000129, NULL);
INSERT INTO "words"."words_lists" (word_id, list_id) VALUES (2464, '09683039-fbba-4821-907f-1ea4cc610311');
INSERT INTO "words"."words" (id, word, syllables, frequency, category) VALUES (2465, 'pubblico', 3, 0.000251, NULL);
INSERT INTO "words"."words_lists" (word_id, list_id) VALUES (2465, '09683039-fbba-4821-907f-1ea4cc610311');
INSERT INTO "words"."words" (id, word, syllables, frequency, category) VALUES (2466, 'colombo', 3, 0.0000126, NULL);
INSERT INTO "words"."words_lists" (word_id, list_id) VALUES (2466, '09683039-fbba-4821-907f-1ea4cc610311');
INSERT INTO "words"."words" (id, word, syllables, frequency, category) VALUES (2467, 'esatto', 3, 0.0000427, NULL);
INSERT INTO "words"."words_lists" (word_id, list_id) VALUES (2467, '09683039-fbba-4821-907f-1ea4cc610311');
INSERT INTO "words"."words" (id, word, syllables, frequency, category) VALUES (2468, 'terrestre', 3, 0.0000115, NULL);
INSERT INTO "words"."words_lists" (word_id, list_id) VALUES (2468, '09683039-fbba-4821-907f-1ea4cc610311');
INSERT INTO "words"."words" (id, word, syllables, frequency, category) VALUES (2469, 'debito', 3, 0.000055, NULL);
INSERT INTO "words"."words_lists" (word_id, list_id) VALUES (2469, '09683039-fbba-4821-907f-1ea4cc610311');
INSERT INTO "words"."words" (id, word, syllables, frequency, category) VALUES (2470, 'composta', 3, 0.0000288, NULL);
INSERT INTO "words"."words_lists" (word_id, list_id) VALUES (2470, '09683039-fbba-4821-907f-1ea4cc610311');
INSERT INTO "words"."words" (id, word, syllables, frequency, category) VALUES (2471, 'slogan', 3, 0.0000132, NULL);
INSERT INTO "words"."words_lists" (word_id, list_id) VALUES (2471, '09683039-fbba-4821-907f-1ea4cc610311');
INSERT INTO "words"."words" (id, word, syllables, frequency, category) VALUES (2472, 'pulizia', 3, 0.0000195, NULL);
INSERT INTO "words"."words_lists" (word_id, list_id) VALUES (2472, '09683039-fbba-4821-907f-1ea4cc610311');
INSERT INTO "words"."words" (id, word, syllables, frequency, category) VALUES (2473, 'formare', 3, 0.0000269, NULL);
INSERT INTO "words"."words_lists" (word_id, list_id) VALUES (2473, '09683039-fbba-4821-907f-1ea4cc610311');
INSERT INTO "words"."words" (id, word, syllables, frequency, category) VALUES (2474, 'debole', 3, 0.0000309, NULL);
INSERT INTO "words"."words_lists" (word_id, list_id) VALUES (2474, '09683039-fbba-4821-907f-1ea4cc610311');
INSERT INTO "words"."words" (id, word, syllables, frequency, category) VALUES (2475, 'rispetto', 3, 0.000331, NULL);
INSERT INTO "words"."words_lists" (word_id, list_id) VALUES (2475, '09683039-fbba-4821-907f-1ea4cc610311');
INSERT INTO "words"."words" (id, word, syllables, frequency, category) VALUES (2476, 'togliere', 3, 0.0000316, NULL);
INSERT INTO "words"."words_lists" (word_id, list_id) VALUES (2476, '09683039-fbba-4821-907f-1ea4cc610311');
INSERT INTO "words"."words" (id, word, syllables, frequency, category) VALUES (2477, 'soggetto', 3, 0.0000513, NULL);
INSERT INTO "words"."words_lists" (word_id, list_id) VALUES (2477, '09683039-fbba-4821-907f-1ea4cc610311');
INSERT INTO "words"."words" (id, word, syllables, frequency, category) VALUES (2478, 'fissare', 3, 0.0000112, NULL);
INSERT INTO "words"."words_lists" (word_id, list_id) VALUES (2478, '09683039-fbba-4821-907f-1ea4cc610311');
INSERT INTO "words"."words" (id, word, syllables, frequency, category) VALUES (2479, 'gestione', 3, 0.0000776, NULL);
INSERT INTO "words"."words_lists" (word_id, list_id) VALUES (2479, '09683039-fbba-4821-907f-1ea4cc610311');
INSERT INTO "words"."words" (id, word, syllables, frequency, category) VALUES (2480, 'abbraccio', 3, 0.0000135, NULL);
INSERT INTO "words"."words_lists" (word_id, list_id) VALUES (2480, '09683039-fbba-4821-907f-1ea4cc610311');
INSERT INTO "words"."words" (id, word, syllables, frequency, category) VALUES (2481, 'vestito', 3, 0.0000331, NULL);
INSERT INTO "words"."words_lists" (word_id, list_id) VALUES (2481, '09683039-fbba-4821-907f-1ea4cc610311');
INSERT INTO "words"."words" (id, word, syllables, frequency, category) VALUES (2482, 'soccorso', 3, 0.000038, NULL);
INSERT INTO "words"."words_lists" (word_id, list_id) VALUES (2482, '09683039-fbba-4821-907f-1ea4cc610311');
INSERT INTO "words"."words" (id, word, syllables, frequency, category) VALUES (2483, 'sereno', 3, 0.000011, NULL);
INSERT INTO "words"."words_lists" (word_id, list_id) VALUES (2483, '09683039-fbba-4821-907f-1ea4cc610311');
INSERT INTO "words"."words" (id, word, syllables, frequency, category) VALUES (2484, 'silenzio', 3, 0.0000794, NULL);
INSERT INTO "words"."words_lists" (word_id, list_id) VALUES (2484, '09683039-fbba-4821-907f-1ea4cc610311');
INSERT INTO "words"."words" (id, word, syllables, frequency, category) VALUES (2485, 'seduto', 3, 0.000017, NULL);
INSERT INTO "words"."words_lists" (word_id, list_id) VALUES (2485, '09683039-fbba-4821-907f-1ea4cc610311');
INSERT INTO "words"."words" (id, word, syllables, frequency, category) VALUES (2486, 'estate', 3, 0.0000692, NULL);
INSERT INTO "words"."words_lists" (word_id, list_id) VALUES (2486, '09683039-fbba-4821-907f-1ea4cc610311');
INSERT INTO "words"."words" (id, word, syllables, frequency, category) VALUES (2487, 'bloccato', 3, 0.0000295, NULL);
INSERT INTO "words"."words_lists" (word_id, list_id) VALUES (2487, '09683039-fbba-4821-907f-1ea4cc610311');
INSERT INTO "words"."words" (id, word, syllables, frequency, category) VALUES (2488, 'fegato', 3, 0.0000155, NULL);
INSERT INTO "words"."words_lists" (word_id, list_id) VALUES (2488, '09683039-fbba-4821-907f-1ea4cc610311');
INSERT INTO "words"."words" (id, word, syllables, frequency, category) VALUES (2489, 'follia', 3, 0.0000204, NULL);
INSERT INTO "words"."words_lists" (word_id, list_id) VALUES (2489, '09683039-fbba-4821-907f-1ea4cc610311');
INSERT INTO "words"."words" (id, word, syllables, frequency, category) VALUES (2490, 'proposto', 3, 0.0000372, NULL);
INSERT INTO "words"."words_lists" (word_id, list_id) VALUES (2490, '09683039-fbba-4821-907f-1ea4cc610311');
INSERT INTO "words"."words" (id, word, syllables, frequency, category) VALUES (2491, 'organismo', 4, 0.0000117, NULL);
INSERT INTO "words"."words_lists" (word_id, list_id) VALUES (2491, '09683039-fbba-4821-907f-1ea4cc610311');
INSERT INTO "words"."words" (id, word, syllables, frequency, category) VALUES (2492, 'periodo', 4, 0.000219, NULL);
INSERT INTO "words"."words_lists" (word_id, list_id) VALUES (2492, '09683039-fbba-4821-907f-1ea4cc610311');
INSERT INTO "words"."words" (id, word, syllables, frequency, category) VALUES (2493, 'individuo', 4, 0.00002, NULL);
INSERT INTO "words"."words_lists" (word_id, list_id) VALUES (2493, '09683039-fbba-4821-907f-1ea4cc610311');
INSERT INTO "words"."words" (id, word, syllables, frequency, category) VALUES (2494, 'ironia', 4, 0.0000186, NULL);
INSERT INTO "words"."words_lists" (word_id, list_id) VALUES (2494, '09683039-fbba-4821-907f-1ea4cc610311');
INSERT INTO "words"."words" (id, word, syllables, frequency, category) VALUES (2495, 'atmosfera', 4, 0.00002, NULL);
INSERT INTO "words"."words_lists" (word_id, list_id) VALUES (2495, '09683039-fbba-4821-907f-1ea4cc610311');
INSERT INTO "words"."words" (id, word, syllables, frequency, category) VALUES (2496, 'stabilire', 4, 0.0000269, NULL);
INSERT INTO "words"."words_lists" (word_id, list_id) VALUES (2496, '09683039-fbba-4821-907f-1ea4cc610311');
INSERT INTO "words"."words" (id, word, syllables, frequency, category) VALUES (2497, 'assistente', 4, 0.0000219, NULL);
INSERT INTO "words"."words_lists" (word_id, list_id) VALUES (2497, '09683039-fbba-4821-907f-1ea4cc610311');
INSERT INTO "words"."words" (id, word, syllables, frequency, category) VALUES (2498, 'sentimento', 4, 0.0000269, NULL);
INSERT INTO "words"."words_lists" (word_id, list_id) VALUES (2498, '09683039-fbba-4821-907f-1ea4cc610311');
INSERT INTO "words"."words" (id, word, syllables, frequency, category) VALUES (2499, 'liberare', 4, 0.0000151, NULL);
INSERT INTO "words"."words_lists" (word_id, list_id) VALUES (2499, '09683039-fbba-4821-907f-1ea4cc610311');
INSERT INTO "words"."words" (id, word, syllables, frequency, category) VALUES (2500, 'ragionare', 4, 0.00001, NULL);
INSERT INTO "words"."words_lists" (word_id, list_id) VALUES (2500, '09683039-fbba-4821-907f-1ea4cc610311');
INSERT INTO "words"."words" (id, word, syllables, frequency, category) VALUES (2501, 'armonia', 4, 0.0000129, NULL);
INSERT INTO "words"."words_lists" (word_id, list_id) VALUES (2501, '09683039-fbba-4821-907f-1ea4cc610311');
INSERT INTO "words"."words" (id, word, syllables, frequency, category) VALUES (2502, 'preparato', 4, 0.0000251, NULL);
INSERT INTO "words"."words_lists" (word_id, list_id) VALUES (2502, '09683039-fbba-4821-907f-1ea4cc610311');
INSERT INTO "words"."words" (id, word, syllables, frequency, category) VALUES (2503, 'assistito', 4, 0.0000148, NULL);
INSERT INTO "words"."words_lists" (word_id, list_id) VALUES (2503, '09683039-fbba-4821-907f-1ea4cc610311');
INSERT INTO "words"."words" (id, word, syllables, frequency, category) VALUES (2504, 'fallimento', 4, 0.0000331, NULL);
INSERT INTO "words"."words_lists" (word_id, list_id) VALUES (2504, '09683039-fbba-4821-907f-1ea4cc610311');
INSERT INTO "words"."words" (id, word, syllables, frequency, category) VALUES (2505, 'musicale', 4, 0.0000398, NULL);
INSERT INTO "words"."words_lists" (word_id, list_id) VALUES (2505, '09683039-fbba-4821-907f-1ea4cc610311');
INSERT INTO "words"."words" (id, word, syllables, frequency, category) VALUES (2506, 'alternativa', 5, 0.000038, NULL);
INSERT INTO "words"."words_lists" (word_id, list_id) VALUES (2506, '09683039-fbba-4821-907f-1ea4cc610311');
INSERT INTO "words"."words" (id, word, syllables, frequency, category) VALUES (2507, 'risoluzione', 5, 0.0000288, NULL);
INSERT INTO "words"."words_lists" (word_id, list_id) VALUES (2507, '09683039-fbba-4821-907f-1ea4cc610311');
INSERT INTO "words"."words" (id, word, syllables, frequency, category) VALUES (2508, 'navigazione', 5, 0.0000178, NULL);
INSERT INTO "words"."words_lists" (word_id, list_id) VALUES (2508, '09683039-fbba-4821-907f-1ea4cc610311');
INSERT INTO "words"."words" (id, word, syllables, frequency, category) VALUES (2509, 'segreteria', 5, 0.0000148, NULL);
INSERT INTO "words"."words_lists" (word_id, list_id) VALUES (2509, '09683039-fbba-4821-907f-1ea4cc610311');
INSERT INTO "words"."words" (id, word, syllables, frequency, category) VALUES (2510, 'occidentale', 5, 0.000055, NULL);
INSERT INTO "words"."words_lists" (word_id, list_id) VALUES (2510, '09683039-fbba-4821-907f-1ea4cc610311');
INSERT INTO "words"."words" (id, word, syllables, frequency, category) VALUES (2511, 'corrispondente', 5, 0.0000204, NULL);
INSERT INTO "words"."words_lists" (word_id, list_id) VALUES (2511, '09683039-fbba-4821-907f-1ea4cc610311');
INSERT INTO "words"."words" (id, word, syllables, frequency, category) VALUES (2512, 'ragionamento', 5, 0.0000132, NULL);
INSERT INTO "words"."words_lists" (word_id, list_id) VALUES (2512, '09683039-fbba-4821-907f-1ea4cc610311');
INSERT INTO "words"."lists" (id, type) VALUES ('9a2cd630-829e-4113-a36b-2afa88a6bc19', 'categorized');
INSERT INTO "words"."words" (id, word, syllables, frequency, category) VALUES (2513, 'volta', 2, 0.000741, NULL);
INSERT INTO "words"."words_lists" (word_id, list_id) VALUES (2513, '9a2cd630-829e-4113-a36b-2afa88a6bc19');
INSERT INTO "words"."words" (id, word, syllables, frequency, category) VALUES (2514, 'pronto', 2, 0.0000776, NULL);
INSERT INTO "words"."words_lists" (word_id, list_id) VALUES (2514, '9a2cd630-829e-4113-a36b-2afa88a6bc19');
INSERT INTO "words"."words" (id, word, syllables, frequency, category) VALUES (2515, 'stima', 2, 0.0000347, NULL);
INSERT INTO "words"."words_lists" (word_id, list_id) VALUES (2515, '9a2cd630-829e-4113-a36b-2afa88a6bc19');
INSERT INTO "words"."words" (id, word, syllables, frequency, category) VALUES (2516, 'mente', 2, 0.000158, NULL);
INSERT INTO "words"."words_lists" (word_id, list_id) VALUES (2516, '9a2cd630-829e-4113-a36b-2afa88a6bc19');
INSERT INTO "words"."words" (id, word, syllables, frequency, category) VALUES (2517, 'nove', 2, 0.0000479, NULL);
INSERT INTO "words"."words_lists" (word_id, list_id) VALUES (2517, '9a2cd630-829e-4113-a36b-2afa88a6bc19');
INSERT INTO "words"."words" (id, word, syllables, frequency, category) VALUES (2518, 'sesso', 2, 0.000126, NULL);
INSERT INTO "words"."words_lists" (word_id, list_id) VALUES (2518, '9a2cd630-829e-4113-a36b-2afa88a6bc19');
INSERT INTO "words"."words" (id, word, syllables, frequency, category) VALUES (2519, 'mago', 2, 0.0000107, NULL);
INSERT INTO "words"."words_lists" (word_id, list_id) VALUES (2519, '9a2cd630-829e-4113-a36b-2afa88a6bc19');
INSERT INTO "words"."words" (id, word, syllables, frequency, category) VALUES (2520, 'Juventus', 2, 0.0000138, NULL);
INSERT INTO "words"."words_lists" (word_id, list_id) VALUES (2520, '9a2cd630-829e-4113-a36b-2afa88a6bc19');
INSERT INTO "words"."words" (id, word, syllables, frequency, category) VALUES (2521, 'gesto', 2, 0.0000339, NULL);
INSERT INTO "words"."words_lists" (word_id, list_id) VALUES (2521, '9a2cd630-829e-4113-a36b-2afa88a6bc19');
INSERT INTO "words"."words" (id, word, syllables, frequency, category) VALUES (2522, 'scuro', 2, 0.0000132, NULL);
INSERT INTO "words"."words_lists" (word_id, list_id) VALUES (2522, '9a2cd630-829e-4113-a36b-2afa88a6bc19');
INSERT INTO "words"."words" (id, word, syllables, frequency, category) VALUES (2523, 'teste', 2, 0.0000224, NULL);
INSERT INTO "words"."words_lists" (word_id, list_id) VALUES (2523, '9a2cd630-829e-4113-a36b-2afa88a6bc19');
INSERT INTO "words"."words" (id, word, syllables, frequency, category) VALUES (2524, 'lento', 2, 0.0000166, NULL);
INSERT INTO "words"."words_lists" (word_id, list_id) VALUES (2524, '9a2cd630-829e-4113-a36b-2afa88a6bc19');
INSERT INTO "words"."words" (id, word, syllables, frequency, category) VALUES (2525, 'tipo', 2, 0.000417, NULL);
INSERT INTO "words"."words_lists" (word_id, list_id) VALUES (2525, '9a2cd630-829e-4113-a36b-2afa88a6bc19');
INSERT INTO "words"."words" (id, word, syllables, frequency, category) VALUES (2526, 'cosa', 2, 0.00158, NULL);
INSERT INTO "words"."words_lists" (word_id, list_id) VALUES (2526, '9a2cd630-829e-4113-a36b-2afa88a6bc19');
INSERT INTO "words"."words" (id, word, syllables, frequency, category) VALUES (2527, 'fibra', 2, 0.0000123, NULL);
INSERT INTO "words"."words_lists" (word_id, list_id) VALUES (2527, '9a2cd630-829e-4113-a36b-2afa88a6bc19');
INSERT INTO "words"."words" (id, word, syllables, frequency, category) VALUES (2528, 'domanda', 3, 0.000195, NULL);
INSERT INTO "words"."words_lists" (word_id, list_id) VALUES (2528, '9a2cd630-829e-4113-a36b-2afa88a6bc19');
INSERT INTO "words"."words" (id, word, syllables, frequency, category) VALUES (2529, 'scrittura', 3, 0.0000339, NULL);
INSERT INTO "words"."words_lists" (word_id, list_id) VALUES (2529, '9a2cd630-829e-4113-a36b-2afa88a6bc19');
INSERT INTO "words"."words" (id, word, syllables, frequency, category) VALUES (2530, 'colloquio', 3, 0.0000162, NULL);
INSERT INTO "words"."words_lists" (word_id, list_id) VALUES (2530, '9a2cd630-829e-4113-a36b-2afa88a6bc19');
INSERT INTO "words"."words" (id, word, syllables, frequency, category) VALUES (2531, 'certezza', 3, 0.0000275, NULL);
INSERT INTO "words"."words_lists" (word_id, list_id) VALUES (2531, '9a2cd630-829e-4113-a36b-2afa88a6bc19');
INSERT INTO "words"."words" (id, word, syllables, frequency, category) VALUES (2532, 'attuale', 3, 0.0000912, NULL);
INSERT INTO "words"."words_lists" (word_id, list_id) VALUES (2532, '9a2cd630-829e-4113-a36b-2afa88a6bc19');
INSERT INTO "words"."words" (id, word, syllables, frequency, category) VALUES (2533, 'mestiere', 3, 0.0000174, NULL);
INSERT INTO "words"."words_lists" (word_id, list_id) VALUES (2533, '9a2cd630-829e-4113-a36b-2afa88a6bc19');
INSERT INTO "words"."words" (id, word, syllables, frequency, category) VALUES (2534, 'sonora', 3, 0.0000115, NULL);
INSERT INTO "words"."words_lists" (word_id, list_id) VALUES (2534, '9a2cd630-829e-4113-a36b-2afa88a6bc19');
INSERT INTO "words"."words" (id, word, syllables, frequency, category) VALUES (2535, 'corrente', 3, 0.0000603, NULL);
INSERT INTO "words"."words_lists" (word_id, list_id) VALUES (2535, '9a2cd630-829e-4113-a36b-2afa88a6bc19');
INSERT INTO "words"."words" (id, word, syllables, frequency, category) VALUES (2536, 'nipote', 3, 0.0000275, NULL);
INSERT INTO "words"."words_lists" (word_id, list_id) VALUES (2536, '9a2cd630-829e-4113-a36b-2afa88a6bc19');
INSERT INTO "words"."words" (id, word, syllables, frequency, category) VALUES (2537, 'turismo', 3, 0.0000389, NULL);
INSERT INTO "words"."words_lists" (word_id, list_id) VALUES (2537, '9a2cd630-829e-4113-a36b-2afa88a6bc19');
INSERT INTO "words"."words" (id, word, syllables, frequency, category) VALUES (2538, 'reale', 3, 0.000126, NULL);
INSERT INTO "words"."words_lists" (word_id, list_id) VALUES (2538, '9a2cd630-829e-4113-a36b-2afa88a6bc19');
INSERT INTO "words"."words" (id, word, syllables, frequency, category) VALUES (2539, 'rottura', 3, 0.0000204, NULL);
INSERT INTO "words"."words_lists" (word_id, list_id) VALUES (2539, '9a2cd630-829e-4113-a36b-2afa88a6bc19');
INSERT INTO "words"."words" (id, word, syllables, frequency, category) VALUES (2540, 'eletto', 3, 0.0000372, NULL);
INSERT INTO "words"."words_lists" (word_id, list_id) VALUES (2540, '9a2cd630-829e-4113-a36b-2afa88a6bc19');
INSERT INTO "words"."words" (id, word, syllables, frequency, category) VALUES (2541, 'vincente', 3, 0.000011, NULL);
INSERT INTO "words"."words_lists" (word_id, list_id) VALUES (2541, '9a2cd630-829e-4113-a36b-2afa88a6bc19');
INSERT INTO "words"."words" (id, word, syllables, frequency, category) VALUES (2542, 'provincia', 3, 0.000135, NULL);
INSERT INTO "words"."words_lists" (word_id, list_id) VALUES (2542, '9a2cd630-829e-4113-a36b-2afa88a6bc19');
INSERT INTO "words"."words" (id, word, syllables, frequency, category) VALUES (2543, 'razzismo', 3, 0.0000316, NULL);
INSERT INTO "words"."words_lists" (word_id, list_id) VALUES (2543, '9a2cd630-829e-4113-a36b-2afa88a6bc19');
INSERT INTO "words"."words" (id, word, syllables, frequency, category) VALUES (2544, 'montaggio', 3, 0.0000107, NULL);
INSERT INTO "words"."words_lists" (word_id, list_id) VALUES (2544, '9a2cd630-829e-4113-a36b-2afa88a6bc19');
INSERT INTO "words"."words" (id, word, syllables, frequency, category) VALUES (2545, 'degrado', 3, 0.0000107, NULL);
INSERT INTO "words"."words_lists" (word_id, list_id) VALUES (2545, '9a2cd630-829e-4113-a36b-2afa88a6bc19');
INSERT INTO "words"."words" (id, word, syllables, frequency, category) VALUES (2546, 'settore', 3, 0.000105, NULL);
INSERT INTO "words"."words_lists" (word_id, list_id) VALUES (2546, '9a2cd630-829e-4113-a36b-2afa88a6bc19');
INSERT INTO "words"."words" (id, word, syllables, frequency, category) VALUES (2547, 'stagione', 3, 0.000129, NULL);
INSERT INTO "words"."words_lists" (word_id, list_id) VALUES (2547, '9a2cd630-829e-4113-a36b-2afa88a6bc19');
INSERT INTO "words"."words" (id, word, syllables, frequency, category) VALUES (2548, 'funzione', 3, 0.0000813, NULL);
INSERT INTO "words"."words_lists" (word_id, list_id) VALUES (2548, '9a2cd630-829e-4113-a36b-2afa88a6bc19');
INSERT INTO "words"."words" (id, word, syllables, frequency, category) VALUES (2549, 'promosso', 3, 0.00002, NULL);
INSERT INTO "words"."words_lists" (word_id, list_id) VALUES (2549, '9a2cd630-829e-4113-a36b-2afa88a6bc19');
INSERT INTO "words"."words" (id, word, syllables, frequency, category) VALUES (2550, 'impianto', 3, 0.0000282, NULL);
INSERT INTO "words"."words_lists" (word_id, list_id) VALUES (2550, '9a2cd630-829e-4113-a36b-2afa88a6bc19');
INSERT INTO "words"."words" (id, word, syllables, frequency, category) VALUES (2551, 'agire', 3, 0.0000316, NULL);
INSERT INTO "words"."words_lists" (word_id, list_id) VALUES (2551, '9a2cd630-829e-4113-a36b-2afa88a6bc19');
INSERT INTO "words"."words" (id, word, syllables, frequency, category) VALUES (2552, 'contare', 3, 0.0000295, NULL);
INSERT INTO "words"."words_lists" (word_id, list_id) VALUES (2552, '9a2cd630-829e-4113-a36b-2afa88a6bc19');
INSERT INTO "words"."words" (id, word, syllables, frequency, category) VALUES (2553, 'confronto', 3, 0.0000617, NULL);
INSERT INTO "words"."words_lists" (word_id, list_id) VALUES (2553, '9a2cd630-829e-4113-a36b-2afa88a6bc19');
INSERT INTO "words"."words" (id, word, syllables, frequency, category) VALUES (2554, 'puntare', 3, 0.000012, NULL);
INSERT INTO "words"."words_lists" (word_id, list_id) VALUES (2554, '9a2cd630-829e-4113-a36b-2afa88a6bc19');
INSERT INTO "words"."words" (id, word, syllables, frequency, category) VALUES (2555, 'trentino', 3, 0.0000141, NULL);
INSERT INTO "words"."words_lists" (word_id, list_id) VALUES (2555, '9a2cd630-829e-4113-a36b-2afa88a6bc19');
INSERT INTO "words"."words" (id, word, syllables, frequency, category) VALUES (2556, 'mondiali', 3, 0.000038, NULL);
INSERT INTO "words"."words_lists" (word_id, list_id) VALUES (2556, '9a2cd630-829e-4113-a36b-2afa88a6bc19');
INSERT INTO "words"."words" (id, word, syllables, frequency, category) VALUES (2557, 'progetto', 3, 0.000224, NULL);
INSERT INTO "words"."words_lists" (word_id, list_id) VALUES (2557, '9a2cd630-829e-4113-a36b-2afa88a6bc19');
INSERT INTO "words"."words" (id, word, syllables, frequency, category) VALUES (2558, 'ancora', 3, 0.00117, NULL);
INSERT INTO "words"."words_lists" (word_id, list_id) VALUES (2558, '9a2cd630-829e-4113-a36b-2afa88a6bc19');
INSERT INTO "words"."words" (id, word, syllables, frequency, category) VALUES (2559, 'teoria', 4, 0.0000708, NULL);
INSERT INTO "words"."words_lists" (word_id, list_id) VALUES (2559, '9a2cd630-829e-4113-a36b-2afa88a6bc19');
INSERT INTO "words"."words" (id, word, syllables, frequency, category) VALUES (2560, 'mobilità', 4, 0.0000155, NULL);
INSERT INTO "words"."words_lists" (word_id, list_id) VALUES (2560, '9a2cd630-829e-4113-a36b-2afa88a6bc19');
INSERT INTO "words"."words" (id, word, syllables, frequency, category) VALUES (2561, 'sentimento', 4, 0.0000269, NULL);
INSERT INTO "words"."words_lists" (word_id, list_id) VALUES (2561, '9a2cd630-829e-4113-a36b-2afa88a6bc19');
INSERT INTO "words"."words" (id, word, syllables, frequency, category) VALUES (2562, 'evidenza', 4, 0.0000257, NULL);
INSERT INTO "words"."words_lists" (word_id, list_id) VALUES (2562, '9a2cd630-829e-4113-a36b-2afa88a6bc19');
INSERT INTO "words"."words" (id, word, syllables, frequency, category) VALUES (2563, 'maratona', 4, 0.0000117, NULL);
INSERT INTO "words"."words_lists" (word_id, list_id) VALUES (2563, '9a2cd630-829e-4113-a36b-2afa88a6bc19');
INSERT INTO "words"."words" (id, word, syllables, frequency, category) VALUES (2564, 'spazzatura', 4, 0.0000174, NULL);
INSERT INTO "words"."words_lists" (word_id, list_id) VALUES (2564, '9a2cd630-829e-4113-a36b-2afa88a6bc19');
INSERT INTO "words"."words" (id, word, syllables, frequency, category) VALUES (2565, 'disperato', 4, 0.000012, NULL);
INSERT INTO "words"."words_lists" (word_id, list_id) VALUES (2565, '9a2cd630-829e-4113-a36b-2afa88a6bc19');
INSERT INTO "words"."words" (id, word, syllables, frequency, category) VALUES (2566, 'confusione', 4, 0.000024, NULL);
INSERT INTO "words"."words_lists" (word_id, list_id) VALUES (2566, '9a2cd630-829e-4113-a36b-2afa88a6bc19');
INSERT INTO "words"."words" (id, word, syllables, frequency, category) VALUES (2567, 'orgoglioso', 4, 0.000012, NULL);
INSERT INTO "words"."words_lists" (word_id, list_id) VALUES (2567, '9a2cd630-829e-4113-a36b-2afa88a6bc19');
INSERT INTO "words"."words" (id, word, syllables, frequency, category) VALUES (2568, 'eleganza', 4, 0.0000102, NULL);
INSERT INTO "words"."words_lists" (word_id, list_id) VALUES (2568, '9a2cd630-829e-4113-a36b-2afa88a6bc19');
INSERT INTO "words"."words" (id, word, syllables, frequency, category) VALUES (2569, 'svolgimento', 4, 0.0000166, NULL);
INSERT INTO "words"."words_lists" (word_id, list_id) VALUES (2569, '9a2cd630-829e-4113-a36b-2afa88a6bc19');
INSERT INTO "words"."words" (id, word, syllables, frequency, category) VALUES (2570, 'avviato', 4, 0.0000115, NULL);
INSERT INTO "words"."words_lists" (word_id, list_id) VALUES (2570, '9a2cd630-829e-4113-a36b-2afa88a6bc19');
INSERT INTO "words"."words" (id, word, syllables, frequency, category) VALUES (2571, 'specialità', 4, 0.0000112, NULL);
INSERT INTO "words"."words_lists" (word_id, list_id) VALUES (2571, '9a2cd630-829e-4113-a36b-2afa88a6bc19');
INSERT INTO "words"."words" (id, word, syllables, frequency, category) VALUES (2572, 'consulenza', 4, 0.0000126, NULL);
INSERT INTO "words"."words_lists" (word_id, list_id) VALUES (2572, '9a2cd630-829e-4113-a36b-2afa88a6bc19');
INSERT INTO "words"."words" (id, word, syllables, frequency, category) VALUES (2573, 'portoghese', 4, 0.0000148, NULL);
INSERT INTO "words"."words_lists" (word_id, list_id) VALUES (2573, '9a2cd630-829e-4113-a36b-2afa88a6bc19');
INSERT INTO "words"."words" (id, word, syllables, frequency, category) VALUES (2574, 'razionale', 4, 0.0000129, NULL);
INSERT INTO "words"."words_lists" (word_id, list_id) VALUES (2574, '9a2cd630-829e-4113-a36b-2afa88a6bc19');
INSERT INTO "words"."words" (id, word, syllables, frequency, category) VALUES (2575, 'funzionare', 4, 0.0000229, NULL);
INSERT INTO "words"."words_lists" (word_id, list_id) VALUES (2575, '9a2cd630-829e-4113-a36b-2afa88a6bc19');
INSERT INTO "words"."words" (id, word, syllables, frequency, category) VALUES (2576, 'elementare', 5, 0.0000174, NULL);
INSERT INTO "words"."words_lists" (word_id, list_id) VALUES (2576, '9a2cd630-829e-4113-a36b-2afa88a6bc19');
INSERT INTO "words"."lists" (id, type) VALUES ('2560903e-b537-4c01-8e21-cad2d75b6be5', 'categorized');
INSERT INTO "words"."words" (id, word, syllables, frequency, category) VALUES (2577, 'rame', 2, 0.0000115, NULL);
INSERT INTO "words"."words_lists" (word_id, list_id) VALUES (2577, '2560903e-b537-4c01-8e21-cad2d75b6be5');
INSERT INTO "words"."words" (id, word, syllables, frequency, category) VALUES (2578, 'paga', 2, 0.0000398, NULL);
INSERT INTO "words"."words_lists" (word_id, list_id) VALUES (2578, '2560903e-b537-4c01-8e21-cad2d75b6be5');
INSERT INTO "words"."words" (id, word, syllables, frequency, category) VALUES (2579, 'Liguria', 2, 0.0000155, NULL);
INSERT INTO "words"."words_lists" (word_id, list_id) VALUES (2579, '2560903e-b537-4c01-8e21-cad2d75b6be5');
INSERT INTO "words"."words" (id, word, syllables, frequency, category) VALUES (2580, 'strage', 2, 0.0000145, NULL);
INSERT INTO "words"."words_lists" (word_id, list_id) VALUES (2580, '2560903e-b537-4c01-8e21-cad2d75b6be5');
INSERT INTO "words"."words" (id, word, syllables, frequency, category) VALUES (2581, 'classe', 2, 0.000155, NULL);
INSERT INTO "words"."words_lists" (word_id, list_id) VALUES (2581, '2560903e-b537-4c01-8e21-cad2d75b6be5');
INSERT INTO "words"."words" (id, word, syllables, frequency, category) VALUES (2582, 'terzo', 2, 0.000126, NULL);
INSERT INTO "words"."words_lists" (word_id, list_id) VALUES (2582, '2560903e-b537-4c01-8e21-cad2d75b6be5');
INSERT INTO "words"."words" (id, word, syllables, frequency, category) VALUES (2583, 'villa', 2, 0.0000575, NULL);
INSERT INTO "words"."words_lists" (word_id, list_id) VALUES (2583, '2560903e-b537-4c01-8e21-cad2d75b6be5');
INSERT INTO "words"."words" (id, word, syllables, frequency, category) VALUES (2584, 'lana', 2, 0.0000148, NULL);
INSERT INTO "words"."words_lists" (word_id, list_id) VALUES (2584, '2560903e-b537-4c01-8e21-cad2d75b6be5');
INSERT INTO "words"."words" (id, word, syllables, frequency, category) VALUES (2585, 'bel', 2, 0.000141, NULL);
INSERT INTO "words"."words_lists" (word_id, list_id) VALUES (2585, '2560903e-b537-4c01-8e21-cad2d75b6be5');
INSERT INTO "words"."words" (id, word, syllables, frequency, category) VALUES (2586, 'odio', 2, 0.0000832, NULL);
INSERT INTO "words"."words_lists" (word_id, list_id) VALUES (2586, '2560903e-b537-4c01-8e21-cad2d75b6be5');
INSERT INTO "words"."words" (id, word, syllables, frequency, category) VALUES (2587, 'pepe', 2, 0.0000112, NULL);
INSERT INTO "words"."words_lists" (word_id, list_id) VALUES (2587, '2560903e-b537-4c01-8e21-cad2d75b6be5');
INSERT INTO "words"."words" (id, word, syllables, frequency, category) VALUES (2588, 'babbo', 2, 0.0000126, NULL);
INSERT INTO "words"."words_lists" (word_id, list_id) VALUES (2588, '2560903e-b537-4c01-8e21-cad2d75b6be5');
INSERT INTO "words"."words" (id, word, syllables, frequency, category) VALUES (2589, 'salto', 2, 0.0000275, NULL);
INSERT INTO "words"."words_lists" (word_id, list_id) VALUES (2589, '2560903e-b537-4c01-8e21-cad2d75b6be5');
INSERT INTO "words"."words" (id, word, syllables, frequency, category) VALUES (2590, 'olio', 2, 0.0000479, NULL);
INSERT INTO "words"."words_lists" (word_id, list_id) VALUES (2590, '2560903e-b537-4c01-8e21-cad2d75b6be5');
INSERT INTO "words"."words" (id, word, syllables, frequency, category) VALUES (2591, 'marco', 2, 0.0000776, NULL);
INSERT INTO "words"."words_lists" (word_id, list_id) VALUES (2591, '2560903e-b537-4c01-8e21-cad2d75b6be5');
INSERT INTO "words"."words" (id, word, syllables, frequency, category) VALUES (2592, 'libro', 2, 0.000229, NULL);
INSERT INTO "words"."words_lists" (word_id, list_id) VALUES (2592, '2560903e-b537-4c01-8e21-cad2d75b6be5');
INSERT INTO "words"."words" (id, word, syllables, frequency, category) VALUES (2593, 'alfa', 2, 0.000011, NULL);
INSERT INTO "words"."words_lists" (word_id, list_id) VALUES (2593, '2560903e-b537-4c01-8e21-cad2d75b6be5');
INSERT INTO "words"."words" (id, word, syllables, frequency, category) VALUES (2594, 'nipote', 3, 0.0000275, NULL);
INSERT INTO "words"."words_lists" (word_id, list_id) VALUES (2594, '2560903e-b537-4c01-8e21-cad2d75b6be5');
INSERT INTO "words"."words" (id, word, syllables, frequency, category) VALUES (2595, 'esposto', 3, 0.0000166, NULL);
INSERT INTO "words"."words_lists" (word_id, list_id) VALUES (2595, '2560903e-b537-4c01-8e21-cad2d75b6be5');
INSERT INTO "words"."words" (id, word, syllables, frequency, category) VALUES (2596, 'partenza', 3, 0.0000501, NULL);
INSERT INTO "words"."words_lists" (word_id, list_id) VALUES (2596, '2560903e-b537-4c01-8e21-cad2d75b6be5');
INSERT INTO "words"."words" (id, word, syllables, frequency, category) VALUES (2597, 'inverno', 3, 0.0000339, NULL);
INSERT INTO "words"."words_lists" (word_id, list_id) VALUES (2597, '2560903e-b537-4c01-8e21-cad2d75b6be5');
INSERT INTO "words"."words" (id, word, syllables, frequency, category) VALUES (2598, 'contea', 3, 0.0000126, NULL);
INSERT INTO "words"."words_lists" (word_id, list_id) VALUES (2598, '2560903e-b537-4c01-8e21-cad2d75b6be5');
INSERT INTO "words"."words" (id, word, syllables, frequency, category) VALUES (2599, 'terreno', 3, 0.000055, NULL);
INSERT INTO "words"."words_lists" (word_id, list_id) VALUES (2599, '2560903e-b537-4c01-8e21-cad2d75b6be5');
INSERT INTO "words"."words" (id, word, syllables, frequency, category) VALUES (2600, 'nazista', 3, 0.000012, NULL);
INSERT INTO "words"."words_lists" (word_id, list_id) VALUES (2600, '2560903e-b537-4c01-8e21-cad2d75b6be5');
INSERT INTO "words"."words" (id, word, syllables, frequency, category) VALUES (2601, 'moderno', 3, 0.0000316, NULL);
INSERT INTO "words"."words_lists" (word_id, list_id) VALUES (2601, '2560903e-b537-4c01-8e21-cad2d75b6be5');
INSERT INTO "words"."words" (id, word, syllables, frequency, category) VALUES (2602, 'potente', 3, 0.0000447, NULL);
INSERT INTO "words"."words_lists" (word_id, list_id) VALUES (2602, '2560903e-b537-4c01-8e21-cad2d75b6be5');
INSERT INTO "words"."words" (id, word, syllables, frequency, category) VALUES (2603, 'regalo', 3, 0.0000437, NULL);
INSERT INTO "words"."words_lists" (word_id, list_id) VALUES (2603, '2560903e-b537-4c01-8e21-cad2d75b6be5');
INSERT INTO "words"."words" (id, word, syllables, frequency, category) VALUES (2604, 'augusto', 3, 0.0000129, NULL);
INSERT INTO "words"."words_lists" (word_id, list_id) VALUES (2604, '2560903e-b537-4c01-8e21-cad2d75b6be5');
INSERT INTO "words"."words" (id, word, syllables, frequency, category) VALUES (2605, 'padrone', 3, 0.0000269, NULL);
INSERT INTO "words"."words_lists" (word_id, list_id) VALUES (2605, '2560903e-b537-4c01-8e21-cad2d75b6be5');
INSERT INTO "words"."words" (id, word, syllables, frequency, category) VALUES (2606, 'rapida', 3, 0.0000219, NULL);
INSERT INTO "words"."words_lists" (word_id, list_id) VALUES (2606, '2560903e-b537-4c01-8e21-cad2d75b6be5');
INSERT INTO "words"."words" (id, word, syllables, frequency, category) VALUES (2607, 'lezione', 3, 0.0000525, NULL);
INSERT INTO "words"."words_lists" (word_id, list_id) VALUES (2607, '2560903e-b537-4c01-8e21-cad2d75b6be5');
INSERT INTO "words"."words" (id, word, syllables, frequency, category) VALUES (2608, 'invio', 3, 0.0000126, NULL);
INSERT INTO "words"."words_lists" (word_id, list_id) VALUES (2608, '2560903e-b537-4c01-8e21-cad2d75b6be5');
INSERT INTO "words"."words" (id, word, syllables, frequency, category) VALUES (2609, 'archivio', 3, 0.000024, NULL);
INSERT INTO "words"."words_lists" (word_id, list_id) VALUES (2609, '2560903e-b537-4c01-8e21-cad2d75b6be5');
INSERT INTO "words"."words" (id, word, syllables, frequency, category) VALUES (2610, 'solido', 3, 0.0000107, NULL);
INSERT INTO "words"."words_lists" (word_id, list_id) VALUES (2610, '2560903e-b537-4c01-8e21-cad2d75b6be5');
INSERT INTO "words"."words" (id, word, syllables, frequency, category) VALUES (2611, 'mattina', 3, 0.000105, NULL);
INSERT INTO "words"."words_lists" (word_id, list_id) VALUES (2611, '2560903e-b537-4c01-8e21-cad2d75b6be5');
INSERT INTO "words"."words" (id, word, syllables, frequency, category) VALUES (2612, 'rendersi', 3, 0.0000115, NULL);
INSERT INTO "words"."words_lists" (word_id, list_id) VALUES (2612, '2560903e-b537-4c01-8e21-cad2d75b6be5');
INSERT INTO "words"."words" (id, word, syllables, frequency, category) VALUES (2613, 'inferno', 3, 0.0000174, NULL);
INSERT INTO "words"."words_lists" (word_id, list_id) VALUES (2613, '2560903e-b537-4c01-8e21-cad2d75b6be5');
INSERT INTO "words"."words" (id, word, syllables, frequency, category) VALUES (2614, 'ridurre', 3, 0.0000417, NULL);
INSERT INTO "words"."words_lists" (word_id, list_id) VALUES (2614, '2560903e-b537-4c01-8e21-cad2d75b6be5');
INSERT INTO "words"."words" (id, word, syllables, frequency, category) VALUES (2615, 'quindici', 3, 0.0000219, NULL);
INSERT INTO "words"."words_lists" (word_id, list_id) VALUES (2615, '2560903e-b537-4c01-8e21-cad2d75b6be5');
INSERT INTO "words"."words" (id, word, syllables, frequency, category) VALUES (2616, 'entità', 3, 0.000024, NULL);
INSERT INTO "words"."words_lists" (word_id, list_id) VALUES (2616, '2560903e-b537-4c01-8e21-cad2d75b6be5');
INSERT INTO "words"."words" (id, word, syllables, frequency, category) VALUES (2617, 'idiota', 3, 0.0000219, NULL);
INSERT INTO "words"."words_lists" (word_id, list_id) VALUES (2617, '2560903e-b537-4c01-8e21-cad2d75b6be5');
INSERT INTO "words"."words" (id, word, syllables, frequency, category) VALUES (2618, 'pubblico', 3, 0.000251, NULL);
INSERT INTO "words"."words_lists" (word_id, list_id) VALUES (2618, '2560903e-b537-4c01-8e21-cad2d75b6be5');
INSERT INTO "words"."words" (id, word, syllables, frequency, category) VALUES (2619, 'stazione', 3, 0.0000741, NULL);
INSERT INTO "words"."words_lists" (word_id, list_id) VALUES (2619, '2560903e-b537-4c01-8e21-cad2d75b6be5');
INSERT INTO "words"."words" (id, word, syllables, frequency, category) VALUES (2620, 'miniera', 3, 0.0000105, NULL);
INSERT INTO "words"."words_lists" (word_id, list_id) VALUES (2620, '2560903e-b537-4c01-8e21-cad2d75b6be5');
INSERT INTO "words"."words" (id, word, syllables, frequency, category) VALUES (2621, 'ospite', 3, 0.0000275, NULL);
INSERT INTO "words"."words_lists" (word_id, list_id) VALUES (2621, '2560903e-b537-4c01-8e21-cad2d75b6be5');
INSERT INTO "words"."words" (id, word, syllables, frequency, category) VALUES (2622, 'pistola', 3, 0.0000219, NULL);
INSERT INTO "words"."words_lists" (word_id, list_id) VALUES (2622, '2560903e-b537-4c01-8e21-cad2d75b6be5');
INSERT INTO "words"."words" (id, word, syllables, frequency, category) VALUES (2623, 'diploma', 3, 0.0000178, NULL);
INSERT INTO "words"."words_lists" (word_id, list_id) VALUES (2623, '2560903e-b537-4c01-8e21-cad2d75b6be5');
INSERT INTO "words"."words" (id, word, syllables, frequency, category) VALUES (2624, 'colazione', 4, 0.0000398, NULL);
INSERT INTO "words"."words_lists" (word_id, list_id) VALUES (2624, '2560903e-b537-4c01-8e21-cad2d75b6be5');
INSERT INTO "words"."words" (id, word, syllables, frequency, category) VALUES (2625, 'trasparente', 4, 0.000012, NULL);
INSERT INTO "words"."words_lists" (word_id, list_id) VALUES (2625, '2560903e-b537-4c01-8e21-cad2d75b6be5');
INSERT INTO "words"."words" (id, word, syllables, frequency, category) VALUES (2626, 'assumere', 4, 0.0000316, NULL);
INSERT INTO "words"."words_lists" (word_id, list_id) VALUES (2626, '2560903e-b537-4c01-8e21-cad2d75b6be5');
INSERT INTO "words"."words" (id, word, syllables, frequency, category) VALUES (2627, 'razionale', 4, 0.0000129, NULL);
INSERT INTO "words"."words_lists" (word_id, list_id) VALUES (2627, '2560903e-b537-4c01-8e21-cad2d75b6be5');
INSERT INTO "words"."words" (id, word, syllables, frequency, category) VALUES (2628, 'complicato', 4, 0.0000186, NULL);
INSERT INTO "words"."words_lists" (word_id, list_id) VALUES (2628, '2560903e-b537-4c01-8e21-cad2d75b6be5');
INSERT INTO "words"."words" (id, word, syllables, frequency, category) VALUES (2629, 'efficiente', 4, 0.0000123, NULL);
INSERT INTO "words"."words_lists" (word_id, list_id) VALUES (2629, '2560903e-b537-4c01-8e21-cad2d75b6be5');
INSERT INTO "words"."words" (id, word, syllables, frequency, category) VALUES (2630, 'intendere', 4, 0.000012, NULL);
INSERT INTO "words"."words_lists" (word_id, list_id) VALUES (2630, '2560903e-b537-4c01-8e21-cad2d75b6be5');
INSERT INTO "words"."words" (id, word, syllables, frequency, category) VALUES (2631, 'accadere', 4, 0.0000148, NULL);
INSERT INTO "words"."words_lists" (word_id, list_id) VALUES (2631, '2560903e-b537-4c01-8e21-cad2d75b6be5');
INSERT INTO "words"."words" (id, word, syllables, frequency, category) VALUES (2632, 'raccogliere', 4, 0.0000316, NULL);
INSERT INTO "words"."words_lists" (word_id, list_id) VALUES (2632, '2560903e-b537-4c01-8e21-cad2d75b6be5');
INSERT INTO "words"."words" (id, word, syllables, frequency, category) VALUES (2633, 'assistito', 4, 0.0000148, NULL);
INSERT INTO "words"."words_lists" (word_id, list_id) VALUES (2633, '2560903e-b537-4c01-8e21-cad2d75b6be5');
INSERT INTO "words"."words" (id, word, syllables, frequency, category) VALUES (2634, 'piacevole', 4, 0.0000204, NULL);
INSERT INTO "words"."words_lists" (word_id, list_id) VALUES (2634, '2560903e-b537-4c01-8e21-cad2d75b6be5');
INSERT INTO "words"."words" (id, word, syllables, frequency, category) VALUES (2635, 'ragazzino', 4, 0.0000174, NULL);
INSERT INTO "words"."words_lists" (word_id, list_id) VALUES (2635, '2560903e-b537-4c01-8e21-cad2d75b6be5');
INSERT INTO "words"."words" (id, word, syllables, frequency, category) VALUES (2636, 'costruire', 4, 0.000055, NULL);
INSERT INTO "words"."words_lists" (word_id, list_id) VALUES (2636, '2560903e-b537-4c01-8e21-cad2d75b6be5');
INSERT INTO "words"."words" (id, word, syllables, frequency, category) VALUES (2637, 'Ungheria', 4, 0.0000158, NULL);
INSERT INTO "words"."words_lists" (word_id, list_id) VALUES (2637, '2560903e-b537-4c01-8e21-cad2d75b6be5');
INSERT INTO "words"."words" (id, word, syllables, frequency, category) VALUES (2638, 'fortemente', 4, 0.0000372, NULL);
INSERT INTO "words"."words_lists" (word_id, list_id) VALUES (2638, '2560903e-b537-4c01-8e21-cad2d75b6be5');
INSERT INTO "words"."words" (id, word, syllables, frequency, category) VALUES (2639, 'difensore', 4, 0.0000178, NULL);
INSERT INTO "words"."words_lists" (word_id, list_id) VALUES (2639, '2560903e-b537-4c01-8e21-cad2d75b6be5');
INSERT INTO "words"."words" (id, word, syllables, frequency, category) VALUES (2640, 'integrazione', 5, 0.0000295, NULL);
INSERT INTO "words"."words_lists" (word_id, list_id) VALUES (2640, '2560903e-b537-4c01-8e21-cad2d75b6be5');
INSERT INTO "words"."lists" (id, type) VALUES ('cf09da22-7c76-4bd2-85a6-2c443578dd25', 'categorized');
INSERT INTO "words"."words" (id, word, syllables, frequency, category) VALUES (2641, 'caro', 2, 0.0000631, NULL);
INSERT INTO "words"."words_lists" (word_id, list_id) VALUES (2641, 'cf09da22-7c76-4bd2-85a6-2c443578dd25');
INSERT INTO "words"."words" (id, word, syllables, frequency, category) VALUES (2642, 'età', 2, 0.000129, NULL);
INSERT INTO "words"."words_lists" (word_id, list_id) VALUES (2642, 'cf09da22-7c76-4bd2-85a6-2c443578dd25');
INSERT INTO "words"."words" (id, word, syllables, frequency, category) VALUES (2643, 'giunta', 2, 0.0000447, NULL);
INSERT INTO "words"."words_lists" (word_id, list_id) VALUES (2643, 'cf09da22-7c76-4bd2-85a6-2c443578dd25');
INSERT INTO "words"."words" (id, word, syllables, frequency, category) VALUES (2644, 'caso', 2, 0.000631, NULL);
INSERT INTO "words"."words_lists" (word_id, list_id) VALUES (2644, 'cf09da22-7c76-4bd2-85a6-2c443578dd25');
INSERT INTO "words"."words" (id, word, syllables, frequency, category) VALUES (2645, 'bis', 2, 0.0000166, NULL);
INSERT INTO "words"."words_lists" (word_id, list_id) VALUES (2645, 'cf09da22-7c76-4bd2-85a6-2c443578dd25');
INSERT INTO "words"."words" (id, word, syllables, frequency, category) VALUES (2646, 'neve', 2, 0.0000288, NULL);
INSERT INTO "words"."words_lists" (word_id, list_id) VALUES (2646, 'cf09da22-7c76-4bd2-85a6-2c443578dd25');
INSERT INTO "words"."words" (id, word, syllables, frequency, category) VALUES (2647, 'viola', 2, 0.000024, NULL);
INSERT INTO "words"."words_lists" (word_id, list_id) VALUES (2647, 'cf09da22-7c76-4bd2-85a6-2c443578dd25');
INSERT INTO "words"."words" (id, word, syllables, frequency, category) VALUES (2648, 'presa', 2, 0.0000912, NULL);
INSERT INTO "words"."words_lists" (word_id, list_id) VALUES (2648, 'cf09da22-7c76-4bd2-85a6-2c443578dd25');
INSERT INTO "words"."words" (id, word, syllables, frequency, category) VALUES (2649, 'farsi', 2, 0.0000912, NULL);
INSERT INTO "words"."words_lists" (word_id, list_id) VALUES (2649, 'cf09da22-7c76-4bd2-85a6-2c443578dd25');
INSERT INTO "words"."words" (id, word, syllables, frequency, category) VALUES (2650, 'petto', 2, 0.0000234, NULL);
INSERT INTO "words"."words_lists" (word_id, list_id) VALUES (2650, 'cf09da22-7c76-4bd2-85a6-2c443578dd25');
INSERT INTO "words"."words" (id, word, syllables, frequency, category) VALUES (2651, 'storia', 2, 0.000537, NULL);
INSERT INTO "words"."words_lists" (word_id, list_id) VALUES (2651, 'cf09da22-7c76-4bd2-85a6-2c443578dd25');
INSERT INTO "words"."words" (id, word, syllables, frequency, category) VALUES (2652, 'borsa', 2, 0.0000427, NULL);
INSERT INTO "words"."words_lists" (word_id, list_id) VALUES (2652, 'cf09da22-7c76-4bd2-85a6-2c443578dd25');
INSERT INTO "words"."words" (id, word, syllables, frequency, category) VALUES (2653, 'paga', 2, 0.0000398, NULL);
INSERT INTO "words"."words_lists" (word_id, list_id) VALUES (2653, 'cf09da22-7c76-4bd2-85a6-2c443578dd25');
INSERT INTO "words"."words" (id, word, syllables, frequency, category) VALUES (2654, 'pelle', 2, 0.0000708, NULL);
INSERT INTO "words"."words_lists" (word_id, list_id) VALUES (2654, 'cf09da22-7c76-4bd2-85a6-2c443578dd25');
INSERT INTO "words"."words" (id, word, syllables, frequency, category) VALUES (2655, 'fila', 2, 0.0000468, NULL);
INSERT INTO "words"."words_lists" (word_id, list_id) VALUES (2655, 'cf09da22-7c76-4bd2-85a6-2c443578dd25');
INSERT INTO "words"."words" (id, word, syllables, frequency, category) VALUES (2656, 'schiena', 2, 0.0000251, NULL);
INSERT INTO "words"."words_lists" (word_id, list_id) VALUES (2656, 'cf09da22-7c76-4bd2-85a6-2c443578dd25');
INSERT INTO "words"."words" (id, word, syllables, frequency, category) VALUES (2657, 'cifra', 2, 0.0000282, NULL);
INSERT INTO "words"."words_lists" (word_id, list_id) VALUES (2657, 'cf09da22-7c76-4bd2-85a6-2c443578dd25');
INSERT INTO "words"."words" (id, word, syllables, frequency, category) VALUES (2658, 'visto', 2, 0.000513, NULL);
INSERT INTO "words"."words_lists" (word_id, list_id) VALUES (2658, 'cf09da22-7c76-4bd2-85a6-2c443578dd25');
INSERT INTO "words"."words" (id, word, syllables, frequency, category) VALUES (2659, 'mistero', 3, 0.0000257, NULL);
INSERT INTO "words"."words_lists" (word_id, list_id) VALUES (2659, 'cf09da22-7c76-4bd2-85a6-2c443578dd25');
INSERT INTO "words"."words" (id, word, syllables, frequency, category) VALUES (2660, 'leggenda', 3, 0.0000224, NULL);
INSERT INTO "words"."words_lists" (word_id, list_id) VALUES (2660, 'cf09da22-7c76-4bd2-85a6-2c443578dd25');
INSERT INTO "words"."words" (id, word, syllables, frequency, category) VALUES (2661, 'presente', 3, 0.000195, NULL);
INSERT INTO "words"."words_lists" (word_id, list_id) VALUES (2661, 'cf09da22-7c76-4bd2-85a6-2c443578dd25');
INSERT INTO "words"."words" (id, word, syllables, frequency, category) VALUES (2662, 'circolo', 3, 0.0000245, NULL);
INSERT INTO "words"."words_lists" (word_id, list_id) VALUES (2662, 'cf09da22-7c76-4bd2-85a6-2c443578dd25');
INSERT INTO "words"."words" (id, word, syllables, frequency, category) VALUES (2663, 'dottrina', 3, 0.0000135, NULL);
INSERT INTO "words"."words_lists" (word_id, list_id) VALUES (2663, 'cf09da22-7c76-4bd2-85a6-2c443578dd25');
INSERT INTO "words"."words" (id, word, syllables, frequency, category) VALUES (2664, 'postale', 3, 0.0000129, NULL);
INSERT INTO "words"."words_lists" (word_id, list_id) VALUES (2664, 'cf09da22-7c76-4bd2-85a6-2c443578dd25');
INSERT INTO "words"."words" (id, word, syllables, frequency, category) VALUES (2665, 'ripresa', 3, 0.0000363, NULL);
INSERT INTO "words"."words_lists" (word_id, list_id) VALUES (2665, 'cf09da22-7c76-4bd2-85a6-2c443578dd25');
INSERT INTO "words"."words" (id, word, syllables, frequency, category) VALUES (2666, 'oggetto', 3, 0.0000813, NULL);
INSERT INTO "words"."words_lists" (word_id, list_id) VALUES (2666, 'cf09da22-7c76-4bd2-85a6-2c443578dd25');
INSERT INTO "words"."words" (id, word, syllables, frequency, category) VALUES (2667, 'prendersi', 3, 0.0000191, NULL);
INSERT INTO "words"."words_lists" (word_id, list_id) VALUES (2667, 'cf09da22-7c76-4bd2-85a6-2c443578dd25');
INSERT INTO "words"."words" (id, word, syllables, frequency, category) VALUES (2668, 'richiesta', 3, 0.0000955, NULL);
INSERT INTO "words"."words_lists" (word_id, list_id) VALUES (2668, 'cf09da22-7c76-4bd2-85a6-2c443578dd25');
INSERT INTO "words"."words" (id, word, syllables, frequency, category) VALUES (2669, 'scoprire', 3, 0.0000589, NULL);
INSERT INTO "words"."words_lists" (word_id, list_id) VALUES (2669, 'cf09da22-7c76-4bd2-85a6-2c443578dd25');
INSERT INTO "words"."words" (id, word, syllables, frequency, category) VALUES (2670, 'attuale', 3, 0.0000912, NULL);
INSERT INTO "words"."words_lists" (word_id, list_id) VALUES (2670, 'cf09da22-7c76-4bd2-85a6-2c443578dd25');
INSERT INTO "words"."words" (id, word, syllables, frequency, category) VALUES (2671, 'cervello', 3, 0.0000617, NULL);
INSERT INTO "words"."words_lists" (word_id, list_id) VALUES (2671, 'cf09da22-7c76-4bd2-85a6-2c443578dd25');
INSERT INTO "words"."words" (id, word, syllables, frequency, category) VALUES (2672, 'sentirsi', 3, 0.0000263, NULL);
INSERT INTO "words"."words_lists" (word_id, list_id) VALUES (2672, 'cf09da22-7c76-4bd2-85a6-2c443578dd25');
INSERT INTO "words"."words" (id, word, syllables, frequency, category) VALUES (2673, 'Parigi', 3, 0.0000724, NULL);
INSERT INTO "words"."words_lists" (word_id, list_id) VALUES (2673, 'cf09da22-7c76-4bd2-85a6-2c443578dd25');
INSERT INTO "words"."words" (id, word, syllables, frequency, category) VALUES (2674, 'scomparso', 3, 0.0000151, NULL);
INSERT INTO "words"."words_lists" (word_id, list_id) VALUES (2674, 'cf09da22-7c76-4bd2-85a6-2c443578dd25');
INSERT INTO "words"."words" (id, word, syllables, frequency, category) VALUES (2675, 'rivolta', 3, 0.0000355, NULL);
INSERT INTO "words"."words_lists" (word_id, list_id) VALUES (2675, 'cf09da22-7c76-4bd2-85a6-2c443578dd25');
INSERT INTO "words"."words" (id, word, syllables, frequency, category) VALUES (2676, 'seguire', 3, 0.0000933, NULL);
INSERT INTO "words"."words_lists" (word_id, list_id) VALUES (2676, 'cf09da22-7c76-4bd2-85a6-2c443578dd25');
INSERT INTO "words"."words" (id, word, syllables, frequency, category) VALUES (2677, 'Giappone', 3, 0.0000575, NULL);
INSERT INTO "words"."words_lists" (word_id, list_id) VALUES (2677, 'cf09da22-7c76-4bd2-85a6-2c443578dd25');
INSERT INTO "words"."words" (id, word, syllables, frequency, category) VALUES (2678, 'cattura', 3, 0.0000117, NULL);
INSERT INTO "words"."words_lists" (word_id, list_id) VALUES (2678, 'cf09da22-7c76-4bd2-85a6-2c443578dd25');
INSERT INTO "words"."words" (id, word, syllables, frequency, category) VALUES (2679, 'palese', 3, 0.0000102, NULL);
INSERT INTO "words"."words_lists" (word_id, list_id) VALUES (2679, 'cf09da22-7c76-4bd2-85a6-2c443578dd25');
INSERT INTO "words"."words" (id, word, syllables, frequency, category) VALUES (2680, 'migliore', 3, 0.000251, NULL);
INSERT INTO "words"."words_lists" (word_id, list_id) VALUES (2680, 'cf09da22-7c76-4bd2-85a6-2c443578dd25');
INSERT INTO "words"."words" (id, word, syllables, frequency, category) VALUES (2681, 'agente', 3, 0.0000347, NULL);
INSERT INTO "words"."words_lists" (word_id, list_id) VALUES (2681, 'cf09da22-7c76-4bd2-85a6-2c443578dd25');
INSERT INTO "words"."words" (id, word, syllables, frequency, category) VALUES (2682, 'maestà', 3, 0.000011, NULL);
INSERT INTO "words"."words_lists" (word_id, list_id) VALUES (2682, 'cf09da22-7c76-4bd2-85a6-2c443578dd25');
INSERT INTO "words"."words" (id, word, syllables, frequency, category) VALUES (2683, 'angelo', 3, 0.0000437, NULL);
INSERT INTO "words"."words_lists" (word_id, list_id) VALUES (2683, 'cf09da22-7c76-4bd2-85a6-2c443578dd25');
INSERT INTO "words"."words" (id, word, syllables, frequency, category) VALUES (2684, 'sindrome', 3, 0.0000141, NULL);
INSERT INTO "words"."words_lists" (word_id, list_id) VALUES (2684, 'cf09da22-7c76-4bd2-85a6-2c443578dd25');
INSERT INTO "words"."words" (id, word, syllables, frequency, category) VALUES (2685, 'epoca', 3, 0.0000417, NULL);
INSERT INTO "words"."words_lists" (word_id, list_id) VALUES (2685, 'cf09da22-7c76-4bd2-85a6-2c443578dd25');
INSERT INTO "words"."words" (id, word, syllables, frequency, category) VALUES (2686, 'fallito', 3, 0.0000229, NULL);
INSERT INTO "words"."words_lists" (word_id, list_id) VALUES (2686, 'cf09da22-7c76-4bd2-85a6-2c443578dd25');
INSERT INTO "words"."words" (id, word, syllables, frequency, category) VALUES (2687, 'prezioso', 3, 0.0000162, NULL);
INSERT INTO "words"."words_lists" (word_id, list_id) VALUES (2687, 'cf09da22-7c76-4bd2-85a6-2c443578dd25');
INSERT INTO "words"."words" (id, word, syllables, frequency, category) VALUES (2688, 'ritratto', 3, 0.0000245, NULL);
INSERT INTO "words"."words_lists" (word_id, list_id) VALUES (2688, 'cf09da22-7c76-4bd2-85a6-2c443578dd25');
INSERT INTO "words"."words" (id, word, syllables, frequency, category) VALUES (2689, 'dimostrare', 4, 0.0000447, NULL);
INSERT INTO "words"."words_lists" (word_id, list_id) VALUES (2689, 'cf09da22-7c76-4bd2-85a6-2c443578dd25');
INSERT INTO "words"."words" (id, word, syllables, frequency, category) VALUES (2690, 'cimitero', 4, 0.0000141, NULL);
INSERT INTO "words"."words_lists" (word_id, list_id) VALUES (2690, 'cf09da22-7c76-4bd2-85a6-2c443578dd25');
INSERT INTO "words"."words" (id, word, syllables, frequency, category) VALUES (2691, 'meraviglia', 4, 0.000017, NULL);
INSERT INTO "words"."words_lists" (word_id, list_id) VALUES (2691, 'cf09da22-7c76-4bd2-85a6-2c443578dd25');
INSERT INTO "words"."words" (id, word, syllables, frequency, category) VALUES (2692, 'pienamente', 4, 0.0000191, NULL);
INSERT INTO "words"."words_lists" (word_id, list_id) VALUES (2692, 'cf09da22-7c76-4bd2-85a6-2c443578dd25');
INSERT INTO "words"."words" (id, word, syllables, frequency, category) VALUES (2693, 'infinito', 4, 0.0000141, NULL);
INSERT INTO "words"."words_lists" (word_id, list_id) VALUES (2693, 'cf09da22-7c76-4bd2-85a6-2c443578dd25');
INSERT INTO "words"."words" (id, word, syllables, frequency, category) VALUES (2694, 'uniforme', 4, 0.0000132, NULL);
INSERT INTO "words"."words_lists" (word_id, list_id) VALUES (2694, 'cf09da22-7c76-4bd2-85a6-2c443578dd25');
INSERT INTO "words"."words" (id, word, syllables, frequency, category) VALUES (2695, 'strettamente', 4, 0.0000214, NULL);
INSERT INTO "words"."words_lists" (word_id, list_id) VALUES (2695, 'cf09da22-7c76-4bd2-85a6-2c443578dd25');
INSERT INTO "words"."words" (id, word, syllables, frequency, category) VALUES (2696, 'pubblicità', 4, 0.0000617, NULL);
INSERT INTO "words"."words_lists" (word_id, list_id) VALUES (2696, 'cf09da22-7c76-4bd2-85a6-2c443578dd25');
INSERT INTO "words"."words" (id, word, syllables, frequency, category) VALUES (2697, 'divinità', 4, 0.0000129, NULL);
INSERT INTO "words"."words_lists" (word_id, list_id) VALUES (2697, 'cf09da22-7c76-4bd2-85a6-2c443578dd25');
INSERT INTO "words"."words" (id, word, syllables, frequency, category) VALUES (2698, 'attaccato', 4, 0.0000224, NULL);
INSERT INTO "words"."words_lists" (word_id, list_id) VALUES (2698, 'cf09da22-7c76-4bd2-85a6-2c443578dd25');
INSERT INTO "words"."words" (id, word, syllables, frequency, category) VALUES (2699, 'spettacolo', 4, 0.0000692, NULL);
INSERT INTO "words"."words_lists" (word_id, list_id) VALUES (2699, 'cf09da22-7c76-4bd2-85a6-2c443578dd25');
INSERT INTO "words"."words" (id, word, syllables, frequency, category) VALUES (2700, 'ignorare', 4, 0.0000138, NULL);
INSERT INTO "words"."words_lists" (word_id, list_id) VALUES (2700, 'cf09da22-7c76-4bd2-85a6-2c443578dd25');
INSERT INTO "words"."words" (id, word, syllables, frequency, category) VALUES (2701, 'arrivare', 4, 0.00012, NULL);
INSERT INTO "words"."words_lists" (word_id, list_id) VALUES (2701, 'cf09da22-7c76-4bd2-85a6-2c443578dd25');
INSERT INTO "words"."words" (id, word, syllables, frequency, category) VALUES (2702, 'personale', 4, 0.00017, NULL);
INSERT INTO "words"."words_lists" (word_id, list_id) VALUES (2702, 'cf09da22-7c76-4bd2-85a6-2c443578dd25');
INSERT INTO "words"."words" (id, word, syllables, frequency, category) VALUES (2703, 'protocollo', 4, 0.0000155, NULL);
INSERT INTO "words"."words_lists" (word_id, list_id) VALUES (2703, 'cf09da22-7c76-4bd2-85a6-2c443578dd25');
INSERT INTO "words"."words" (id, word, syllables, frequency, category) VALUES (2704, 'garanzia', 4, 0.0000316, NULL);
INSERT INTO "words"."words_lists" (word_id, list_id) VALUES (2704, 'cf09da22-7c76-4bd2-85a6-2c443578dd25');
INSERT INTO "words"."lists" (id, type) VALUES ('0df8e7f2-84ea-45c2-8cf7-102128053e9a', 'categorized');
INSERT INTO "words"."words" (id, word, syllables, frequency, category) VALUES (2705, 'destra', 2, 0.000126, NULL);
INSERT INTO "words"."words_lists" (word_id, list_id) VALUES (2705, '0df8e7f2-84ea-45c2-8cf7-102128053e9a');
INSERT INTO "words"."words" (id, word, syllables, frequency, category) VALUES (2706, 'forse', 2, 0.000468, NULL);
INSERT INTO "words"."words_lists" (word_id, list_id) VALUES (2706, '0df8e7f2-84ea-45c2-8cf7-102128053e9a');
INSERT INTO "words"."words" (id, word, syllables, frequency, category) VALUES (2707, 'prendere', 3, 0.000224, NULL);
INSERT INTO "words"."words_lists" (word_id, list_id) VALUES (2707, '0df8e7f2-84ea-45c2-8cf7-102128053e9a');
INSERT INTO "words"."words" (id, word, syllables, frequency, category) VALUES (2708, 'disposto', 3, 0.0000275, NULL);
INSERT INTO "words"."words_lists" (word_id, list_id) VALUES (2708, '0df8e7f2-84ea-45c2-8cf7-102128053e9a');
INSERT INTO "words"."words" (id, word, syllables, frequency, category) VALUES (2709, 'docente', 3, 0.0000178, NULL);
INSERT INTO "words"."words_lists" (word_id, list_id) VALUES (2709, '0df8e7f2-84ea-45c2-8cf7-102128053e9a');
INSERT INTO "words"."words" (id, word, syllables, frequency, category) VALUES (2710, 'razzismo', 3, 0.0000316, NULL);
INSERT INTO "words"."words_lists" (word_id, list_id) VALUES (2710, '0df8e7f2-84ea-45c2-8cf7-102128053e9a');
INSERT INTO "words"."words" (id, word, syllables, frequency, category) VALUES (2711, 'valore', 3, 0.000145, NULL);
INSERT INTO "words"."words_lists" (word_id, list_id) VALUES (2711, '0df8e7f2-84ea-45c2-8cf7-102128053e9a');
INSERT INTO "words"."words" (id, word, syllables, frequency, category) VALUES (2712, 'monte', 2, 0.0000631, NULL);
INSERT INTO "words"."words_lists" (word_id, list_id) VALUES (2712, '0df8e7f2-84ea-45c2-8cf7-102128053e9a');
INSERT INTO "words"."words" (id, word, syllables, frequency, category) VALUES (2713, 'senato', 3, 0.0000479, NULL);
INSERT INTO "words"."words_lists" (word_id, list_id) VALUES (2713, '0df8e7f2-84ea-45c2-8cf7-102128053e9a');
INSERT INTO "words"."words" (id, word, syllables, frequency, category) VALUES (2714, 'mondiali', 3, 0.000038, NULL);
INSERT INTO "words"."words_lists" (word_id, list_id) VALUES (2714, '0df8e7f2-84ea-45c2-8cf7-102128053e9a');
INSERT INTO "words"."words" (id, word, syllables, frequency, category) VALUES (2715, 'banco', 2, 0.0000214, NULL);
INSERT INTO "words"."words_lists" (word_id, list_id) VALUES (2715, '0df8e7f2-84ea-45c2-8cf7-102128053e9a');
INSERT INTO "words"."words" (id, word, syllables, frequency, category) VALUES (2716, 'vivo', 2, 0.000107, NULL);
INSERT INTO "words"."words_lists" (word_id, list_id) VALUES (2716, '0df8e7f2-84ea-45c2-8cf7-102128053e9a');
INSERT INTO "words"."words" (id, word, syllables, frequency, category) VALUES (2717, 'vuoto', 2, 0.0000407, NULL);
INSERT INTO "words"."words_lists" (word_id, list_id) VALUES (2717, '0df8e7f2-84ea-45c2-8cf7-102128053e9a');
INSERT INTO "words"."words" (id, word, syllables, frequency, category) VALUES (2718, 'coprire', 3, 0.00002, NULL);
INSERT INTO "words"."words_lists" (word_id, list_id) VALUES (2718, '0df8e7f2-84ea-45c2-8cf7-102128053e9a');
INSERT INTO "words"."words" (id, word, syllables, frequency, category) VALUES (2719, 'versione', 3, 0.000126, NULL);
INSERT INTO "words"."words_lists" (word_id, list_id) VALUES (2719, '0df8e7f2-84ea-45c2-8cf7-102128053e9a');
INSERT INTO "words"."words" (id, word, syllables, frequency, category) VALUES (2720, 'miglioramento', 5, 0.0000251, NULL);
INSERT INTO "words"."words_lists" (word_id, list_id) VALUES (2720, '0df8e7f2-84ea-45c2-8cf7-102128053e9a');
INSERT INTO "words"."words" (id, word, syllables, frequency, category) VALUES (2721, 'creatura', 3, 0.0000135, NULL);
INSERT INTO "words"."words_lists" (word_id, list_id) VALUES (2721, '0df8e7f2-84ea-45c2-8cf7-102128053e9a');
INSERT INTO "words"."words" (id, word, syllables, frequency, category) VALUES (2722, 'intensità', 4, 0.0000151, NULL);
INSERT INTO "words"."words_lists" (word_id, list_id) VALUES (2722, '0df8e7f2-84ea-45c2-8cf7-102128053e9a');
INSERT INTO "words"."words" (id, word, syllables, frequency, category) VALUES (2723, 'greca', 2, 0.00002, NULL);
INSERT INTO "words"."words_lists" (word_id, list_id) VALUES (2723, '0df8e7f2-84ea-45c2-8cf7-102128053e9a');
INSERT INTO "words"."words" (id, word, syllables, frequency, category) VALUES (2724, 'scopo', 2, 0.000117, NULL);
INSERT INTO "words"."words_lists" (word_id, list_id) VALUES (2724, '0df8e7f2-84ea-45c2-8cf7-102128053e9a');
INSERT INTO "words"."words" (id, word, syllables, frequency, category) VALUES (2725, 'dominio', 3, 0.0000407, NULL);
INSERT INTO "words"."words_lists" (word_id, list_id) VALUES (2725, '0df8e7f2-84ea-45c2-8cf7-102128053e9a');
INSERT INTO "words"."words" (id, word, syllables, frequency, category) VALUES (2726, 'colombo', 3, 0.0000126, NULL);
INSERT INTO "words"."words_lists" (word_id, list_id) VALUES (2726, '0df8e7f2-84ea-45c2-8cf7-102128053e9a');
INSERT INTO "words"."words" (id, word, syllables, frequency, category) VALUES (2727, 'cerchio', 2, 0.0000162, NULL);
INSERT INTO "words"."words_lists" (word_id, list_id) VALUES (2727, '0df8e7f2-84ea-45c2-8cf7-102128053e9a');
INSERT INTO "words"."words" (id, word, syllables, frequency, category) VALUES (2728, 'deriva', 3, 0.0000309, NULL);
INSERT INTO "words"."words_lists" (word_id, list_id) VALUES (2728, '0df8e7f2-84ea-45c2-8cf7-102128053e9a');
INSERT INTO "words"."words" (id, word, syllables, frequency, category) VALUES (2729, 'cento', 2, 0.0000661, NULL);
INSERT INTO "words"."words_lists" (word_id, list_id) VALUES (2729, '0df8e7f2-84ea-45c2-8cf7-102128053e9a');
INSERT INTO "words"."words" (id, word, syllables, frequency, category) VALUES (2730, 'martello', 3, 0.00001, NULL);
INSERT INTO "words"."words_lists" (word_id, list_id) VALUES (2730, '0df8e7f2-84ea-45c2-8cf7-102128053e9a');
INSERT INTO "words"."words" (id, word, syllables, frequency, category) VALUES (2731, 'mutande', 3, 0.0000105, NULL);
INSERT INTO "words"."words_lists" (word_id, list_id) VALUES (2731, '0df8e7f2-84ea-45c2-8cf7-102128053e9a');
INSERT INTO "words"."words" (id, word, syllables, frequency, category) VALUES (2732, 'finale', 3, 0.000115, NULL);
INSERT INTO "words"."words_lists" (word_id, list_id) VALUES (2732, '0df8e7f2-84ea-45c2-8cf7-102128053e9a');
INSERT INTO "words"."words" (id, word, syllables, frequency, category) VALUES (2733, 'posta', 2, 0.0000661, NULL);
INSERT INTO "words"."words_lists" (word_id, list_id) VALUES (2733, '0df8e7f2-84ea-45c2-8cf7-102128053e9a');
INSERT INTO "words"."words" (id, word, syllables, frequency, category) VALUES (2734, 'riparo', 3, 0.0000102, NULL);
INSERT INTO "words"."words_lists" (word_id, list_id) VALUES (2734, '0df8e7f2-84ea-45c2-8cf7-102128053e9a');
INSERT INTO "words"."words" (id, word, syllables, frequency, category) VALUES (2735, 'Pescara', 2, 0.0000123, NULL);
INSERT INTO "words"."words_lists" (word_id, list_id) VALUES (2735, '0df8e7f2-84ea-45c2-8cf7-102128053e9a');
INSERT INTO "words"."words" (id, word, syllables, frequency, category) VALUES (2736, 'previsione', 4, 0.0000138, NULL);
INSERT INTO "words"."words_lists" (word_id, list_id) VALUES (2736, '0df8e7f2-84ea-45c2-8cf7-102128053e9a');
INSERT INTO "words"."lists" (id, type) VALUES ('abda3f2d-faab-40dc-b014-0239532f0f00', 'categorized');
INSERT INTO "words"."words" (id, word, syllables, frequency, category) VALUES (2737, 'sport', 2, 0.0000891, NULL);
INSERT INTO "words"."words_lists" (word_id, list_id) VALUES (2737, 'abda3f2d-faab-40dc-b014-0239532f0f00');
INSERT INTO "words"."words" (id, word, syllables, frequency, category) VALUES (2738, 'patria', 2, 0.0000363, NULL);
INSERT INTO "words"."words_lists" (word_id, list_id) VALUES (2738, 'abda3f2d-faab-40dc-b014-0239532f0f00');
INSERT INTO "words"."words" (id, word, syllables, frequency, category) VALUES (2739, 'cattura', 3, 0.0000117, NULL);
INSERT INTO "words"."words_lists" (word_id, list_id) VALUES (2739, 'abda3f2d-faab-40dc-b014-0239532f0f00');
INSERT INTO "words"."words" (id, word, syllables, frequency, category) VALUES (2740, 'competente', 4, 0.0000141, NULL);
INSERT INTO "words"."words_lists" (word_id, list_id) VALUES (2740, 'abda3f2d-faab-40dc-b014-0239532f0f00');
INSERT INTO "words"."words" (id, word, syllables, frequency, category) VALUES (2741, 'autore', 3, 0.000107, NULL);
INSERT INTO "words"."words_lists" (word_id, list_id) VALUES (2741, 'abda3f2d-faab-40dc-b014-0239532f0f00');
INSERT INTO "words"."words" (id, word, syllables, frequency, category) VALUES (2742, 'pasqua', 2, 0.0000145, NULL);
INSERT INTO "words"."words_lists" (word_id, list_id) VALUES (2742, 'abda3f2d-faab-40dc-b014-0239532f0f00');
INSERT INTO "words"."words" (id, word, syllables, frequency, category) VALUES (2743, 'menzione', 3, 0.0000102, NULL);
INSERT INTO "words"."words_lists" (word_id, list_id) VALUES (2743, 'abda3f2d-faab-40dc-b014-0239532f0f00');
INSERT INTO "words"."words" (id, word, syllables, frequency, category) VALUES (2744, 'impianto', 3, 0.0000282, NULL);
INSERT INTO "words"."words_lists" (word_id, list_id) VALUES (2744, 'abda3f2d-faab-40dc-b014-0239532f0f00');
INSERT INTO "words"."words" (id, word, syllables, frequency, category) VALUES (2745, 'estratto', 3, 0.0000224, NULL);
INSERT INTO "words"."words_lists" (word_id, list_id) VALUES (2745, 'abda3f2d-faab-40dc-b014-0239532f0f00');
INSERT INTO "words"."words" (id, word, syllables, frequency, category) VALUES (2746, 'animo', 3, 0.0000141, NULL);
INSERT INTO "words"."words_lists" (word_id, list_id) VALUES (2746, 'abda3f2d-faab-40dc-b014-0239532f0f00');
INSERT INTO "words"."words" (id, word, syllables, frequency, category) VALUES (2747, 'differente', 5, 0.00002, NULL);
INSERT INTO "words"."words_lists" (word_id, list_id) VALUES (2747, 'abda3f2d-faab-40dc-b014-0239532f0f00');
INSERT INTO "words"."words" (id, word, syllables, frequency, category) VALUES (2748, 'marina', 3, 0.0000447, NULL);
INSERT INTO "words"."words_lists" (word_id, list_id) VALUES (2748, 'abda3f2d-faab-40dc-b014-0239532f0f00');
INSERT INTO "words"."words" (id, word, syllables, frequency, category) VALUES (2749, 'lanciare', 3, 0.000017, NULL);
INSERT INTO "words"."words_lists" (word_id, list_id) VALUES (2749, 'abda3f2d-faab-40dc-b014-0239532f0f00');
INSERT INTO "words"."words" (id, word, syllables, frequency, category) VALUES (2750, 'notizia', 3, 0.000112, NULL);
INSERT INTO "words"."words_lists" (word_id, list_id) VALUES (2750, 'abda3f2d-faab-40dc-b014-0239532f0f00');
INSERT INTO "words"."words" (id, word, syllables, frequency, category) VALUES (2751, 'porno', 2, 0.0000282, NULL);
INSERT INTO "words"."words_lists" (word_id, list_id) VALUES (2751, 'abda3f2d-faab-40dc-b014-0239532f0f00');
INSERT INTO "words"."words" (id, word, syllables, frequency, category) VALUES (2752, 'grigio', 2, 0.0000182, NULL);
INSERT INTO "words"."words_lists" (word_id, list_id) VALUES (2752, 'abda3f2d-faab-40dc-b014-0239532f0f00');
INSERT INTO "words"."words" (id, word, syllables, frequency, category) VALUES (2753, 'prato', 2, 0.0000224, NULL);
INSERT INTO "words"."words_lists" (word_id, list_id) VALUES (2753, 'abda3f2d-faab-40dc-b014-0239532f0f00');
INSERT INTO "words"."words" (id, word, syllables, frequency, category) VALUES (2754, 'bambino', 3, 0.000123, NULL);
INSERT INTO "words"."words_lists" (word_id, list_id) VALUES (2754, 'abda3f2d-faab-40dc-b014-0239532f0f00');
INSERT INTO "words"."words" (id, word, syllables, frequency, category) VALUES (2755, 'isola', 3, 0.0000661, NULL);
INSERT INTO "words"."words_lists" (word_id, list_id) VALUES (2755, 'abda3f2d-faab-40dc-b014-0239532f0f00');
INSERT INTO "words"."words" (id, word, syllables, frequency, category) VALUES (2756, 'Danimarca', 3, 0.0000126, NULL);
INSERT INTO "words"."words_lists" (word_id, list_id) VALUES (2756, 'abda3f2d-faab-40dc-b014-0239532f0f00');
INSERT INTO "words"."words" (id, word, syllables, frequency, category) VALUES (2757, 'cattivo', 3, 0.0000316, NULL);
INSERT INTO "words"."words_lists" (word_id, list_id) VALUES (2757, 'abda3f2d-faab-40dc-b014-0239532f0f00');
INSERT INTO "words"."words" (id, word, syllables, frequency, category) VALUES (2758, 'dimensione', 4, 0.0000288, NULL);
INSERT INTO "words"."words_lists" (word_id, list_id) VALUES (2758, 'abda3f2d-faab-40dc-b014-0239532f0f00');
INSERT INTO "words"."words" (id, word, syllables, frequency, category) VALUES (2759, 'bacio', 2, 0.0000257, NULL);
INSERT INTO "words"."words_lists" (word_id, list_id) VALUES (2759, 'abda3f2d-faab-40dc-b014-0239532f0f00');
INSERT INTO "words"."words" (id, word, syllables, frequency, category) VALUES (2760, 'pari', 2, 0.00011, NULL);
INSERT INTO "words"."words_lists" (word_id, list_id) VALUES (2760, 'abda3f2d-faab-40dc-b014-0239532f0f00');
INSERT INTO "words"."words" (id, word, syllables, frequency, category) VALUES (2761, 'tipologia', 5, 0.0000123, NULL);
INSERT INTO "words"."words_lists" (word_id, list_id) VALUES (2761, 'abda3f2d-faab-40dc-b014-0239532f0f00');
INSERT INTO "words"."words" (id, word, syllables, frequency, category) VALUES (2762, 'sparire', 3, 0.000012, NULL);
INSERT INTO "words"."words_lists" (word_id, list_id) VALUES (2762, 'abda3f2d-faab-40dc-b014-0239532f0f00');
INSERT INTO "words"."words" (id, word, syllables, frequency, category) VALUES (2763, 'Irlanda', 3, 0.0000138, NULL);
INSERT INTO "words"."words_lists" (word_id, list_id) VALUES (2763, 'abda3f2d-faab-40dc-b014-0239532f0f00');
INSERT INTO "words"."words" (id, word, syllables, frequency, category) VALUES (2764, 'musica', 3, 0.000186, NULL);
INSERT INTO "words"."words_lists" (word_id, list_id) VALUES (2764, 'abda3f2d-faab-40dc-b014-0239532f0f00');
INSERT INTO "words"."words" (id, word, syllables, frequency, category) VALUES (2765, 'tentare', 3, 0.0000182, NULL);
INSERT INTO "words"."words_lists" (word_id, list_id) VALUES (2765, 'abda3f2d-faab-40dc-b014-0239532f0f00');
INSERT INTO "words"."words" (id, word, syllables, frequency, category) VALUES (2766, 'golfo', 2, 0.0000174, NULL);
INSERT INTO "words"."words_lists" (word_id, list_id) VALUES (2766, 'abda3f2d-faab-40dc-b014-0239532f0f00');
INSERT INTO "words"."words" (id, word, syllables, frequency, category) VALUES (2767, 'squadra', 2, 0.000155, NULL);
INSERT INTO "words"."words_lists" (word_id, list_id) VALUES (2767, 'abda3f2d-faab-40dc-b014-0239532f0f00');
INSERT INTO "words"."words" (id, word, syllables, frequency, category) VALUES (2768, 'operativo', 5, 0.0000186, NULL);
INSERT INTO "words"."words_lists" (word_id, list_id) VALUES (2768, 'abda3f2d-faab-40dc-b014-0239532f0f00');
INSERT INTO "words"."lists" (id, type) VALUES ('6288eb9d-98b1-4705-895a-9486f95ec508', 'categorized');
INSERT INTO "words"."words" (id, word, syllables, frequency, category) VALUES (2769, 'ora', 4, 0.00105, NULL);
INSERT INTO "words"."words_lists" (word_id, list_id) VALUES (2769, '6288eb9d-98b1-4705-895a-9486f95ec508');
INSERT INTO "words"."words" (id, word, syllables, frequency, category) VALUES (2770, 'attore', 3, 0.0000302, NULL);
INSERT INTO "words"."words_lists" (word_id, list_id) VALUES (2770, '6288eb9d-98b1-4705-895a-9486f95ec508');
INSERT INTO "words"."words" (id, word, syllables, frequency, category) VALUES (2771, 'portato', 3, 0.000126, NULL);
INSERT INTO "words"."words_lists" (word_id, list_id) VALUES (2771, '6288eb9d-98b1-4705-895a-9486f95ec508');
INSERT INTO "words"."words" (id, word, syllables, frequency, category) VALUES (2772, 'pregare', 3, 0.000011, NULL);
INSERT INTO "words"."words_lists" (word_id, list_id) VALUES (2772, '6288eb9d-98b1-4705-895a-9486f95ec508');
INSERT INTO "words"."words" (id, word, syllables, frequency, category) VALUES (2773, 'profitto', 3, 0.0000174, NULL);
INSERT INTO "words"."words_lists" (word_id, list_id) VALUES (2773, '6288eb9d-98b1-4705-895a-9486f95ec508');
INSERT INTO "words"."words" (id, word, syllables, frequency, category) VALUES (2774, 'trentino', 3, 0.0000141, NULL);
INSERT INTO "words"."words_lists" (word_id, list_id) VALUES (2774, '6288eb9d-98b1-4705-895a-9486f95ec508');
INSERT INTO "words"."words" (id, word, syllables, frequency, category) VALUES (2775, 'popolarità', 5, 0.000012, NULL);
INSERT INTO "words"."words_lists" (word_id, list_id) VALUES (2775, '6288eb9d-98b1-4705-895a-9486f95ec508');
INSERT INTO "words"."words" (id, word, syllables, frequency, category) VALUES (2776, 'visione', 3, 0.0000661, NULL);
INSERT INTO "words"."words_lists" (word_id, list_id) VALUES (2776, '6288eb9d-98b1-4705-895a-9486f95ec508');
INSERT INTO "words"."words" (id, word, syllables, frequency, category) VALUES (2777, 'composta', 3, 0.0000288, NULL);
INSERT INTO "words"."words_lists" (word_id, list_id) VALUES (2777, '6288eb9d-98b1-4705-895a-9486f95ec508');
INSERT INTO "words"."words" (id, word, syllables, frequency, category) VALUES (2778, 'esercitare', 5, 0.0000145, NULL);
INSERT INTO "words"."words_lists" (word_id, list_id) VALUES (2778, '6288eb9d-98b1-4705-895a-9486f95ec508');
INSERT INTO "words"."words" (id, word, syllables, frequency, category) VALUES (2779, 'bordo', 2, 0.0000468, NULL);
INSERT INTO "words"."words_lists" (word_id, list_id) VALUES (2779, '6288eb9d-98b1-4705-895a-9486f95ec508');
INSERT INTO "words"."words" (id, word, syllables, frequency, category) VALUES (2780, 'giudiziario', 4, 0.0000132, NULL);
INSERT INTO "words"."words_lists" (word_id, list_id) VALUES (2780, '6288eb9d-98b1-4705-895a-9486f95ec508');
INSERT INTO "words"."words" (id, word, syllables, frequency, category) VALUES (2781, 'costoso', 3, 0.0000105, NULL);
INSERT INTO "words"."words_lists" (word_id, list_id) VALUES (2781, '6288eb9d-98b1-4705-895a-9486f95ec508');
INSERT INTO "words"."words" (id, word, syllables, frequency, category) VALUES (2782, 'tacere', 3, 0.0000126, NULL);
INSERT INTO "words"."words_lists" (word_id, list_id) VALUES (2782, '6288eb9d-98b1-4705-895a-9486f95ec508');
INSERT INTO "words"."words" (id, word, syllables, frequency, category) VALUES (2783, 'neve', 2, 0.0000288, NULL);
INSERT INTO "words"."words_lists" (word_id, list_id) VALUES (2783, '6288eb9d-98b1-4705-895a-9486f95ec508');
INSERT INTO "words"."words" (id, word, syllables, frequency, category) VALUES (2784, 'conserva', 3, 0.0000129, NULL);
INSERT INTO "words"."words_lists" (word_id, list_id) VALUES (2784, '6288eb9d-98b1-4705-895a-9486f95ec508');
INSERT INTO "words"."words" (id, word, syllables, frequency, category) VALUES (2785, 'vertice', 3, 0.0000126, NULL);
INSERT INTO "words"."words_lists" (word_id, list_id) VALUES (2785, '6288eb9d-98b1-4705-895a-9486f95ec508');
INSERT INTO "words"."words" (id, word, syllables, frequency, category) VALUES (2786, 'pronto', 2, 0.0000776, NULL);
INSERT INTO "words"."words_lists" (word_id, list_id) VALUES (2786, '6288eb9d-98b1-4705-895a-9486f95ec508');
INSERT INTO "words"."words" (id, word, syllables, frequency, category) VALUES (2787, 'destro', 2, 0.000024, NULL);
INSERT INTO "words"."words_lists" (word_id, list_id) VALUES (2787, '6288eb9d-98b1-4705-895a-9486f95ec508');
INSERT INTO "words"."words" (id, word, syllables, frequency, category) VALUES (2788, 'nuoto', 2, 0.0000107, NULL);
INSERT INTO "words"."words_lists" (word_id, list_id) VALUES (2788, '6288eb9d-98b1-4705-895a-9486f95ec508');
INSERT INTO "words"."words" (id, word, syllables, frequency, category) VALUES (2789, 'morire', 3, 0.0000955, NULL);
INSERT INTO "words"."words_lists" (word_id, list_id) VALUES (2789, '6288eb9d-98b1-4705-895a-9486f95ec508');
INSERT INTO "words"."words" (id, word, syllables, frequency, category) VALUES (2790, 'celebre', 3, 0.0000251, NULL);
INSERT INTO "words"."words_lists" (word_id, list_id) VALUES (2790, '6288eb9d-98b1-4705-895a-9486f95ec508');
INSERT INTO "words"."words" (id, word, syllables, frequency, category) VALUES (2791, 'esperto', 3, 0.0000324, NULL);
INSERT INTO "words"."words_lists" (word_id, list_id) VALUES (2791, '6288eb9d-98b1-4705-895a-9486f95ec508');
INSERT INTO "words"."words" (id, word, syllables, frequency, category) VALUES (2792, 'frequenza', 3, 0.0000251, NULL);
INSERT INTO "words"."words_lists" (word_id, list_id) VALUES (2792, '6288eb9d-98b1-4705-895a-9486f95ec508');
INSERT INTO "words"."words" (id, word, syllables, frequency, category) VALUES (2793, 'solare', 3, 0.0000263, NULL);
INSERT INTO "words"."words_lists" (word_id, list_id) VALUES (2793, '6288eb9d-98b1-4705-895a-9486f95ec508');
INSERT INTO "words"."words" (id, word, syllables, frequency, category) VALUES (2794, 'gruppo', 2, 0.000372, NULL);
INSERT INTO "words"."words_lists" (word_id, list_id) VALUES (2794, '6288eb9d-98b1-4705-895a-9486f95ec508');
INSERT INTO "words"."words" (id, word, syllables, frequency, category) VALUES (2795, 'amico', 3, 0.00017, NULL);
INSERT INTO "words"."words_lists" (word_id, list_id) VALUES (2795, '6288eb9d-98b1-4705-895a-9486f95ec508');
INSERT INTO "words"."words" (id, word, syllables, frequency, category) VALUES (2796, 'escluso', 3, 0.0000148, NULL);
INSERT INTO "words"."words_lists" (word_id, list_id) VALUES (2796, '6288eb9d-98b1-4705-895a-9486f95ec508');
INSERT INTO "words"."words" (id, word, syllables, frequency, category) VALUES (2797, 'proseguire', 4, 0.0000155, NULL);
INSERT INTO "words"."words_lists" (word_id, list_id) VALUES (2797, '6288eb9d-98b1-4705-895a-9486f95ec508');
INSERT INTO "words"."words" (id, word, syllables, frequency, category) VALUES (2798, 'possibile', 4, 0.000331, NULL);
INSERT INTO "words"."words_lists" (word_id, list_id) VALUES (2798, '6288eb9d-98b1-4705-895a-9486f95ec508');
INSERT INTO "words"."words" (id, word, syllables, frequency, category) VALUES (2799, 'servire', 3, 0.0000251, NULL);
INSERT INTO "words"."words_lists" (word_id, list_id) VALUES (2799, '6288eb9d-98b1-4705-895a-9486f95ec508');
INSERT INTO "words"."words" (id, word, syllables, frequency, category) VALUES (2800, 'sosta', 2, 0.0000123, NULL);
INSERT INTO "words"."words_lists" (word_id, list_id) VALUES (2800, '6288eb9d-98b1-4705-895a-9486f95ec508');
INSERT INTO "words"."lists" (id, type) VALUES ('73085032-6f2d-4df7-b76e-ceaee2962f2d', 'categorized');
INSERT INTO "words"."words" (id, word, syllables, frequency, category) VALUES (2801, 'depressione', 4, 0.00002, NULL);
INSERT INTO "words"."words_lists" (word_id, list_id) VALUES (2801, '73085032-6f2d-4df7-b76e-ceaee2962f2d');
INSERT INTO "words"."words" (id, word, syllables, frequency, category) VALUES (2802, 'differenza', 4, 0.000112, NULL);
INSERT INTO "words"."words_lists" (word_id, list_id) VALUES (2802, '73085032-6f2d-4df7-b76e-ceaee2962f2d');
INSERT INTO "words"."words" (id, word, syllables, frequency, category) VALUES (2803, 'preparato', 4, 0.0000251, NULL);
INSERT INTO "words"."words_lists" (word_id, list_id) VALUES (2803, '73085032-6f2d-4df7-b76e-ceaee2962f2d');
INSERT INTO "words"."words" (id, word, syllables, frequency, category) VALUES (2804, 'ritmo', 2, 0.0000214, NULL);
INSERT INTO "words"."words_lists" (word_id, list_id) VALUES (2804, '73085032-6f2d-4df7-b76e-ceaee2962f2d');
INSERT INTO "words"."words" (id, word, syllables, frequency, category) VALUES (2805, 'manco', 2, 0.0000355, NULL);
INSERT INTO "words"."words_lists" (word_id, list_id) VALUES (2805, '73085032-6f2d-4df7-b76e-ceaee2962f2d');
INSERT INTO "words"."words" (id, word, syllables, frequency, category) VALUES (2806, 'intorno', 3, 0.000112, NULL);
INSERT INTO "words"."words_lists" (word_id, list_id) VALUES (2806, '73085032-6f2d-4df7-b76e-ceaee2962f2d');
INSERT INTO "words"."words" (id, word, syllables, frequency, category) VALUES (2807, 'novecento', 4, 0.0000105, NULL);
INSERT INTO "words"."words_lists" (word_id, list_id) VALUES (2807, '73085032-6f2d-4df7-b76e-ceaee2962f2d');
INSERT INTO "words"."words" (id, word, syllables, frequency, category) VALUES (2808, 'destino', 3, 0.0000407, NULL);
INSERT INTO "words"."words_lists" (word_id, list_id) VALUES (2808, '73085032-6f2d-4df7-b76e-ceaee2962f2d');
INSERT INTO "words"."words" (id, word, syllables, frequency, category) VALUES (2809, 'brutto', 2, 0.0000501, NULL);
INSERT INTO "words"."words_lists" (word_id, list_id) VALUES (2809, '73085032-6f2d-4df7-b76e-ceaee2962f2d');
INSERT INTO "words"."words" (id, word, syllables, frequency, category) VALUES (2810, 'mettersi', 3, 0.0000257, NULL);
INSERT INTO "words"."words_lists" (word_id, list_id) VALUES (2810, '73085032-6f2d-4df7-b76e-ceaee2962f2d');
INSERT INTO "words"."words" (id, word, syllables, frequency, category) VALUES (2811, 'tuo', 2, 0.000537, NULL);
INSERT INTO "words"."words_lists" (word_id, list_id) VALUES (2811, '73085032-6f2d-4df7-b76e-ceaee2962f2d');
INSERT INTO "words"."words" (id, word, syllables, frequency, category) VALUES (2812, 'infantile', 4, 0.0000117, NULL);
INSERT INTO "words"."words_lists" (word_id, list_id) VALUES (2812, '73085032-6f2d-4df7-b76e-ceaee2962f2d');
INSERT INTO "words"."words" (id, word, syllables, frequency, category) VALUES (2813, 'formaggio', 3, 0.0000186, NULL);
INSERT INTO "words"."words_lists" (word_id, list_id) VALUES (2813, '73085032-6f2d-4df7-b76e-ceaee2962f2d');
INSERT INTO "words"."words" (id, word, syllables, frequency, category) VALUES (2814, 'chiamato', 3, 0.000102, NULL);
INSERT INTO "words"."words_lists" (word_id, list_id) VALUES (2814, '73085032-6f2d-4df7-b76e-ceaee2962f2d');
INSERT INTO "words"."words" (id, word, syllables, frequency, category) VALUES (2815, 'femminile', 4, 0.0000661, NULL);
INSERT INTO "words"."words_lists" (word_id, list_id) VALUES (2815, '73085032-6f2d-4df7-b76e-ceaee2962f2d');
INSERT INTO "words"."words" (id, word, syllables, frequency, category) VALUES (2816, 'rotta', 2, 0.0000251, NULL);
INSERT INTO "words"."words_lists" (word_id, list_id) VALUES (2816, '73085032-6f2d-4df7-b76e-ceaee2962f2d');
INSERT INTO "words"."words" (id, word, syllables, frequency, category) VALUES (2817, 'puntata', 3, 0.0000427, NULL);
INSERT INTO "words"."words_lists" (word_id, list_id) VALUES (2817, '73085032-6f2d-4df7-b76e-ceaee2962f2d');
INSERT INTO "words"."words" (id, word, syllables, frequency, category) VALUES (2818, 'insieme', 3, 0.000417, NULL);
INSERT INTO "words"."words_lists" (word_id, list_id) VALUES (2818, '73085032-6f2d-4df7-b76e-ceaee2962f2d');
INSERT INTO "words"."words" (id, word, syllables, frequency, category) VALUES (2819, 'magazzino', 4, 0.0000141, NULL);
INSERT INTO "words"."words_lists" (word_id, list_id) VALUES (2819, '73085032-6f2d-4df7-b76e-ceaee2962f2d');
INSERT INTO "words"."words" (id, word, syllables, frequency, category) VALUES (2820, 'Novara', 3, 0.0000107, NULL);
INSERT INTO "words"."words_lists" (word_id, list_id) VALUES (2820, '73085032-6f2d-4df7-b76e-ceaee2962f2d');
INSERT INTO "words"."words" (id, word, syllables, frequency, category) VALUES (2821, 'tramite', 3, 0.000138, NULL);
INSERT INTO "words"."words_lists" (word_id, list_id) VALUES (2821, '73085032-6f2d-4df7-b76e-ceaee2962f2d');
INSERT INTO "words"."words" (id, word, syllables, frequency, category) VALUES (2822, 'arte', 2, 0.000151, NULL);
INSERT INTO "words"."words_lists" (word_id, list_id) VALUES (2822, '73085032-6f2d-4df7-b76e-ceaee2962f2d');
INSERT INTO "words"."words" (id, word, syllables, frequency, category) VALUES (2823, 'feci', 2, 0.0000117, NULL);
INSERT INTO "words"."words_lists" (word_id, list_id) VALUES (2823, '73085032-6f2d-4df7-b76e-ceaee2962f2d');
INSERT INTO "words"."words" (id, word, syllables, frequency, category) VALUES (2824, 'preparare', 4, 0.0000269, NULL);
INSERT INTO "words"."words_lists" (word_id, list_id) VALUES (2824, '73085032-6f2d-4df7-b76e-ceaee2962f2d');
INSERT INTO "words"."words" (id, word, syllables, frequency, category) VALUES (2825, 'terme', 2, 0.000012, NULL);
INSERT INTO "words"."words_lists" (word_id, list_id) VALUES (2825, '73085032-6f2d-4df7-b76e-ceaee2962f2d');
INSERT INTO "words"."words" (id, word, syllables, frequency, category) VALUES (2826, 'positiva', 4, 0.0000282, NULL);
INSERT INTO "words"."words_lists" (word_id, list_id) VALUES (2826, '73085032-6f2d-4df7-b76e-ceaee2962f2d');
INSERT INTO "words"."words" (id, word, syllables, frequency, category) VALUES (2827, 'proposito', 4, 0.0000832, NULL);
INSERT INTO "words"."words_lists" (word_id, list_id) VALUES (2827, '73085032-6f2d-4df7-b76e-ceaee2962f2d');
INSERT INTO "words"."words" (id, word, syllables, frequency, category) VALUES (2828, 'ristorante', 4, 0.0000457, NULL);
INSERT INTO "words"."words_lists" (word_id, list_id) VALUES (2828, '73085032-6f2d-4df7-b76e-ceaee2962f2d');
INSERT INTO "words"."words" (id, word, syllables, frequency, category) VALUES (2829, 'scoperto', 3, 0.0001, NULL);
INSERT INTO "words"."words_lists" (word_id, list_id) VALUES (2829, '73085032-6f2d-4df7-b76e-ceaee2962f2d');
INSERT INTO "words"."words" (id, word, syllables, frequency, category) VALUES (2830, 'profumo', 3, 0.0000191, NULL);
INSERT INTO "words"."words_lists" (word_id, list_id) VALUES (2830, '73085032-6f2d-4df7-b76e-ceaee2962f2d');
INSERT INTO "words"."words" (id, word, syllables, frequency, category) VALUES (2831, 'truffa', 2, 0.0000135, NULL);
INSERT INTO "words"."words_lists" (word_id, list_id) VALUES (2831, '73085032-6f2d-4df7-b76e-ceaee2962f2d');
INSERT INTO "words"."words" (id, word, syllables, frequency, category) VALUES (2832, 'frequente', 3, 0.0000126, NULL);
INSERT INTO "words"."words_lists" (word_id, list_id) VALUES (2832, '73085032-6f2d-4df7-b76e-ceaee2962f2d');
INSERT INTO "words"."lists" (id, type) VALUES ('45062953-1536-43d9-99c4-910e65caaef5', 'categorized');
INSERT INTO "words"."words" (id, word, syllables, frequency, category) VALUES (2833, 'creato', 3, 0.0000759, NULL);
INSERT INTO "words"."words_lists" (word_id, list_id) VALUES (2833, '45062953-1536-43d9-99c4-910e65caaef5');
INSERT INTO "words"."words" (id, word, syllables, frequency, category) VALUES (2834, 'maschera', 3, 0.0000219, NULL);
INSERT INTO "words"."words_lists" (word_id, list_id) VALUES (2834, '45062953-1536-43d9-99c4-910e65caaef5');
INSERT INTO "words"."words" (id, word, syllables, frequency, category) VALUES (2835, 'materia', 3, 0.0000741, NULL);
INSERT INTO "words"."words_lists" (word_id, list_id) VALUES (2835, '45062953-1536-43d9-99c4-910e65caaef5');
INSERT INTO "words"."words" (id, word, syllables, frequency, category) VALUES (2836, 'segretario', 4, 0.0000513, NULL);
INSERT INTO "words"."words_lists" (word_id, list_id) VALUES (2836, '45062953-1536-43d9-99c4-910e65caaef5');
INSERT INTO "words"."words" (id, word, syllables, frequency, category) VALUES (2837, 'esperienza', 4, 0.000155, NULL);
INSERT INTO "words"."words_lists" (word_id, list_id) VALUES (2837, '45062953-1536-43d9-99c4-910e65caaef5');
INSERT INTO "words"."words" (id, word, syllables, frequency, category) VALUES (2838, 'dipendente', 4, 0.0000229, NULL);
INSERT INTO "words"."words_lists" (word_id, list_id) VALUES (2838, '45062953-1536-43d9-99c4-910e65caaef5');
INSERT INTO "words"."words" (id, word, syllables, frequency, category) VALUES (2839, 'era', 2, 0.00178, NULL);
INSERT INTO "words"."words_lists" (word_id, list_id) VALUES (2839, '45062953-1536-43d9-99c4-910e65caaef5');
INSERT INTO "words"."words" (id, word, syllables, frequency, category) VALUES (2840, 'investire', 4, 0.0000178, NULL);
INSERT INTO "words"."words_lists" (word_id, list_id) VALUES (2840, '45062953-1536-43d9-99c4-910e65caaef5');
INSERT INTO "words"."words" (id, word, syllables, frequency, category) VALUES (2841, 'volante', 3, 0.0000148, NULL);
INSERT INTO "words"."words_lists" (word_id, list_id) VALUES (2841, '45062953-1536-43d9-99c4-910e65caaef5');
INSERT INTO "words"."words" (id, word, syllables, frequency, category) VALUES (2842, 'carabinieri', 5, 0.0000316, NULL);
INSERT INTO "words"."words_lists" (word_id, list_id) VALUES (2842, '45062953-1536-43d9-99c4-910e65caaef5');
INSERT INTO "words"."words" (id, word, syllables, frequency, category) VALUES (2843, 'edilizia', 4, 0.0000126, NULL);
INSERT INTO "words"."words_lists" (word_id, list_id) VALUES (2843, '45062953-1536-43d9-99c4-910e65caaef5');
INSERT INTO "words"."words" (id, word, syllables, frequency, category) VALUES (2844, 'presso', 2, 0.000234, NULL);
INSERT INTO "words"."words_lists" (word_id, list_id) VALUES (2844, '45062953-1536-43d9-99c4-910e65caaef5');
INSERT INTO "words"."words" (id, word, syllables, frequency, category) VALUES (2845, 'preghiera', 3, 0.0000234, NULL);
INSERT INTO "words"."words_lists" (word_id, list_id) VALUES (2845, '45062953-1536-43d9-99c4-910e65caaef5');
INSERT INTO "words"."words" (id, word, syllables, frequency, category) VALUES (2846, 'fascino', 3, 0.0000145, NULL);
INSERT INTO "words"."words_lists" (word_id, list_id) VALUES (2846, '45062953-1536-43d9-99c4-910e65caaef5');
INSERT INTO "words"."words" (id, word, syllables, frequency, category) VALUES (2847, 'escluso', 3, 0.0000148, NULL);
INSERT INTO "words"."words_lists" (word_id, list_id) VALUES (2847, '45062953-1536-43d9-99c4-910e65caaef5');
INSERT INTO "words"."words" (id, word, syllables, frequency, category) VALUES (2848, 'occidente', 4, 0.0000195, NULL);
INSERT INTO "words"."words_lists" (word_id, list_id) VALUES (2848, '45062953-1536-43d9-99c4-910e65caaef5');
INSERT INTO "words"."words" (id, word, syllables, frequency, category) VALUES (2849, 'unità', 3, 0.0000794, NULL);
INSERT INTO "words"."words_lists" (word_id, list_id) VALUES (2849, '45062953-1536-43d9-99c4-910e65caaef5');
INSERT INTO "words"."words" (id, word, syllables, frequency, category) VALUES (2850, 'controllo', 3, 0.000174, NULL);
INSERT INTO "words"."words_lists" (word_id, list_id) VALUES (2850, '45062953-1536-43d9-99c4-910e65caaef5');
INSERT INTO "words"."words" (id, word, syllables, frequency, category) VALUES (2851, 'fisica', 3, 0.0000708, NULL);
INSERT INTO "words"."words_lists" (word_id, list_id) VALUES (2851, '45062953-1536-43d9-99c4-910e65caaef5');
INSERT INTO "words"."words" (id, word, syllables, frequency, category) VALUES (2852, 'bloccare', 3, 0.0000178, NULL);
INSERT INTO "words"."words_lists" (word_id, list_id) VALUES (2852, '45062953-1536-43d9-99c4-910e65caaef5');
INSERT INTO "words"."words" (id, word, syllables, frequency, category) VALUES (2853, 'tagliare', 3, 0.0000214, NULL);
INSERT INTO "words"."words_lists" (word_id, list_id) VALUES (2853, '45062953-1536-43d9-99c4-910e65caaef5');
INSERT INTO "words"."words" (id, word, syllables, frequency, category) VALUES (2854, 'dipinto', 3, 0.0000182, NULL);
INSERT INTO "words"."words_lists" (word_id, list_id) VALUES (2854, '45062953-1536-43d9-99c4-910e65caaef5');
INSERT INTO "words"."words" (id, word, syllables, frequency, category) VALUES (2855, 'esilio', 4, 0.0000102, NULL);
INSERT INTO "words"."words_lists" (word_id, list_id) VALUES (2855, '45062953-1536-43d9-99c4-910e65caaef5');
INSERT INTO "words"."words" (id, word, syllables, frequency, category) VALUES (2856, 'annuale', 4, 0.0000251, NULL);
INSERT INTO "words"."words_lists" (word_id, list_id) VALUES (2856, '45062953-1536-43d9-99c4-910e65caaef5');
INSERT INTO "words"."words" (id, word, syllables, frequency, category) VALUES (2857, 'chiedere', 3, 0.00011, NULL);
INSERT INTO "words"."words_lists" (word_id, list_id) VALUES (2857, '45062953-1536-43d9-99c4-910e65caaef5');
INSERT INTO "words"."words" (id, word, syllables, frequency, category) VALUES (2858, 'candidato', 4, 0.000038, NULL);
INSERT INTO "words"."words_lists" (word_id, list_id) VALUES (2858, '45062953-1536-43d9-99c4-910e65caaef5');
INSERT INTO "words"."words" (id, word, syllables, frequency, category) VALUES (2859, 'eccessivo', 4, 0.0000112, NULL);
INSERT INTO "words"."words_lists" (word_id, list_id) VALUES (2859, '45062953-1536-43d9-99c4-910e65caaef5');
INSERT INTO "words"."words" (id, word, syllables, frequency, category) VALUES (2860, 'numero', 3, 0.00038, NULL);
INSERT INTO "words"."words_lists" (word_id, list_id) VALUES (2860, '45062953-1536-43d9-99c4-910e65caaef5');
INSERT INTO "words"."words" (id, word, syllables, frequency, category) VALUES (2861, 'esterno', 3, 0.0000355, NULL);
INSERT INTO "words"."words_lists" (word_id, list_id) VALUES (2861, '45062953-1536-43d9-99c4-910e65caaef5');
INSERT INTO "words"."words" (id, word, syllables, frequency, category) VALUES (2862, 'volontà', 3, 0.0000631, NULL);
INSERT INTO "words"."words_lists" (word_id, list_id) VALUES (2862, '45062953-1536-43d9-99c4-910e65caaef5');
INSERT INTO "words"."words" (id, word, syllables, frequency, category) VALUES (2863, 'impedire', 4, 0.0000282, NULL);
INSERT INTO "words"."words_lists" (word_id, list_id) VALUES (2863, '45062953-1536-43d9-99c4-910e65caaef5');
INSERT INTO "words"."words" (id, word, syllables, frequency, category) VALUES (2864, 'maestà', 3, 0.000011, NULL);
INSERT INTO "words"."words_lists" (word_id, list_id) VALUES (2864, '45062953-1536-43d9-99c4-910e65caaef5');
INSERT INTO "words"."lists" (id, type) VALUES ('95ceb297-7bc4-4a0c-a1fb-4ba26d685079', 'categorized');
INSERT INTO "words"."words" (id, word, syllables, frequency, category) VALUES (2865, 'ponte', 2, 0.0000603, NULL);
INSERT INTO "words"."words_lists" (word_id, list_id) VALUES (2865, '95ceb297-7bc4-4a0c-a1fb-4ba26d685079');
INSERT INTO "words"."words" (id, word, syllables, frequency, category) VALUES (2866, 'divino', 3, 0.0000105, NULL);
INSERT INTO "words"."words_lists" (word_id, list_id) VALUES (2866, '95ceb297-7bc4-4a0c-a1fb-4ba26d685079');
INSERT INTO "words"."words" (id, word, syllables, frequency, category) VALUES (2867, 'lasciare', 3, 0.0000933, NULL);
INSERT INTO "words"."words_lists" (word_id, list_id) VALUES (2867, '95ceb297-7bc4-4a0c-a1fb-4ba26d685079');
INSERT INTO "words"."words" (id, word, syllables, frequency, category) VALUES (2868, 'estero', 3, 0.0000158, NULL);
INSERT INTO "words"."words_lists" (word_id, list_id) VALUES (2868, '95ceb297-7bc4-4a0c-a1fb-4ba26d685079');
INSERT INTO "words"."words" (id, word, syllables, frequency, category) VALUES (2869, 'regola', 3, 0.0000513, NULL);
INSERT INTO "words"."words_lists" (word_id, list_id) VALUES (2869, '95ceb297-7bc4-4a0c-a1fb-4ba26d685079');
INSERT INTO "words"."words" (id, word, syllables, frequency, category) VALUES (2870, 'faccenda', 3, 0.0000148, NULL);
INSERT INTO "words"."words_lists" (word_id, list_id) VALUES (2870, '95ceb297-7bc4-4a0c-a1fb-4ba26d685079');
INSERT INTO "words"."words" (id, word, syllables, frequency, category) VALUES (2871, 'ferito', 3, 0.000024, NULL);
INSERT INTO "words"."words_lists" (word_id, list_id) VALUES (2871, '95ceb297-7bc4-4a0c-a1fb-4ba26d685079');
INSERT INTO "words"."words" (id, word, syllables, frequency, category) VALUES (2872, 'ritratto', 3, 0.0000245, NULL);
INSERT INTO "words"."words_lists" (word_id, list_id) VALUES (2872, '95ceb297-7bc4-4a0c-a1fb-4ba26d685079');
INSERT INTO "words"."words" (id, word, syllables, frequency, category) VALUES (2873, 'anteriore', 4, 0.0000182, NULL);
INSERT INTO "words"."words_lists" (word_id, list_id) VALUES (2873, '95ceb297-7bc4-4a0c-a1fb-4ba26d685079');
INSERT INTO "words"."words" (id, word, syllables, frequency, category) VALUES (2874, 'udienza', 3, 0.0000126, NULL);
INSERT INTO "words"."words_lists" (word_id, list_id) VALUES (2874, '95ceb297-7bc4-4a0c-a1fb-4ba26d685079');
INSERT INTO "words"."words" (id, word, syllables, frequency, category) VALUES (2875, 'vangelo', 3, 0.0000138, NULL);
INSERT INTO "words"."words_lists" (word_id, list_id) VALUES (2875, '95ceb297-7bc4-4a0c-a1fb-4ba26d685079');
INSERT INTO "words"."words" (id, word, syllables, frequency, category) VALUES (2876, 'sorta', 2, 0.0000537, NULL);
INSERT INTO "words"."words_lists" (word_id, list_id) VALUES (2876, '95ceb297-7bc4-4a0c-a1fb-4ba26d685079');
INSERT INTO "words"."words" (id, word, syllables, frequency, category) VALUES (2877, 'costante', 3, 0.0000468, NULL);
INSERT INTO "words"."words_lists" (word_id, list_id) VALUES (2877, '95ceb297-7bc4-4a0c-a1fb-4ba26d685079');
INSERT INTO "words"."words" (id, word, syllables, frequency, category) VALUES (2878, 'pallone', 3, 0.0000126, NULL);
INSERT INTO "words"."words_lists" (word_id, list_id) VALUES (2878, '95ceb297-7bc4-4a0c-a1fb-4ba26d685079');
INSERT INTO "words"."words" (id, word, syllables, frequency, category) VALUES (2879, 'forma', 2, 0.000229, NULL);
INSERT INTO "words"."words_lists" (word_id, list_id) VALUES (2879, '95ceb297-7bc4-4a0c-a1fb-4ba26d685079');
INSERT INTO "words"."words" (id, word, syllables, frequency, category) VALUES (2880, 'fuga', 2, 0.0000437, NULL);
INSERT INTO "words"."words_lists" (word_id, list_id) VALUES (2880, '95ceb297-7bc4-4a0c-a1fb-4ba26d685079');
INSERT INTO "words"."words" (id, word, syllables, frequency, category) VALUES (2881, 'figlio', 2, 0.000224, NULL);
INSERT INTO "words"."words_lists" (word_id, list_id) VALUES (2881, '95ceb297-7bc4-4a0c-a1fb-4ba26d685079');
INSERT INTO "words"."words" (id, word, syllables, frequency, category) VALUES (2882, 'presto', 2, 0.000145, NULL);
INSERT INTO "words"."words_lists" (word_id, list_id) VALUES (2882, '95ceb297-7bc4-4a0c-a1fb-4ba26d685079');
INSERT INTO "words"."words" (id, word, syllables, frequency, category) VALUES (2883, 'bontà', 2, 0.0000105, NULL);
INSERT INTO "words"."words_lists" (word_id, list_id) VALUES (2883, '95ceb297-7bc4-4a0c-a1fb-4ba26d685079');
INSERT INTO "words"."words" (id, word, syllables, frequency, category) VALUES (2884, 'formato', 3, 0.0000525, NULL);
INSERT INTO "words"."words_lists" (word_id, list_id) VALUES (2884, '95ceb297-7bc4-4a0c-a1fb-4ba26d685079');
INSERT INTO "words"."words" (id, word, syllables, frequency, category) VALUES (2885, 'invidia', 3, 0.0000107, NULL);
INSERT INTO "words"."words_lists" (word_id, list_id) VALUES (2885, '95ceb297-7bc4-4a0c-a1fb-4ba26d685079');
INSERT INTO "words"."words" (id, word, syllables, frequency, category) VALUES (2886, 'sforzo', 2, 0.0000288, NULL);
INSERT INTO "words"."words_lists" (word_id, list_id) VALUES (2886, '95ceb297-7bc4-4a0c-a1fb-4ba26d685079');
INSERT INTO "words"."words" (id, word, syllables, frequency, category) VALUES (2887, 'assunto', 3, 0.0000339, NULL);
INSERT INTO "words"."words_lists" (word_id, list_id) VALUES (2887, '95ceb297-7bc4-4a0c-a1fb-4ba26d685079');
INSERT INTO "words"."words" (id, word, syllables, frequency, category) VALUES (2888, 'campana', 3, 0.0000102, NULL);
INSERT INTO "words"."words_lists" (word_id, list_id) VALUES (2888, '95ceb297-7bc4-4a0c-a1fb-4ba26d685079');
INSERT INTO "words"."words" (id, word, syllables, frequency, category) VALUES (2889, 'forno', 2, 0.0000182, NULL);
INSERT INTO "words"."words_lists" (word_id, list_id) VALUES (2889, '95ceb297-7bc4-4a0c-a1fb-4ba26d685079');
INSERT INTO "words"."words" (id, word, syllables, frequency, category) VALUES (2890, 'nato', 2, 0.0001, NULL);
INSERT INTO "words"."words_lists" (word_id, list_id) VALUES (2890, '95ceb297-7bc4-4a0c-a1fb-4ba26d685079');
INSERT INTO "words"."words" (id, word, syllables, frequency, category) VALUES (2891, 'finanza', 3, 0.0000269, NULL);
INSERT INTO "words"."words_lists" (word_id, list_id) VALUES (2891, '95ceb297-7bc4-4a0c-a1fb-4ba26d685079');
INSERT INTO "words"."words" (id, word, syllables, frequency, category) VALUES (2892, 'operare', 4, 0.0000178, NULL);
INSERT INTO "words"."words_lists" (word_id, list_id) VALUES (2892, '95ceb297-7bc4-4a0c-a1fb-4ba26d685079');
INSERT INTO "words"."words" (id, word, syllables, frequency, category) VALUES (2893, 'lanciare', 3, 0.000017, NULL);
INSERT INTO "words"."words_lists" (word_id, list_id) VALUES (2893, '95ceb297-7bc4-4a0c-a1fb-4ba26d685079');
INSERT INTO "words"."words" (id, word, syllables, frequency, category) VALUES (2894, 'pensare', 3, 0.000186, NULL);
INSERT INTO "words"."words_lists" (word_id, list_id) VALUES (2894, '95ceb297-7bc4-4a0c-a1fb-4ba26d685079');
INSERT INTO "words"."words" (id, word, syllables, frequency, category) VALUES (2895, 'tradimento', 4, 0.0000162, NULL);
INSERT INTO "words"."words_lists" (word_id, list_id) VALUES (2895, '95ceb297-7bc4-4a0c-a1fb-4ba26d685079');
INSERT INTO "words"."words" (id, word, syllables, frequency, category) VALUES (2896, 'adesso', 3, 0.000324, NULL);
INSERT INTO "words"."words_lists" (word_id, list_id) VALUES (2896, '95ceb297-7bc4-4a0c-a1fb-4ba26d685079');
INSERT INTO "words"."lists" (id, type) VALUES ('dac3f4e5-44d3-47a1-a1fc-ab69a7b11a48', 'categorized');
INSERT INTO "words"."words" (id, word, syllables, frequency, category) VALUES (2897, 'leggero', 3, 0.0000214, NULL);
INSERT INTO "words"."words_lists" (word_id, list_id) VALUES (2897, 'dac3f4e5-44d3-47a1-a1fc-ab69a7b11a48');
INSERT INTO "words"."words" (id, word, syllables, frequency, category) VALUES (2898, 'dibattito', 4, 0.0000347, NULL);
INSERT INTO "words"."words_lists" (word_id, list_id) VALUES (2898, 'dac3f4e5-44d3-47a1-a1fc-ab69a7b11a48');
INSERT INTO "words"."words" (id, word, syllables, frequency, category) VALUES (2899, 'palazzo', 3, 0.0000871, NULL);
INSERT INTO "words"."words_lists" (word_id, list_id) VALUES (2899, 'dac3f4e5-44d3-47a1-a1fc-ab69a7b11a48');
INSERT INTO "words"."words" (id, word, syllables, frequency, category) VALUES (2900, 'partito', 3, 0.000204, NULL);
INSERT INTO "words"."words_lists" (word_id, list_id) VALUES (2900, 'dac3f4e5-44d3-47a1-a1fc-ab69a7b11a48');
INSERT INTO "words"."words" (id, word, syllables, frequency, category) VALUES (2901, 'dominante', 4, 0.0000135, NULL);
INSERT INTO "words"."words_lists" (word_id, list_id) VALUES (2901, 'dac3f4e5-44d3-47a1-a1fc-ab69a7b11a48');
INSERT INTO "words"."words" (id, word, syllables, frequency, category) VALUES (2902, 'pausa', 2, 0.0000316, NULL);
INSERT INTO "words"."words_lists" (word_id, list_id) VALUES (2902, 'dac3f4e5-44d3-47a1-a1fc-ab69a7b11a48');
INSERT INTO "words"."words" (id, word, syllables, frequency, category) VALUES (2903, 'ricorrere', 4, 0.0000145, NULL);
INSERT INTO "words"."words_lists" (word_id, list_id) VALUES (2903, 'dac3f4e5-44d3-47a1-a1fc-ab69a7b11a48');
INSERT INTO "words"."words" (id, word, syllables, frequency, category) VALUES (2904, 'accento', 3, 0.0000141, NULL);
INSERT INTO "words"."words_lists" (word_id, list_id) VALUES (2904, 'dac3f4e5-44d3-47a1-a1fc-ab69a7b11a48');
INSERT INTO "words"."words" (id, word, syllables, frequency, category) VALUES (2905, 'togliere', 3, 0.0000316, NULL);
INSERT INTO "words"."words_lists" (word_id, list_id) VALUES (2905, 'dac3f4e5-44d3-47a1-a1fc-ab69a7b11a48');
INSERT INTO "words"."words" (id, word, syllables, frequency, category) VALUES (2906, 'missione', 3, 0.0000661, NULL);
INSERT INTO "words"."words_lists" (word_id, list_id) VALUES (2906, 'dac3f4e5-44d3-47a1-a1fc-ab69a7b11a48');
INSERT INTO "words"."words" (id, word, syllables, frequency, category) VALUES (2907, 'Bari', 2, 0.0000372, NULL);
INSERT INTO "words"."words_lists" (word_id, list_id) VALUES (2907, 'dac3f4e5-44d3-47a1-a1fc-ab69a7b11a48');
INSERT INTO "words"."words" (id, word, syllables, frequency, category) VALUES (2908, 'sequenza', 3, 0.0000123, NULL);
INSERT INTO "words"."words_lists" (word_id, list_id) VALUES (2908, 'dac3f4e5-44d3-47a1-a1fc-ab69a7b11a48');
INSERT INTO "words"."words" (id, word, syllables, frequency, category) VALUES (2909, 'puntata', 3, 0.0000427, NULL);
INSERT INTO "words"."words_lists" (word_id, list_id) VALUES (2909, 'dac3f4e5-44d3-47a1-a1fc-ab69a7b11a48');
INSERT INTO "words"."words" (id, word, syllables, frequency, category) VALUES (2910, 'chiamare', 3, 0.0000468, NULL);
INSERT INTO "words"."words_lists" (word_id, list_id) VALUES (2910, 'dac3f4e5-44d3-47a1-a1fc-ab69a7b11a48');
INSERT INTO "words"."words" (id, word, syllables, frequency, category) VALUES (2911, 'esclusiva', 4, 0.0000209, NULL);
INSERT INTO "words"."words_lists" (word_id, list_id) VALUES (2911, 'dac3f4e5-44d3-47a1-a1fc-ab69a7b11a48');
INSERT INTO "words"."words" (id, word, syllables, frequency, category) VALUES (2912, 'movimento', 4, 0.000132, NULL);
INSERT INTO "words"."words_lists" (word_id, list_id) VALUES (2912, 'dac3f4e5-44d3-47a1-a1fc-ab69a7b11a48');
INSERT INTO "words"."words" (id, word, syllables, frequency, category) VALUES (2913, 'avvio', 3, 0.000012, NULL);
INSERT INTO "words"."words_lists" (word_id, list_id) VALUES (2913, 'dac3f4e5-44d3-47a1-a1fc-ab69a7b11a48');
INSERT INTO "words"."words" (id, word, syllables, frequency, category) VALUES (2914, 'monopolio', 4, 0.00001, NULL);
INSERT INTO "words"."words_lists" (word_id, list_id) VALUES (2914, 'dac3f4e5-44d3-47a1-a1fc-ab69a7b11a48');
INSERT INTO "words"."words" (id, word, syllables, frequency, category) VALUES (2915, 'dotato', 3, 0.0000214, NULL);
INSERT INTO "words"."words_lists" (word_id, list_id) VALUES (2915, 'dac3f4e5-44d3-47a1-a1fc-ab69a7b11a48');
INSERT INTO "words"."words" (id, word, syllables, frequency, category) VALUES (2916, 'podio', 2, 0.0000107, NULL);
INSERT INTO "words"."words_lists" (word_id, list_id) VALUES (2916, 'dac3f4e5-44d3-47a1-a1fc-ab69a7b11a48');
INSERT INTO "words"."words" (id, word, syllables, frequency, category) VALUES (2917, 'federazione', 5, 0.0000224, NULL);
INSERT INTO "words"."words_lists" (word_id, list_id) VALUES (2917, 'dac3f4e5-44d3-47a1-a1fc-ab69a7b11a48');
INSERT INTO "words"."words" (id, word, syllables, frequency, category) VALUES (2918, 'canone', 3, 0.0000141, NULL);
INSERT INTO "words"."words_lists" (word_id, list_id) VALUES (2918, 'dac3f4e5-44d3-47a1-a1fc-ab69a7b11a48');
INSERT INTO "words"."words" (id, word, syllables, frequency, category) VALUES (2919, 'contratto', 3, 0.000112, NULL);
INSERT INTO "words"."words_lists" (word_id, list_id) VALUES (2919, 'dac3f4e5-44d3-47a1-a1fc-ab69a7b11a48');
INSERT INTO "words"."words" (id, word, syllables, frequency, category) VALUES (2920, 'gomma', 2, 0.0000158, NULL);
INSERT INTO "words"."words_lists" (word_id, list_id) VALUES (2920, 'dac3f4e5-44d3-47a1-a1fc-ab69a7b11a48');
INSERT INTO "words"."words" (id, word, syllables, frequency, category) VALUES (2921, 'mondiali', 3, 0.000038, NULL);
INSERT INTO "words"."words_lists" (word_id, list_id) VALUES (2921, 'dac3f4e5-44d3-47a1-a1fc-ab69a7b11a48');
INSERT INTO "words"."words" (id, word, syllables, frequency, category) VALUES (2922, 'vicinanza', 4, 0.0000112, NULL);
INSERT INTO "words"."words_lists" (word_id, list_id) VALUES (2922, 'dac3f4e5-44d3-47a1-a1fc-ab69a7b11a48');
INSERT INTO "words"."words" (id, word, syllables, frequency, category) VALUES (2923, 'letterario', 4, 0.0000162, NULL);
INSERT INTO "words"."words_lists" (word_id, list_id) VALUES (2923, 'dac3f4e5-44d3-47a1-a1fc-ab69a7b11a48');
INSERT INTO "words"."words" (id, word, syllables, frequency, category) VALUES (2924, 'guardia', 2, 0.0000562, NULL);
INSERT INTO "words"."words_lists" (word_id, list_id) VALUES (2924, 'dac3f4e5-44d3-47a1-a1fc-ab69a7b11a48');
INSERT INTO "words"."words" (id, word, syllables, frequency, category) VALUES (2925, 'appartenente', 5, 0.0000107, NULL);
INSERT INTO "words"."words_lists" (word_id, list_id) VALUES (2925, 'dac3f4e5-44d3-47a1-a1fc-ab69a7b11a48');
INSERT INTO "words"."words" (id, word, syllables, frequency, category) VALUES (2926, 'frase', 2, 0.0000537, NULL);
INSERT INTO "words"."words_lists" (word_id, list_id) VALUES (2926, 'dac3f4e5-44d3-47a1-a1fc-ab69a7b11a48');
INSERT INTO "words"."words" (id, word, syllables, frequency, category) VALUES (2927, 'mostrare', 3, 0.0000295, NULL);
INSERT INTO "words"."words_lists" (word_id, list_id) VALUES (2927, 'dac3f4e5-44d3-47a1-a1fc-ab69a7b11a48');
INSERT INTO "words"."words" (id, word, syllables, frequency, category) VALUES (2928, 'libertà', 3, 0.000145, NULL);
INSERT INTO "words"."words_lists" (word_id, list_id) VALUES (2928, 'dac3f4e5-44d3-47a1-a1fc-ab69a7b11a48');
INSERT INTO "words"."lists" (id, type) VALUES ('26e90228-ee42-4163-9935-b05c7f076818', 'categorized');
INSERT INTO "words"."words" (id, word, syllables, frequency, category) VALUES (2929, 'fissare', 3, 0.0000112, NULL);
INSERT INTO "words"."words_lists" (word_id, list_id) VALUES (2929, '26e90228-ee42-4163-9935-b05c7f076818');
INSERT INTO "words"."words" (id, word, syllables, frequency, category) VALUES (2930, 'ragionamento', 5, 0.0000132, NULL);
INSERT INTO "words"."words_lists" (word_id, list_id) VALUES (2930, '26e90228-ee42-4163-9935-b05c7f076818');
INSERT INTO "words"."words" (id, word, syllables, frequency, category) VALUES (2931, 'ragionare', 4, 0.00001, NULL);
INSERT INTO "words"."words_lists" (word_id, list_id) VALUES (2931, '26e90228-ee42-4163-9935-b05c7f076818');
INSERT INTO "words"."words" (id, word, syllables, frequency, category) VALUES (2932, 'gestione', 3, 0.0000776, NULL);
INSERT INTO "words"."words_lists" (word_id, list_id) VALUES (2932, '26e90228-ee42-4163-9935-b05c7f076818');
INSERT INTO "words"."words" (id, word, syllables, frequency, category) VALUES (2933, 'mostro', 2, 0.00002, NULL);
INSERT INTO "words"."words_lists" (word_id, list_id) VALUES (2933, '26e90228-ee42-4163-9935-b05c7f076818');
INSERT INTO "words"."words" (id, word, syllables, frequency, category) VALUES (2934, 'risoluzione', 5, 0.0000288, NULL);
INSERT INTO "words"."words_lists" (word_id, list_id) VALUES (2934, '26e90228-ee42-4163-9935-b05c7f076818');
INSERT INTO "words"."words" (id, word, syllables, frequency, category) VALUES (2935, 'formare', 3, 0.0000269, NULL);
INSERT INTO "words"."words_lists" (word_id, list_id) VALUES (2935, '26e90228-ee42-4163-9935-b05c7f076818');
INSERT INTO "words"."words" (id, word, syllables, frequency, category) VALUES (2936, 'armonia', 4, 0.0000129, NULL);
INSERT INTO "words"."words_lists" (word_id, list_id) VALUES (2936, '26e90228-ee42-4163-9935-b05c7f076818');
INSERT INTO "words"."words" (id, word, syllables, frequency, category) VALUES (2937, 'proposto', 3, 0.0000372, NULL);
INSERT INTO "words"."words_lists" (word_id, list_id) VALUES (2937, '26e90228-ee42-4163-9935-b05c7f076818');
INSERT INTO "words"."words" (id, word, syllables, frequency, category) VALUES (2938, 'colombo', 3, 0.0000126, NULL);
INSERT INTO "words"."words_lists" (word_id, list_id) VALUES (2938, '26e90228-ee42-4163-9935-b05c7f076818');
INSERT INTO "words"."words" (id, word, syllables, frequency, category) VALUES (2939, 'rispetto', 3, 0.000331, NULL);
INSERT INTO "words"."words_lists" (word_id, list_id) VALUES (2939, '26e90228-ee42-4163-9935-b05c7f076818');
INSERT INTO "words"."words" (id, word, syllables, frequency, category) VALUES (2940, 'andare', 3, 0.000417, NULL);
INSERT INTO "words"."words_lists" (word_id, list_id) VALUES (2940, '26e90228-ee42-4163-9935-b05c7f076818');
INSERT INTO "words"."words" (id, word, syllables, frequency, category) VALUES (2941, 'rendersi', 3, 0.0000115, NULL);
INSERT INTO "words"."words_lists" (word_id, list_id) VALUES (2941, '26e90228-ee42-4163-9935-b05c7f076818');
INSERT INTO "words"."words" (id, word, syllables, frequency, category) VALUES (2942, 'soccorso', 3, 0.000038, NULL);
INSERT INTO "words"."words_lists" (word_id, list_id) VALUES (2942, '26e90228-ee42-4163-9935-b05c7f076818');
INSERT INTO "words"."words" (id, word, syllables, frequency, category) VALUES (2943, 'organismo', 4, 0.0000117, NULL);
INSERT INTO "words"."words_lists" (word_id, list_id) VALUES (2943, '26e90228-ee42-4163-9935-b05c7f076818');
INSERT INTO "words"."words" (id, word, syllables, frequency, category) VALUES (2944, 'bloccato', 3, 0.0000295, NULL);
INSERT INTO "words"."words_lists" (word_id, list_id) VALUES (2944, '26e90228-ee42-4163-9935-b05c7f076818');
INSERT INTO "words"."words" (id, word, syllables, frequency, category) VALUES (2945, 'distretto', 3, 0.0000417, NULL);
INSERT INTO "words"."words_lists" (word_id, list_id) VALUES (2945, '26e90228-ee42-4163-9935-b05c7f076818');
INSERT INTO "words"."words" (id, word, syllables, frequency, category) VALUES (2946, 'navigazione', 5, 0.0000178, NULL);
INSERT INTO "words"."words_lists" (word_id, list_id) VALUES (2946, '26e90228-ee42-4163-9935-b05c7f076818');
INSERT INTO "words"."words" (id, word, syllables, frequency, category) VALUES (2947, 'fare', 2, 0.00141, NULL);
INSERT INTO "words"."words_lists" (word_id, list_id) VALUES (2947, '26e90228-ee42-4163-9935-b05c7f076818');
INSERT INTO "words"."words" (id, word, syllables, frequency, category) VALUES (2948, 'addetto', 3, 0.0000129, NULL);
INSERT INTO "words"."words_lists" (word_id, list_id) VALUES (2948, '26e90228-ee42-4163-9935-b05c7f076818');
INSERT INTO "words"."words" (id, word, syllables, frequency, category) VALUES (2949, 'assistito', 4, 0.0000148, NULL);
INSERT INTO "words"."words_lists" (word_id, list_id) VALUES (2949, '26e90228-ee42-4163-9935-b05c7f076818');
INSERT INTO "words"."words" (id, word, syllables, frequency, category) VALUES (2950, 'silenzio', 3, 0.0000794, NULL);
INSERT INTO "words"."words_lists" (word_id, list_id) VALUES (2950, '26e90228-ee42-4163-9935-b05c7f076818');
INSERT INTO "words"."words" (id, word, syllables, frequency, category) VALUES (2951, 'periodo', 4, 0.000219, NULL);
INSERT INTO "words"."words_lists" (word_id, list_id) VALUES (2951, '26e90228-ee42-4163-9935-b05c7f076818');
INSERT INTO "words"."words" (id, word, syllables, frequency, category) VALUES (2952, 'morto', 2, 0.00011, NULL);
INSERT INTO "words"."words_lists" (word_id, list_id) VALUES (2952, '26e90228-ee42-4163-9935-b05c7f076818');
INSERT INTO "words"."words" (id, word, syllables, frequency, category) VALUES (2953, 'corrispondente', 5, 0.0000204, NULL);
INSERT INTO "words"."words_lists" (word_id, list_id) VALUES (2953, '26e90228-ee42-4163-9935-b05c7f076818');
INSERT INTO "words"."words" (id, word, syllables, frequency, category) VALUES (2954, 'soggetto', 3, 0.0000513, NULL);
INSERT INTO "words"."words_lists" (word_id, list_id) VALUES (2954, '26e90228-ee42-4163-9935-b05c7f076818');
INSERT INTO "words"."words" (id, word, syllables, frequency, category) VALUES (2955, 'fegato', 3, 0.0000155, NULL);
INSERT INTO "words"."words_lists" (word_id, list_id) VALUES (2955, '26e90228-ee42-4163-9935-b05c7f076818');
INSERT INTO "words"."words" (id, word, syllables, frequency, category) VALUES (2956, 'chiaro', 2, 0.000123, NULL);
INSERT INTO "words"."words_lists" (word_id, list_id) VALUES (2956, '26e90228-ee42-4163-9935-b05c7f076818');
INSERT INTO "words"."words" (id, word, syllables, frequency, category) VALUES (2957, 'ironia', 4, 0.0000186, NULL);
INSERT INTO "words"."words_lists" (word_id, list_id) VALUES (2957, '26e90228-ee42-4163-9935-b05c7f076818');
INSERT INTO "words"."words" (id, word, syllables, frequency, category) VALUES (2958, 'cotta', 2, 0.0000102, NULL);
INSERT INTO "words"."words_lists" (word_id, list_id) VALUES (2958, '26e90228-ee42-4163-9935-b05c7f076818');
INSERT INTO "words"."words" (id, word, syllables, frequency, category) VALUES (2959, 'individuo', 4, 0.00002, NULL);
INSERT INTO "words"."words_lists" (word_id, list_id) VALUES (2959, '26e90228-ee42-4163-9935-b05c7f076818');
INSERT INTO "words"."words" (id, word, syllables, frequency, category) VALUES (2960, 'diretta', 3, 0.000107, NULL);
INSERT INTO "words"."words_lists" (word_id, list_id) VALUES (2960, '26e90228-ee42-4163-9935-b05c7f076818');
INSERT INTO "words"."lists" (id, type) VALUES ('b02da10a-453c-4e6f-ae53-4b3479407761', 'categorized');
INSERT INTO "words"."words" (id, word, syllables, frequency, category) VALUES (2961, 'turismo', 3, 0.0000389, NULL);
INSERT INTO "words"."words_lists" (word_id, list_id) VALUES (2961, 'b02da10a-453c-4e6f-ae53-4b3479407761');
INSERT INTO "words"."words" (id, word, syllables, frequency, category) VALUES (2962, 'gesto', 2, 0.0000339, NULL);
INSERT INTO "words"."words_lists" (word_id, list_id) VALUES (2962, 'b02da10a-453c-4e6f-ae53-4b3479407761');
INSERT INTO "words"."words" (id, word, syllables, frequency, category) VALUES (2963, 'ancora', 3, 0.00117, NULL);
INSERT INTO "words"."words_lists" (word_id, list_id) VALUES (2963, 'b02da10a-453c-4e6f-ae53-4b3479407761');
INSERT INTO "words"."words" (id, word, syllables, frequency, category) VALUES (2964, 'orgoglioso', 4, 0.000012, NULL);
INSERT INTO "words"."words_lists" (word_id, list_id) VALUES (2964, 'b02da10a-453c-4e6f-ae53-4b3479407761');
INSERT INTO "words"."words" (id, word, syllables, frequency, category) VALUES (2965, 'mestiere', 3, 0.0000174, NULL);
INSERT INTO "words"."words_lists" (word_id, list_id) VALUES (2965, 'b02da10a-453c-4e6f-ae53-4b3479407761');
INSERT INTO "words"."words" (id, word, syllables, frequency, category) VALUES (2966, 'confronto', 3, 0.0000617, NULL);
INSERT INTO "words"."words_lists" (word_id, list_id) VALUES (2966, 'b02da10a-453c-4e6f-ae53-4b3479407761');
INSERT INTO "words"."words" (id, word, syllables, frequency, category) VALUES (2967, 'colloquio', 3, 0.0000162, NULL);
INSERT INTO "words"."words_lists" (word_id, list_id) VALUES (2967, 'b02da10a-453c-4e6f-ae53-4b3479407761');
INSERT INTO "words"."words" (id, word, syllables, frequency, category) VALUES (2968, 'mago', 2, 0.0000107, NULL);
INSERT INTO "words"."words_lists" (word_id, list_id) VALUES (2968, 'b02da10a-453c-4e6f-ae53-4b3479407761');
INSERT INTO "words"."words" (id, word, syllables, frequency, category) VALUES (2969, 'volta', 2, 0.000741, NULL);
INSERT INTO "words"."words_lists" (word_id, list_id) VALUES (2969, 'b02da10a-453c-4e6f-ae53-4b3479407761');
INSERT INTO "words"."words" (id, word, syllables, frequency, category) VALUES (2970, 'razionale', 4, 0.0000129, NULL);
INSERT INTO "words"."words_lists" (word_id, list_id) VALUES (2970, 'b02da10a-453c-4e6f-ae53-4b3479407761');
INSERT INTO "words"."words" (id, word, syllables, frequency, category) VALUES (2971, 'attuale', 3, 0.0000912, NULL);
INSERT INTO "words"."words_lists" (word_id, list_id) VALUES (2971, 'b02da10a-453c-4e6f-ae53-4b3479407761');
INSERT INTO "words"."words" (id, word, syllables, frequency, category) VALUES (2972, 'evidenza', 4, 0.0000257, NULL);
INSERT INTO "words"."words_lists" (word_id, list_id) VALUES (2972, 'b02da10a-453c-4e6f-ae53-4b3479407761');
INSERT INTO "words"."words" (id, word, syllables, frequency, category) VALUES (2973, 'stagione', 3, 0.000129, NULL);
INSERT INTO "words"."words_lists" (word_id, list_id) VALUES (2973, 'b02da10a-453c-4e6f-ae53-4b3479407761');
INSERT INTO "words"."words" (id, word, syllables, frequency, category) VALUES (2974, 'tipo', 2, 0.000417, NULL);
INSERT INTO "words"."words_lists" (word_id, list_id) VALUES (2974, 'b02da10a-453c-4e6f-ae53-4b3479407761');
INSERT INTO "words"."words" (id, word, syllables, frequency, category) VALUES (2975, 'avviato', 4, 0.0000115, NULL);
INSERT INTO "words"."words_lists" (word_id, list_id) VALUES (2975, 'b02da10a-453c-4e6f-ae53-4b3479407761');
INSERT INTO "words"."words" (id, word, syllables, frequency, category) VALUES (2976, 'corrente', 3, 0.0000603, NULL);
INSERT INTO "words"."words_lists" (word_id, list_id) VALUES (2976, 'b02da10a-453c-4e6f-ae53-4b3479407761');
INSERT INTO "words"."words" (id, word, syllables, frequency, category) VALUES (2977, 'montaggio', 3, 0.0000107, NULL);
INSERT INTO "words"."words_lists" (word_id, list_id) VALUES (2977, 'b02da10a-453c-4e6f-ae53-4b3479407761');
INSERT INTO "words"."words" (id, word, syllables, frequency, category) VALUES (2978, 'consulenza', 4, 0.0000126, NULL);
INSERT INTO "words"."words_lists" (word_id, list_id) VALUES (2978, 'b02da10a-453c-4e6f-ae53-4b3479407761');
INSERT INTO "words"."words" (id, word, syllables, frequency, category) VALUES (2979, 'scrittura', 3, 0.0000339, NULL);
INSERT INTO "words"."words_lists" (word_id, list_id) VALUES (2979, 'b02da10a-453c-4e6f-ae53-4b3479407761');
INSERT INTO "words"."words" (id, word, syllables, frequency, category) VALUES (2980, 'nove', 2, 0.0000479, NULL);
INSERT INTO "words"."words_lists" (word_id, list_id) VALUES (2980, 'b02da10a-453c-4e6f-ae53-4b3479407761');
INSERT INTO "words"."words" (id, word, syllables, frequency, category) VALUES (2981, 'sonora', 3, 0.0000115, NULL);
INSERT INTO "words"."words_lists" (word_id, list_id) VALUES (2981, 'b02da10a-453c-4e6f-ae53-4b3479407761');
INSERT INTO "words"."words" (id, word, syllables, frequency, category) VALUES (2982, 'teste', 2, 0.0000224, NULL);
INSERT INTO "words"."words_lists" (word_id, list_id) VALUES (2982, 'b02da10a-453c-4e6f-ae53-4b3479407761');
INSERT INTO "words"."words" (id, word, syllables, frequency, category) VALUES (2983, 'funzione', 3, 0.0000813, NULL);
INSERT INTO "words"."words_lists" (word_id, list_id) VALUES (2983, 'b02da10a-453c-4e6f-ae53-4b3479407761');
INSERT INTO "words"."words" (id, word, syllables, frequency, category) VALUES (2984, 'sentimento', 4, 0.0000269, NULL);
INSERT INTO "words"."words_lists" (word_id, list_id) VALUES (2984, 'b02da10a-453c-4e6f-ae53-4b3479407761');
INSERT INTO "words"."words" (id, word, syllables, frequency, category) VALUES (2985, 'pronto', 2, 0.0000776, NULL);
INSERT INTO "words"."words_lists" (word_id, list_id) VALUES (2985, 'b02da10a-453c-4e6f-ae53-4b3479407761');
INSERT INTO "words"."words" (id, word, syllables, frequency, category) VALUES (2986, 'eleganza', 4, 0.0000102, NULL);
INSERT INTO "words"."words_lists" (word_id, list_id) VALUES (2986, 'b02da10a-453c-4e6f-ae53-4b3479407761');
INSERT INTO "words"."words" (id, word, syllables, frequency, category) VALUES (2987, 'scuro', 2, 0.0000132, NULL);
INSERT INTO "words"."words_lists" (word_id, list_id) VALUES (2987, 'b02da10a-453c-4e6f-ae53-4b3479407761');
INSERT INTO "words"."words" (id, word, syllables, frequency, category) VALUES (2988, 'mondiali', 3, 0.000038, NULL);
INSERT INTO "words"."words_lists" (word_id, list_id) VALUES (2988, 'b02da10a-453c-4e6f-ae53-4b3479407761');
INSERT INTO "words"."words" (id, word, syllables, frequency, category) VALUES (2989, 'disperato', 4, 0.000012, NULL);
INSERT INTO "words"."words_lists" (word_id, list_id) VALUES (2989, 'b02da10a-453c-4e6f-ae53-4b3479407761');
INSERT INTO "words"."words" (id, word, syllables, frequency, category) VALUES (2990, 'Juventus', 2, 0.0000138, NULL);
INSERT INTO "words"."words_lists" (word_id, list_id) VALUES (2990, 'b02da10a-453c-4e6f-ae53-4b3479407761');
INSERT INTO "words"."words" (id, word, syllables, frequency, category) VALUES (2991, 'trentino', 3, 0.0000141, NULL);
INSERT INTO "words"."words_lists" (word_id, list_id) VALUES (2991, 'b02da10a-453c-4e6f-ae53-4b3479407761');
INSERT INTO "words"."words" (id, word, syllables, frequency, category) VALUES (2992, 'maratona', 4, 0.0000117, NULL);
INSERT INTO "words"."words_lists" (word_id, list_id) VALUES (2992, 'b02da10a-453c-4e6f-ae53-4b3479407761');
INSERT INTO "words"."lists" (id, type) VALUES ('37f6bbc6-5a13-48c2-9779-21020013e0cd', 'categorized');
INSERT INTO "words"."words" (id, word, syllables, frequency, category) VALUES (2993, 'trasparente', 4, 0.000012, NULL);
INSERT INTO "words"."words_lists" (word_id, list_id) VALUES (2993, '37f6bbc6-5a13-48c2-9779-21020013e0cd');
INSERT INTO "words"."words" (id, word, syllables, frequency, category) VALUES (2994, 'ospite', 3, 0.0000275, NULL);
INSERT INTO "words"."words_lists" (word_id, list_id) VALUES (2994, '37f6bbc6-5a13-48c2-9779-21020013e0cd');
INSERT INTO "words"."words" (id, word, syllables, frequency, category) VALUES (2995, 'assumere', 4, 0.0000316, NULL);
INSERT INTO "words"."words_lists" (word_id, list_id) VALUES (2995, '37f6bbc6-5a13-48c2-9779-21020013e0cd');
INSERT INTO "words"."words" (id, word, syllables, frequency, category) VALUES (2996, 'babbo', 2, 0.0000126, NULL);
INSERT INTO "words"."words_lists" (word_id, list_id) VALUES (2996, '37f6bbc6-5a13-48c2-9779-21020013e0cd');
INSERT INTO "words"."words" (id, word, syllables, frequency, category) VALUES (2997, 'salto', 2, 0.0000275, NULL);
INSERT INTO "words"."words_lists" (word_id, list_id) VALUES (2997, '37f6bbc6-5a13-48c2-9779-21020013e0cd');
INSERT INTO "words"."words" (id, word, syllables, frequency, category) VALUES (2998, 'ragazzino', 4, 0.0000174, NULL);
INSERT INTO "words"."words_lists" (word_id, list_id) VALUES (2998, '37f6bbc6-5a13-48c2-9779-21020013e0cd');
INSERT INTO "words"."words" (id, word, syllables, frequency, category) VALUES (2999, 'nazista', 3, 0.000012, NULL);
INSERT INTO "words"."words_lists" (word_id, list_id) VALUES (2999, '37f6bbc6-5a13-48c2-9779-21020013e0cd');
INSERT INTO "words"."words" (id, word, syllables, frequency, category) VALUES (3000, 'partenza', 3, 0.0000501, NULL);
INSERT INTO "words"."words_lists" (word_id, list_id) VALUES (3000, '37f6bbc6-5a13-48c2-9779-21020013e0cd');
INSERT INTO "words"."words" (id, word, syllables, frequency, category) VALUES (3001, 'classe', 2, 0.000155, NULL);
INSERT INTO "words"."words_lists" (word_id, list_id) VALUES (3001, '37f6bbc6-5a13-48c2-9779-21020013e0cd');
INSERT INTO "words"."words" (id, word, syllables, frequency, category) VALUES (3002, 'rendersi', 3, 0.0000115, NULL);
INSERT INTO "words"."words_lists" (word_id, list_id) VALUES (3002, '37f6bbc6-5a13-48c2-9779-21020013e0cd');
INSERT INTO "words"."words" (id, word, syllables, frequency, category) VALUES (3003, 'costruire', 4, 0.000055, NULL);
INSERT INTO "words"."words_lists" (word_id, list_id) VALUES (3003, '37f6bbc6-5a13-48c2-9779-21020013e0cd');
INSERT INTO "words"."words" (id, word, syllables, frequency, category) VALUES (3004, 'piacevole', 4, 0.0000204, NULL);
INSERT INTO "words"."words_lists" (word_id, list_id) VALUES (3004, '37f6bbc6-5a13-48c2-9779-21020013e0cd');
INSERT INTO "words"."words" (id, word, syllables, frequency, category) VALUES (3005, 'marco', 2, 0.0000776, NULL);
INSERT INTO "words"."words_lists" (word_id, list_id) VALUES (3005, '37f6bbc6-5a13-48c2-9779-21020013e0cd');
INSERT INTO "words"."words" (id, word, syllables, frequency, category) VALUES (3006, 'rame', 2, 0.0000115, NULL);
INSERT INTO "words"."words_lists" (word_id, list_id) VALUES (3006, '37f6bbc6-5a13-48c2-9779-21020013e0cd');
INSERT INTO "words"."words" (id, word, syllables, frequency, category) VALUES (3007, 'odio', 2, 0.0000832, NULL);
INSERT INTO "words"."words_lists" (word_id, list_id) VALUES (3007, '37f6bbc6-5a13-48c2-9779-21020013e0cd');
INSERT INTO "words"."words" (id, word, syllables, frequency, category) VALUES (3008, 'razionale', 4, 0.0000129, NULL);
INSERT INTO "words"."words_lists" (word_id, list_id) VALUES (3008, '37f6bbc6-5a13-48c2-9779-21020013e0cd');
INSERT INTO "words"."words" (id, word, syllables, frequency, category) VALUES (3009, 'bel', 2, 0.000141, NULL);
INSERT INTO "words"."words_lists" (word_id, list_id) VALUES (3009, '37f6bbc6-5a13-48c2-9779-21020013e0cd');
INSERT INTO "words"."words" (id, word, syllables, frequency, category) VALUES (3010, 'alfa', 2, 0.000011, NULL);
INSERT INTO "words"."words_lists" (word_id, list_id) VALUES (3010, '37f6bbc6-5a13-48c2-9779-21020013e0cd');
INSERT INTO "words"."words" (id, word, syllables, frequency, category) VALUES (3011, 'archivio', 3, 0.000024, NULL);
INSERT INTO "words"."words_lists" (word_id, list_id) VALUES (3011, '37f6bbc6-5a13-48c2-9779-21020013e0cd');
INSERT INTO "words"."words" (id, word, syllables, frequency, category) VALUES (3012, 'contea', 3, 0.0000126, NULL);
INSERT INTO "words"."words_lists" (word_id, list_id) VALUES (3012, '37f6bbc6-5a13-48c2-9779-21020013e0cd');
INSERT INTO "words"."words" (id, word, syllables, frequency, category) VALUES (3013, 'complicato', 4, 0.0000186, NULL);
INSERT INTO "words"."words_lists" (word_id, list_id) VALUES (3013, '37f6bbc6-5a13-48c2-9779-21020013e0cd');
INSERT INTO "words"."words" (id, word, syllables, frequency, category) VALUES (3014, 'fortemente', 4, 0.0000372, NULL);
INSERT INTO "words"."words_lists" (word_id, list_id) VALUES (3014, '37f6bbc6-5a13-48c2-9779-21020013e0cd');
INSERT INTO "words"."words" (id, word, syllables, frequency, category) VALUES (3015, 'pistola', 3, 0.0000219, NULL);
INSERT INTO "words"."words_lists" (word_id, list_id) VALUES (3015, '37f6bbc6-5a13-48c2-9779-21020013e0cd');
INSERT INTO "words"."words" (id, word, syllables, frequency, category) VALUES (3016, 'intendere', 4, 0.000012, NULL);
INSERT INTO "words"."words_lists" (word_id, list_id) VALUES (3016, '37f6bbc6-5a13-48c2-9779-21020013e0cd');
INSERT INTO "words"."words" (id, word, syllables, frequency, category) VALUES (3017, 'diploma', 3, 0.0000178, NULL);
INSERT INTO "words"."words_lists" (word_id, list_id) VALUES (3017, '37f6bbc6-5a13-48c2-9779-21020013e0cd');
INSERT INTO "words"."words" (id, word, syllables, frequency, category) VALUES (3018, 'mattina', 3, 0.000105, NULL);
INSERT INTO "words"."words_lists" (word_id, list_id) VALUES (3018, '37f6bbc6-5a13-48c2-9779-21020013e0cd');
INSERT INTO "words"."words" (id, word, syllables, frequency, category) VALUES (3019, 'idiota', 3, 0.0000219, NULL);
INSERT INTO "words"."words_lists" (word_id, list_id) VALUES (3019, '37f6bbc6-5a13-48c2-9779-21020013e0cd');
INSERT INTO "words"."words" (id, word, syllables, frequency, category) VALUES (3020, 'augusto', 3, 0.0000129, NULL);
INSERT INTO "words"."words_lists" (word_id, list_id) VALUES (3020, '37f6bbc6-5a13-48c2-9779-21020013e0cd');
INSERT INTO "words"."words" (id, word, syllables, frequency, category) VALUES (3021, 'villa', 2, 0.0000575, NULL);
INSERT INTO "words"."words_lists" (word_id, list_id) VALUES (3021, '37f6bbc6-5a13-48c2-9779-21020013e0cd');
INSERT INTO "words"."words" (id, word, syllables, frequency, category) VALUES (3022, 'terreno', 3, 0.000055, NULL);
INSERT INTO "words"."words_lists" (word_id, list_id) VALUES (3022, '37f6bbc6-5a13-48c2-9779-21020013e0cd');
INSERT INTO "words"."words" (id, word, syllables, frequency, category) VALUES (3023, 'pubblico', 3, 0.000251, NULL);
INSERT INTO "words"."words_lists" (word_id, list_id) VALUES (3023, '37f6bbc6-5a13-48c2-9779-21020013e0cd');
INSERT INTO "words"."words" (id, word, syllables, frequency, category) VALUES (3024, 'raccogliere', 4, 0.0000316, NULL);
INSERT INTO "words"."words_lists" (word_id, list_id) VALUES (3024, '37f6bbc6-5a13-48c2-9779-21020013e0cd');
INSERT INTO "words"."lists" (id, type) VALUES ('054a255f-ebd1-46ed-b3de-824db011147d', 'categorized');
INSERT INTO "words"."words" (id, word, syllables, frequency, category) VALUES (3025, 'mistero', 3, 0.0000257, NULL);
INSERT INTO "words"."words_lists" (word_id, list_id) VALUES (3025, '054a255f-ebd1-46ed-b3de-824db011147d');
INSERT INTO "words"."words" (id, word, syllables, frequency, category) VALUES (3026, 'cifra', 2, 0.0000282, NULL);
INSERT INTO "words"."words_lists" (word_id, list_id) VALUES (3026, '054a255f-ebd1-46ed-b3de-824db011147d');
INSERT INTO "words"."words" (id, word, syllables, frequency, category) VALUES (3027, 'ritratto', 3, 0.0000245, NULL);
INSERT INTO "words"."words_lists" (word_id, list_id) VALUES (3027, '054a255f-ebd1-46ed-b3de-824db011147d');
INSERT INTO "words"."words" (id, word, syllables, frequency, category) VALUES (3028, 'borsa', 2, 0.0000427, NULL);
INSERT INTO "words"."words_lists" (word_id, list_id) VALUES (3028, '054a255f-ebd1-46ed-b3de-824db011147d');
INSERT INTO "words"."words" (id, word, syllables, frequency, category) VALUES (3029, 'postale', 3, 0.0000129, NULL);
INSERT INTO "words"."words_lists" (word_id, list_id) VALUES (3029, '054a255f-ebd1-46ed-b3de-824db011147d');
INSERT INTO "words"."words" (id, word, syllables, frequency, category) VALUES (3030, 'fila', 2, 0.0000468, NULL);
INSERT INTO "words"."words_lists" (word_id, list_id) VALUES (3030, '054a255f-ebd1-46ed-b3de-824db011147d');
INSERT INTO "words"."words" (id, word, syllables, frequency, category) VALUES (3031, 'oggetto', 3, 0.0000813, NULL);
INSERT INTO "words"."words_lists" (word_id, list_id) VALUES (3031, '054a255f-ebd1-46ed-b3de-824db011147d');
INSERT INTO "words"."words" (id, word, syllables, frequency, category) VALUES (3032, 'dottrina', 3, 0.0000135, NULL);
INSERT INTO "words"."words_lists" (word_id, list_id) VALUES (3032, '054a255f-ebd1-46ed-b3de-824db011147d');
INSERT INTO "words"."words" (id, word, syllables, frequency, category) VALUES (3033, 'maestà', 3, 0.000011, NULL);
INSERT INTO "words"."words_lists" (word_id, list_id) VALUES (3033, '054a255f-ebd1-46ed-b3de-824db011147d');
INSERT INTO "words"."words" (id, word, syllables, frequency, category) VALUES (3034, 'scoprire', 3, 0.0000589, NULL);
INSERT INTO "words"."words_lists" (word_id, list_id) VALUES (3034, '054a255f-ebd1-46ed-b3de-824db011147d');
INSERT INTO "words"."words" (id, word, syllables, frequency, category) VALUES (3035, 'personale', 4, 0.00017, NULL);
INSERT INTO "words"."words_lists" (word_id, list_id) VALUES (3035, '054a255f-ebd1-46ed-b3de-824db011147d');
INSERT INTO "words"."words" (id, word, syllables, frequency, category) VALUES (3036, 'ripresa', 3, 0.0000363, NULL);
INSERT INTO "words"."words_lists" (word_id, list_id) VALUES (3036, '054a255f-ebd1-46ed-b3de-824db011147d');
INSERT INTO "words"."words" (id, word, syllables, frequency, category) VALUES (3037, 'visto', 2, 0.000513, NULL);
INSERT INTO "words"."words_lists" (word_id, list_id) VALUES (3037, '054a255f-ebd1-46ed-b3de-824db011147d');
INSERT INTO "words"."words" (id, word, syllables, frequency, category) VALUES (3038, 'angelo', 3, 0.0000437, NULL);
INSERT INTO "words"."words_lists" (word_id, list_id) VALUES (3038, '054a255f-ebd1-46ed-b3de-824db011147d');
INSERT INTO "words"."words" (id, word, syllables, frequency, category) VALUES (3039, 'prendersi', 3, 0.0000191, NULL);
INSERT INTO "words"."words_lists" (word_id, list_id) VALUES (3039, '054a255f-ebd1-46ed-b3de-824db011147d');
INSERT INTO "words"."words" (id, word, syllables, frequency, category) VALUES (3040, 'caro', 2, 0.0000631, NULL);
INSERT INTO "words"."words_lists" (word_id, list_id) VALUES (3040, '054a255f-ebd1-46ed-b3de-824db011147d');
INSERT INTO "words"."words" (id, word, syllables, frequency, category) VALUES (3041, 'leggenda', 3, 0.0000224, NULL);
INSERT INTO "words"."words_lists" (word_id, list_id) VALUES (3041, '054a255f-ebd1-46ed-b3de-824db011147d');
INSERT INTO "words"."words" (id, word, syllables, frequency, category) VALUES (3042, 'presa', 2, 0.0000912, NULL);
INSERT INTO "words"."words_lists" (word_id, list_id) VALUES (3042, '054a255f-ebd1-46ed-b3de-824db011147d');
INSERT INTO "words"."words" (id, word, syllables, frequency, category) VALUES (3043, 'meraviglia', 4, 0.000017, NULL);
INSERT INTO "words"."words_lists" (word_id, list_id) VALUES (3043, '054a255f-ebd1-46ed-b3de-824db011147d');
INSERT INTO "words"."words" (id, word, syllables, frequency, category) VALUES (3044, 'Parigi', 3, 0.0000724, NULL);
INSERT INTO "words"."words_lists" (word_id, list_id) VALUES (3044, '054a255f-ebd1-46ed-b3de-824db011147d');
INSERT INTO "words"."words" (id, word, syllables, frequency, category) VALUES (3045, 'storia', 2, 0.000537, NULL);
INSERT INTO "words"."words_lists" (word_id, list_id) VALUES (3045, '054a255f-ebd1-46ed-b3de-824db011147d');
INSERT INTO "words"."words" (id, word, syllables, frequency, category) VALUES (3046, 'protocollo', 4, 0.0000155, NULL);
INSERT INTO "words"."words_lists" (word_id, list_id) VALUES (3046, '054a255f-ebd1-46ed-b3de-824db011147d');
INSERT INTO "words"."words" (id, word, syllables, frequency, category) VALUES (3047, 'scomparso', 3, 0.0000151, NULL);
INSERT INTO "words"."words_lists" (word_id, list_id) VALUES (3047, '054a255f-ebd1-46ed-b3de-824db011147d');
INSERT INTO "words"."words" (id, word, syllables, frequency, category) VALUES (3048, 'attuale', 3, 0.0000912, NULL);
INSERT INTO "words"."words_lists" (word_id, list_id) VALUES (3048, '054a255f-ebd1-46ed-b3de-824db011147d');
INSERT INTO "words"."words" (id, word, syllables, frequency, category) VALUES (3049, 'pienamente', 4, 0.0000191, NULL);
INSERT INTO "words"."words_lists" (word_id, list_id) VALUES (3049, '054a255f-ebd1-46ed-b3de-824db011147d');
INSERT INTO "words"."words" (id, word, syllables, frequency, category) VALUES (3050, 'garanzia', 4, 0.0000316, NULL);
INSERT INTO "words"."words_lists" (word_id, list_id) VALUES (3050, '054a255f-ebd1-46ed-b3de-824db011147d');
INSERT INTO "words"."words" (id, word, syllables, frequency, category) VALUES (3051, 'uniforme', 4, 0.0000132, NULL);
INSERT INTO "words"."words_lists" (word_id, list_id) VALUES (3051, '054a255f-ebd1-46ed-b3de-824db011147d');
INSERT INTO "words"."words" (id, word, syllables, frequency, category) VALUES (3052, 'attaccato', 4, 0.0000224, NULL);
INSERT INTO "words"."words_lists" (word_id, list_id) VALUES (3052, '054a255f-ebd1-46ed-b3de-824db011147d');
INSERT INTO "words"."words" (id, word, syllables, frequency, category) VALUES (3053, 'rivolta', 3, 0.0000355, NULL);
INSERT INTO "words"."words_lists" (word_id, list_id) VALUES (3053, '054a255f-ebd1-46ed-b3de-824db011147d');
INSERT INTO "words"."words" (id, word, syllables, frequency, category) VALUES (3054, 'petto', 2, 0.0000234, NULL);
INSERT INTO "words"."words_lists" (word_id, list_id) VALUES (3054, '054a255f-ebd1-46ed-b3de-824db011147d');
INSERT INTO "words"."words" (id, word, syllables, frequency, category) VALUES (3055, 'divinità', 4, 0.0000129, NULL);
INSERT INTO "words"."words_lists" (word_id, list_id) VALUES (3055, '054a255f-ebd1-46ed-b3de-824db011147d');
INSERT INTO "words"."words" (id, word, syllables, frequency, category) VALUES (3056, 'ignorare', 4, 0.0000138, NULL);
INSERT INTO "words"."words_lists" (word_id, list_id) VALUES (3056, '054a255f-ebd1-46ed-b3de-824db011147d');
INSERT INTO "words"."lists" (id, type) VALUES ('ab1aa307-b4ad-4b53-a9c4-589e9774ab15', 'categorized');
INSERT INTO "words"."words" (id, word, syllables, frequency, category) VALUES (3057, 'vuoto', 2, 0.0000407, NULL);
INSERT INTO "words"."words_lists" (word_id, list_id) VALUES (3057, 'ab1aa307-b4ad-4b53-a9c4-589e9774ab15');
INSERT INTO "words"."words" (id, word, syllables, frequency, category) VALUES (3058, 'ottica', 3, 0.0000112, NULL);
INSERT INTO "words"."words_lists" (word_id, list_id) VALUES (3058, 'ab1aa307-b4ad-4b53-a9c4-589e9774ab15');
INSERT INTO "words"."words" (id, word, syllables, frequency, category) VALUES (3059, 'dominio', 3, 0.0000407, NULL);
INSERT INTO "words"."words_lists" (word_id, list_id) VALUES (3059, 'ab1aa307-b4ad-4b53-a9c4-589e9774ab15');
INSERT INTO "words"."words" (id, word, syllables, frequency, category) VALUES (3060, 'coprire', 3, 0.00002, NULL);
INSERT INTO "words"."words_lists" (word_id, list_id) VALUES (3060, 'ab1aa307-b4ad-4b53-a9c4-589e9774ab15');
INSERT INTO "words"."words" (id, word, syllables, frequency, category) VALUES (3061, 'versione', 3, 0.000126, NULL);
INSERT INTO "words"."words_lists" (word_id, list_id) VALUES (3061, 'ab1aa307-b4ad-4b53-a9c4-589e9774ab15');
INSERT INTO "words"."words" (id, word, syllables, frequency, category) VALUES (3062, 'valore', 3, 0.000145, NULL);
INSERT INTO "words"."words_lists" (word_id, list_id) VALUES (3062, 'ab1aa307-b4ad-4b53-a9c4-589e9774ab15');
INSERT INTO "words"."words" (id, word, syllables, frequency, category) VALUES (3063, 'disposto', 3, 0.0000275, NULL);
INSERT INTO "words"."words_lists" (word_id, list_id) VALUES (3063, 'ab1aa307-b4ad-4b53-a9c4-589e9774ab15');
INSERT INTO "words"."words" (id, word, syllables, frequency, category) VALUES (3064, 'trattare', 3, 0.0000251, NULL);
INSERT INTO "words"."words_lists" (word_id, list_id) VALUES (3064, 'ab1aa307-b4ad-4b53-a9c4-589e9774ab15');
INSERT INTO "words"."words" (id, word, syllables, frequency, category) VALUES (3065, 'docente', 3, 0.0000178, NULL);
INSERT INTO "words"."words_lists" (word_id, list_id) VALUES (3065, 'ab1aa307-b4ad-4b53-a9c4-589e9774ab15');
INSERT INTO "words"."words" (id, word, syllables, frequency, category) VALUES (3066, 'forse', 2, 0.000468, NULL);
INSERT INTO "words"."words_lists" (word_id, list_id) VALUES (3066, 'ab1aa307-b4ad-4b53-a9c4-589e9774ab15');
INSERT INTO "words"."words" (id, word, syllables, frequency, category) VALUES (3067, 'miglioramento', 5, 0.0000251, NULL);
INSERT INTO "words"."words_lists" (word_id, list_id) VALUES (3067, 'ab1aa307-b4ad-4b53-a9c4-589e9774ab15');
INSERT INTO "words"."words" (id, word, syllables, frequency, category) VALUES (3068, 'banda', 2, 0.0000324, NULL);
INSERT INTO "words"."words_lists" (word_id, list_id) VALUES (3068, 'ab1aa307-b4ad-4b53-a9c4-589e9774ab15');
INSERT INTO "words"."words" (id, word, syllables, frequency, category) VALUES (3069, 'stanza', 2, 0.0000617, NULL);
INSERT INTO "words"."words_lists" (word_id, list_id) VALUES (3069, 'ab1aa307-b4ad-4b53-a9c4-589e9774ab15');
INSERT INTO "words"."words" (id, word, syllables, frequency, category) VALUES (3070, 'martello', 3, 0.00001, NULL);
INSERT INTO "words"."words_lists" (word_id, list_id) VALUES (3070, 'ab1aa307-b4ad-4b53-a9c4-589e9774ab15');
INSERT INTO "words"."words" (id, word, syllables, frequency, category) VALUES (3071, 'cento', 2, 0.0000661, NULL);
INSERT INTO "words"."words_lists" (word_id, list_id) VALUES (3071, 'ab1aa307-b4ad-4b53-a9c4-589e9774ab15');
INSERT INTO "words"."words" (id, word, syllables, frequency, category) VALUES (3072, 'finale', 3, 0.000115, NULL);
INSERT INTO "words"."words_lists" (word_id, list_id) VALUES (3072, 'ab1aa307-b4ad-4b53-a9c4-589e9774ab15');
INSERT INTO "words"."lists" (id, type) VALUES ('57a7697e-c5ca-4f48-8d86-bd1783e50371', 'categorized');
INSERT INTO "words"."words" (id, word, syllables, frequency, category) VALUES (3073, 'musica', 3, 0.000186, NULL);
INSERT INTO "words"."words_lists" (word_id, list_id) VALUES (3073, '57a7697e-c5ca-4f48-8d86-bd1783e50371');
INSERT INTO "words"."words" (id, word, syllables, frequency, category) VALUES (3074, 'lanciare', 3, 0.000017, NULL);
INSERT INTO "words"."words_lists" (word_id, list_id) VALUES (3074, '57a7697e-c5ca-4f48-8d86-bd1783e50371');
INSERT INTO "words"."words" (id, word, syllables, frequency, category) VALUES (3075, 'sparire', 3, 0.000012, NULL);
INSERT INTO "words"."words_lists" (word_id, list_id) VALUES (3075, '57a7697e-c5ca-4f48-8d86-bd1783e50371');
INSERT INTO "words"."words" (id, word, syllables, frequency, category) VALUES (3076, 'tipologia', 5, 0.0000123, NULL);
INSERT INTO "words"."words_lists" (word_id, list_id) VALUES (3076, '57a7697e-c5ca-4f48-8d86-bd1783e50371');
INSERT INTO "words"."words" (id, word, syllables, frequency, category) VALUES (3077, 'tregua', 2, 0.000011, NULL);
INSERT INTO "words"."words_lists" (word_id, list_id) VALUES (3077, '57a7697e-c5ca-4f48-8d86-bd1783e50371');
INSERT INTO "words"."words" (id, word, syllables, frequency, category) VALUES (3078, 'simile', 3, 0.000117, NULL);
INSERT INTO "words"."words_lists" (word_id, list_id) VALUES (3078, '57a7697e-c5ca-4f48-8d86-bd1783e50371');
INSERT INTO "words"."words" (id, word, syllables, frequency, category) VALUES (3079, 'bacio', 2, 0.0000257, NULL);
INSERT INTO "words"."words_lists" (word_id, list_id) VALUES (3079, '57a7697e-c5ca-4f48-8d86-bd1783e50371');
INSERT INTO "words"."words" (id, word, syllables, frequency, category) VALUES (3080, 'pasqua', 2, 0.0000145, NULL);
INSERT INTO "words"."words_lists" (word_id, list_id) VALUES (3080, '57a7697e-c5ca-4f48-8d86-bd1783e50371');
INSERT INTO "words"."words" (id, word, syllables, frequency, category) VALUES (3081, 'sport', 2, 0.0000891, NULL);
INSERT INTO "words"."words_lists" (word_id, list_id) VALUES (3081, '57a7697e-c5ca-4f48-8d86-bd1783e50371');
INSERT INTO "words"."words" (id, word, syllables, frequency, category) VALUES (3082, 'tentare', 3, 0.0000182, NULL);
INSERT INTO "words"."words_lists" (word_id, list_id) VALUES (3082, '57a7697e-c5ca-4f48-8d86-bd1783e50371');
INSERT INTO "words"."words" (id, word, syllables, frequency, category) VALUES (3083, 'luigi', 2, 0.0000562, NULL);
INSERT INTO "words"."words_lists" (word_id, list_id) VALUES (3083, '57a7697e-c5ca-4f48-8d86-bd1783e50371');
INSERT INTO "words"."words" (id, word, syllables, frequency, category) VALUES (3084, 'verde', 2, 0.0000708, NULL);
INSERT INTO "words"."words_lists" (word_id, list_id) VALUES (3084, '57a7697e-c5ca-4f48-8d86-bd1783e50371');
INSERT INTO "words"."words" (id, word, syllables, frequency, category) VALUES (3085, 'produttore', 4, 0.000024, NULL);
INSERT INTO "words"."words_lists" (word_id, list_id) VALUES (3085, '57a7697e-c5ca-4f48-8d86-bd1783e50371');
INSERT INTO "words"."words" (id, word, syllables, frequency, category) VALUES (3086, 'pozzo', 2, 0.000012, NULL);
INSERT INTO "words"."words_lists" (word_id, list_id) VALUES (3086, '57a7697e-c5ca-4f48-8d86-bd1783e50371');
INSERT INTO "words"."words" (id, word, syllables, frequency, category) VALUES (3087, 'aziendale', 4, 0.0000158, NULL);
INSERT INTO "words"."words_lists" (word_id, list_id) VALUES (3087, '57a7697e-c5ca-4f48-8d86-bd1783e50371');
INSERT INTO "words"."words" (id, word, syllables, frequency, category) VALUES (3088, 'porta', 2, 0.000257, NULL);
INSERT INTO "words"."words_lists" (word_id, list_id) VALUES (3088, '57a7697e-c5ca-4f48-8d86-bd1783e50371');
INSERT INTO "words"."lists" (id, type) VALUES ('04539ccf-fa25-4347-aac4-ba5d83734dad', 'categorized');
INSERT INTO "words"."words" (id, word, syllables, frequency, category) VALUES (3089, 'porre', 2, 0.0000288, NULL);
INSERT INTO "words"."words_lists" (word_id, list_id) VALUES (3089, '04539ccf-fa25-4347-aac4-ba5d83734dad');
INSERT INTO "words"."words" (id, word, syllables, frequency, category) VALUES (3090, 'versione', 3, 0.000126, NULL);
INSERT INTO "words"."words_lists" (word_id, list_id) VALUES (3090, '04539ccf-fa25-4347-aac4-ba5d83734dad');
INSERT INTO "words"."words" (id, word, syllables, frequency, category) VALUES (3091, 'amico', 3, 0.00017, NULL);
INSERT INTO "words"."words_lists" (word_id, list_id) VALUES (3091, '04539ccf-fa25-4347-aac4-ba5d83734dad');
INSERT INTO "words"."words" (id, word, syllables, frequency, category) VALUES (3092, 'programmazione', 5, 0.0000275, NULL);
INSERT INTO "words"."words_lists" (word_id, list_id) VALUES (3092, '04539ccf-fa25-4347-aac4-ba5d83734dad');
INSERT INTO "words"."words" (id, word, syllables, frequency, category) VALUES (3093, 'composta', 3, 0.0000288, NULL);
INSERT INTO "words"."words_lists" (word_id, list_id) VALUES (3093, '04539ccf-fa25-4347-aac4-ba5d83734dad');
INSERT INTO "words"."words" (id, word, syllables, frequency, category) VALUES (3094, 'rapina', 3, 0.0000105, NULL);
INSERT INTO "words"."words_lists" (word_id, list_id) VALUES (3094, '04539ccf-fa25-4347-aac4-ba5d83734dad');
INSERT INTO "words"."words" (id, word, syllables, frequency, category) VALUES (3095, 'trattare', 3, 0.0000251, NULL);
INSERT INTO "words"."words_lists" (word_id, list_id) VALUES (3095, '04539ccf-fa25-4347-aac4-ba5d83734dad');
INSERT INTO "words"."words" (id, word, syllables, frequency, category) VALUES (3096, 'costoso', 3, 0.0000105, NULL);
INSERT INTO "words"."words_lists" (word_id, list_id) VALUES (3096, '04539ccf-fa25-4347-aac4-ba5d83734dad');
INSERT INTO "words"."words" (id, word, syllables, frequency, category) VALUES (3097, 'sosta', 2, 0.0000123, NULL);
INSERT INTO "words"."words_lists" (word_id, list_id) VALUES (3097, '04539ccf-fa25-4347-aac4-ba5d83734dad');
INSERT INTO "words"."words" (id, word, syllables, frequency, category) VALUES (3098, 'tribunale', 4, 0.0000724, NULL);
INSERT INTO "words"."words_lists" (word_id, list_id) VALUES (3098, '04539ccf-fa25-4347-aac4-ba5d83734dad');
INSERT INTO "words"."words" (id, word, syllables, frequency, category) VALUES (3099, 'fame', 2, 0.0000708, NULL);
INSERT INTO "words"."words_lists" (word_id, list_id) VALUES (3099, '04539ccf-fa25-4347-aac4-ba5d83734dad');
INSERT INTO "words"."words" (id, word, syllables, frequency, category) VALUES (3100, 'profitto', 3, 0.0000174, NULL);
INSERT INTO "words"."words_lists" (word_id, list_id) VALUES (3100, '04539ccf-fa25-4347-aac4-ba5d83734dad');
INSERT INTO "words"."words" (id, word, syllables, frequency, category) VALUES (3101, 'frega', 2, 0.0000372, NULL);
INSERT INTO "words"."words_lists" (word_id, list_id) VALUES (3101, '04539ccf-fa25-4347-aac4-ba5d83734dad');
INSERT INTO "words"."words" (id, word, syllables, frequency, category) VALUES (3102, 'concilio', 3, 0.0000107, NULL);
INSERT INTO "words"."words_lists" (word_id, list_id) VALUES (3102, '04539ccf-fa25-4347-aac4-ba5d83734dad');
INSERT INTO "words"."words" (id, word, syllables, frequency, category) VALUES (3103, 'felice', 3, 0.000135, NULL);
INSERT INTO "words"."words_lists" (word_id, list_id) VALUES (3103, '04539ccf-fa25-4347-aac4-ba5d83734dad');
INSERT INTO "words"."words" (id, word, syllables, frequency, category) VALUES (3104, 'orgoglio', 3, 0.0000229, NULL);
INSERT INTO "words"."words_lists" (word_id, list_id) VALUES (3104, '04539ccf-fa25-4347-aac4-ba5d83734dad');
INSERT INTO "words"."lists" (id, type) VALUES ('12f0e1bc-bb74-4807-8de6-04de165bc7c2', 'categorized');
INSERT INTO "words"."words" (id, word, syllables, frequency, category) VALUES (3105, 'preparare', 4, 0.0000269, NULL);
INSERT INTO "words"."words_lists" (word_id, list_id) VALUES (3105, '12f0e1bc-bb74-4807-8de6-04de165bc7c2');
INSERT INTO "words"."words" (id, word, syllables, frequency, category) VALUES (3106, 'destino', 3, 0.0000407, NULL);
INSERT INTO "words"."words_lists" (word_id, list_id) VALUES (3106, '12f0e1bc-bb74-4807-8de6-04de165bc7c2');
INSERT INTO "words"."words" (id, word, syllables, frequency, category) VALUES (3107, 'differenza', 4, 0.000112, NULL);
INSERT INTO "words"."words_lists" (word_id, list_id) VALUES (3107, '12f0e1bc-bb74-4807-8de6-04de165bc7c2');
INSERT INTO "words"."words" (id, word, syllables, frequency, category) VALUES (3108, 'acido', 3, 0.0000204, NULL);
INSERT INTO "words"."words_lists" (word_id, list_id) VALUES (3108, '12f0e1bc-bb74-4807-8de6-04de165bc7c2');
INSERT INTO "words"."words" (id, word, syllables, frequency, category) VALUES (3109, 'brutto', 2, 0.0000501, NULL);
INSERT INTO "words"."words_lists" (word_id, list_id) VALUES (3109, '12f0e1bc-bb74-4807-8de6-04de165bc7c2');
INSERT INTO "words"."words" (id, word, syllables, frequency, category) VALUES (3110, 'mettersi', 3, 0.0000257, NULL);
INSERT INTO "words"."words_lists" (word_id, list_id) VALUES (3110, '12f0e1bc-bb74-4807-8de6-04de165bc7c2');
INSERT INTO "words"."words" (id, word, syllables, frequency, category) VALUES (3111, 'femminile', 4, 0.0000661, NULL);
INSERT INTO "words"."words_lists" (word_id, list_id) VALUES (3111, '12f0e1bc-bb74-4807-8de6-04de165bc7c2');
INSERT INTO "words"."words" (id, word, syllables, frequency, category) VALUES (3112, 'giunto', 2, 0.0000204, NULL);
INSERT INTO "words"."words_lists" (word_id, list_id) VALUES (3112, '12f0e1bc-bb74-4807-8de6-04de165bc7c2');
INSERT INTO "words"."words" (id, word, syllables, frequency, category) VALUES (3113, 'tuo', 2, 0.000537, NULL);
INSERT INTO "words"."words_lists" (word_id, list_id) VALUES (3113, '12f0e1bc-bb74-4807-8de6-04de165bc7c2');
INSERT INTO "words"."words" (id, word, syllables, frequency, category) VALUES (3114, 'positiva', 4, 0.0000282, NULL);
INSERT INTO "words"."words_lists" (word_id, list_id) VALUES (3114, '12f0e1bc-bb74-4807-8de6-04de165bc7c2');
INSERT INTO "words"."words" (id, word, syllables, frequency, category) VALUES (3115, 'puntata', 3, 0.0000427, NULL);
INSERT INTO "words"."words_lists" (word_id, list_id) VALUES (3115, '12f0e1bc-bb74-4807-8de6-04de165bc7c2');
INSERT INTO "words"."words" (id, word, syllables, frequency, category) VALUES (3116, 'servizio', 3, 0.000224, NULL);
INSERT INTO "words"."words_lists" (word_id, list_id) VALUES (3116, '12f0e1bc-bb74-4807-8de6-04de165bc7c2');
INSERT INTO "words"."words" (id, word, syllables, frequency, category) VALUES (3117, 'arte', 2, 0.000151, NULL);
INSERT INTO "words"."words_lists" (word_id, list_id) VALUES (3117, '12f0e1bc-bb74-4807-8de6-04de165bc7c2');
INSERT INTO "words"."words" (id, word, syllables, frequency, category) VALUES (3118, 'proposito', 4, 0.0000832, NULL);
INSERT INTO "words"."words_lists" (word_id, list_id) VALUES (3118, '12f0e1bc-bb74-4807-8de6-04de165bc7c2');
INSERT INTO "words"."words" (id, word, syllables, frequency, category) VALUES (3119, 'piacere', 3, 0.000123, NULL);
INSERT INTO "words"."words_lists" (word_id, list_id) VALUES (3119, '12f0e1bc-bb74-4807-8de6-04de165bc7c2');
INSERT INTO "words"."words" (id, word, syllables, frequency, category) VALUES (3120, 'augusto', 3, 0.0000129, NULL);
INSERT INTO "words"."words_lists" (word_id, list_id) VALUES (3120, '12f0e1bc-bb74-4807-8de6-04de165bc7c2');
INSERT INTO "words"."lists" (id, type) VALUES ('5d0be641-eefc-4717-8434-3ca3be592c84', 'categorized');
INSERT INTO "words"."words" (id, word, syllables, frequency, category) VALUES (3121, 'paziente', 3, 0.0000372, NULL);
INSERT INTO "words"."words_lists" (word_id, list_id) VALUES (3121, '5d0be641-eefc-4717-8434-3ca3be592c84');
INSERT INTO "words"."words" (id, word, syllables, frequency, category) VALUES (3122, 'grido', 2, 0.0000115, NULL);
INSERT INTO "words"."words_lists" (word_id, list_id) VALUES (3122, '5d0be641-eefc-4717-8434-3ca3be592c84');
INSERT INTO "words"."words" (id, word, syllables, frequency, category) VALUES (3123, 'carabinieri', 5, 0.0000316, NULL);
INSERT INTO "words"."words_lists" (word_id, list_id) VALUES (3123, '5d0be641-eefc-4717-8434-3ca3be592c84');
INSERT INTO "words"."words" (id, word, syllables, frequency, category) VALUES (3124, 'campo', 2, 0.000224, NULL);
INSERT INTO "words"."words_lists" (word_id, list_id) VALUES (3124, '5d0be641-eefc-4717-8434-3ca3be592c84');
INSERT INTO "words"."words" (id, word, syllables, frequency, category) VALUES (3125, 'Marte', 2, 0.0000141, NULL);
INSERT INTO "words"."words_lists" (word_id, list_id) VALUES (3125, '5d0be641-eefc-4717-8434-3ca3be592c84');
INSERT INTO "words"."words" (id, word, syllables, frequency, category) VALUES (3126, 'esperienza', 4, 0.000155, NULL);
INSERT INTO "words"."words_lists" (word_id, list_id) VALUES (3126, '5d0be641-eefc-4717-8434-3ca3be592c84');
INSERT INTO "words"."words" (id, word, syllables, frequency, category) VALUES (3127, 'volante', 3, 0.0000148, NULL);
INSERT INTO "words"."words_lists" (word_id, list_id) VALUES (3127, '5d0be641-eefc-4717-8434-3ca3be592c84');
INSERT INTO "words"."words" (id, word, syllables, frequency, category) VALUES (3128, 'investire', 4, 0.0000178, NULL);
INSERT INTO "words"."words_lists" (word_id, list_id) VALUES (3128, '5d0be641-eefc-4717-8434-3ca3be592c84');
INSERT INTO "words"."words" (id, word, syllables, frequency, category) VALUES (3129, 'dipinto', 3, 0.0000182, NULL);
INSERT INTO "words"."words_lists" (word_id, list_id) VALUES (3129, '5d0be641-eefc-4717-8434-3ca3be592c84');
INSERT INTO "words"."words" (id, word, syllables, frequency, category) VALUES (3130, 'calciatore', 4, 0.0000126, NULL);
INSERT INTO "words"."words_lists" (word_id, list_id) VALUES (3130, '5d0be641-eefc-4717-8434-3ca3be592c84');
INSERT INTO "words"."words" (id, word, syllables, frequency, category) VALUES (3131, 'maestà', 3, 0.000011, NULL);
INSERT INTO "words"."words_lists" (word_id, list_id) VALUES (3131, '5d0be641-eefc-4717-8434-3ca3be592c84');
INSERT INTO "words"."words" (id, word, syllables, frequency, category) VALUES (3132, 'argentina', 4, 0.0000269, NULL);
INSERT INTO "words"."words_lists" (word_id, list_id) VALUES (3132, '5d0be641-eefc-4717-8434-3ca3be592c84');
INSERT INTO "words"."words" (id, word, syllables, frequency, category) VALUES (3133, 'segretario', 4, 0.0000513, NULL);
INSERT INTO "words"."words_lists" (word_id, list_id) VALUES (3133, '5d0be641-eefc-4717-8434-3ca3be592c84');
INSERT INTO "words"."words" (id, word, syllables, frequency, category) VALUES (3134, 'preghiera', 3, 0.0000234, NULL);
INSERT INTO "words"."words_lists" (word_id, list_id) VALUES (3134, '5d0be641-eefc-4717-8434-3ca3be592c84');
INSERT INTO "words"."words" (id, word, syllables, frequency, category) VALUES (3135, 'caduta', 3, 0.0000468, NULL);
INSERT INTO "words"."words_lists" (word_id, list_id) VALUES (3135, '5d0be641-eefc-4717-8434-3ca3be592c84');
INSERT INTO "words"."words" (id, word, syllables, frequency, category) VALUES (3136, 'nastro', 2, 0.0000145, NULL);
INSERT INTO "words"."words_lists" (word_id, list_id) VALUES (3136, '5d0be641-eefc-4717-8434-3ca3be592c84');
INSERT INTO "words"."lists" (id, type) VALUES ('cef3f130-8129-4b71-8c12-15a42954490a', 'categorized');
INSERT INTO "words"."words" (id, word, syllables, frequency, category) VALUES (3137, 'pensare', 3, 0.000186, NULL);
INSERT INTO "words"."words_lists" (word_id, list_id) VALUES (3137, 'cef3f130-8129-4b71-8c12-15a42954490a');
INSERT INTO "words"."words" (id, word, syllables, frequency, category) VALUES (3138, 'campana', 3, 0.0000102, NULL);
INSERT INTO "words"."words_lists" (word_id, list_id) VALUES (3138, 'cef3f130-8129-4b71-8c12-15a42954490a');
INSERT INTO "words"."words" (id, word, syllables, frequency, category) VALUES (3139, 'formato', 3, 0.0000525, NULL);
INSERT INTO "words"."words_lists" (word_id, list_id) VALUES (3139, 'cef3f130-8129-4b71-8c12-15a42954490a');
INSERT INTO "words"."words" (id, word, syllables, frequency, category) VALUES (3140, 'veste', 2, 0.0000191, NULL);
INSERT INTO "words"."words_lists" (word_id, list_id) VALUES (3140, 'cef3f130-8129-4b71-8c12-15a42954490a');
INSERT INTO "words"."words" (id, word, syllables, frequency, category) VALUES (3141, 'fuga', 2, 0.0000437, NULL);
INSERT INTO "words"."words_lists" (word_id, list_id) VALUES (3141, 'cef3f130-8129-4b71-8c12-15a42954490a');
INSERT INTO "words"."words" (id, word, syllables, frequency, category) VALUES (3142, 'adesso', 3, 0.000324, NULL);
INSERT INTO "words"."words_lists" (word_id, list_id) VALUES (3142, 'cef3f130-8129-4b71-8c12-15a42954490a');
INSERT INTO "words"."words" (id, word, syllables, frequency, category) VALUES (3143, 'legale', 3, 0.0000692, NULL);
INSERT INTO "words"."words_lists" (word_id, list_id) VALUES (3143, 'cef3f130-8129-4b71-8c12-15a42954490a');
INSERT INTO "words"."words" (id, word, syllables, frequency, category) VALUES (3144, 'cedere', 3, 0.000012, NULL);
INSERT INTO "words"."words_lists" (word_id, list_id) VALUES (3144, 'cef3f130-8129-4b71-8c12-15a42954490a');
INSERT INTO "words"."words" (id, word, syllables, frequency, category) VALUES (3145, 'bontà', 2, 0.0000105, NULL);
INSERT INTO "words"."words_lists" (word_id, list_id) VALUES (3145, 'cef3f130-8129-4b71-8c12-15a42954490a');
INSERT INTO "words"."words" (id, word, syllables, frequency, category) VALUES (3146, 'ferito', 3, 0.000024, NULL);
INSERT INTO "words"."words_lists" (word_id, list_id) VALUES (3146, 'cef3f130-8129-4b71-8c12-15a42954490a');
INSERT INTO "words"."words" (id, word, syllables, frequency, category) VALUES (3147, 'speranza', 3, 0.0000832, NULL);
INSERT INTO "words"."words_lists" (word_id, list_id) VALUES (3147, 'cef3f130-8129-4b71-8c12-15a42954490a');
INSERT INTO "words"."words" (id, word, syllables, frequency, category) VALUES (3148, 'faccenda', 3, 0.0000148, NULL);
INSERT INTO "words"."words_lists" (word_id, list_id) VALUES (3148, 'cef3f130-8129-4b71-8c12-15a42954490a');
INSERT INTO "words"."words" (id, word, syllables, frequency, category) VALUES (3149, 'forno', 2, 0.0000182, NULL);
INSERT INTO "words"."words_lists" (word_id, list_id) VALUES (3149, 'cef3f130-8129-4b71-8c12-15a42954490a');
INSERT INTO "words"."words" (id, word, syllables, frequency, category) VALUES (3150, 'crudele', 3, 0.0000126, NULL);
INSERT INTO "words"."words_lists" (word_id, list_id) VALUES (3150, 'cef3f130-8129-4b71-8c12-15a42954490a');
INSERT INTO "words"."words" (id, word, syllables, frequency, category) VALUES (3151, 'tradimento', 4, 0.0000162, NULL);
INSERT INTO "words"."words_lists" (word_id, list_id) VALUES (3151, 'cef3f130-8129-4b71-8c12-15a42954490a');
INSERT INTO "words"."words" (id, word, syllables, frequency, category) VALUES (3152, 'vero', 2, 0.000447, NULL);
INSERT INTO "words"."words_lists" (word_id, list_id) VALUES (3152, 'cef3f130-8129-4b71-8c12-15a42954490a');
INSERT INTO "words"."lists" (id, type) VALUES ('c7176b18-b38f-4474-b29f-406d20140fde', 'categorized');
INSERT INTO "words"."words" (id, word, syllables, frequency, category) VALUES (3153, 'tela', 2, 0.0000155, NULL);
INSERT INTO "words"."words_lists" (word_id, list_id) VALUES (3153, 'c7176b18-b38f-4474-b29f-406d20140fde');
INSERT INTO "words"."words" (id, word, syllables, frequency, category) VALUES (3154, 'riso', 2, 0.0000355, NULL);
INSERT INTO "words"."words_lists" (word_id, list_id) VALUES (3154, 'c7176b18-b38f-4474-b29f-406d20140fde');
INSERT INTO "words"."words" (id, word, syllables, frequency, category) VALUES (3155, 'esclusiva', 4, 0.0000209, NULL);
INSERT INTO "words"."words_lists" (word_id, list_id) VALUES (3155, 'c7176b18-b38f-4474-b29f-406d20140fde');
INSERT INTO "words"."words" (id, word, syllables, frequency, category) VALUES (3156, 'rendere', 3, 0.0000759, NULL);
INSERT INTO "words"."words_lists" (word_id, list_id) VALUES (3156, 'c7176b18-b38f-4474-b29f-406d20140fde');
INSERT INTO "words"."words" (id, word, syllables, frequency, category) VALUES (3157, 'leggero', 3, 0.0000214, NULL);
INSERT INTO "words"."words_lists" (word_id, list_id) VALUES (3157, 'c7176b18-b38f-4474-b29f-406d20140fde');
INSERT INTO "words"."words" (id, word, syllables, frequency, category) VALUES (3158, 'frase', 2, 0.0000537, NULL);
INSERT INTO "words"."words_lists" (word_id, list_id) VALUES (3158, 'c7176b18-b38f-4474-b29f-406d20140fde');
INSERT INTO "words"."words" (id, word, syllables, frequency, category) VALUES (3159, 'vicinanza', 4, 0.0000112, NULL);
INSERT INTO "words"."words_lists" (word_id, list_id) VALUES (3159, 'c7176b18-b38f-4474-b29f-406d20140fde');
INSERT INTO "words"."words" (id, word, syllables, frequency, category) VALUES (3160, 'sperare', 3, 0.0000224, NULL);
INSERT INTO "words"."words_lists" (word_id, list_id) VALUES (3160, 'c7176b18-b38f-4474-b29f-406d20140fde');
INSERT INTO "words"."words" (id, word, syllables, frequency, category) VALUES (3161, 'credere', 3, 0.0000871, NULL);
INSERT INTO "words"."words_lists" (word_id, list_id) VALUES (3161, 'c7176b18-b38f-4474-b29f-406d20140fde');
INSERT INTO "words"."words" (id, word, syllables, frequency, category) VALUES (3162, 'incremento', 4, 0.000017, NULL);
INSERT INTO "words"."words_lists" (word_id, list_id) VALUES (3162, 'c7176b18-b38f-4474-b29f-406d20140fde');
INSERT INTO "words"."words" (id, word, syllables, frequency, category) VALUES (3163, 'siciliano', 4, 0.000012, NULL);
INSERT INTO "words"."words_lists" (word_id, list_id) VALUES (3163, 'c7176b18-b38f-4474-b29f-406d20140fde');
INSERT INTO "words"."words" (id, word, syllables, frequency, category) VALUES (3164, 'miracolo', 4, 0.0000204, NULL);
INSERT INTO "words"."words_lists" (word_id, list_id) VALUES (3164, 'c7176b18-b38f-4474-b29f-406d20140fde');
INSERT INTO "words"."words" (id, word, syllables, frequency, category) VALUES (3165, 'arrivo', 3, 0.0000871, NULL);
INSERT INTO "words"."words_lists" (word_id, list_id) VALUES (3165, 'c7176b18-b38f-4474-b29f-406d20140fde');
INSERT INTO "words"."words" (id, word, syllables, frequency, category) VALUES (3166, 'puntata', 3, 0.0000427, NULL);
INSERT INTO "words"."words_lists" (word_id, list_id) VALUES (3166, 'c7176b18-b38f-4474-b29f-406d20140fde');
INSERT INTO "words"."words" (id, word, syllables, frequency, category) VALUES (3167, 'isola', 3, 0.0000661, NULL);
INSERT INTO "words"."words_lists" (word_id, list_id) VALUES (3167, 'c7176b18-b38f-4474-b29f-406d20140fde');
INSERT INTO "words"."words" (id, word, syllables, frequency, category) VALUES (3168, 'solidarietà', 5, 0.0000331, NULL);
INSERT INTO "words"."words_lists" (word_id, list_id) VALUES (3168, 'c7176b18-b38f-4474-b29f-406d20140fde');
INSERT INTO "words"."lists" (id, type) VALUES ('323305e0-f5e0-4331-896c-cb1650e15b11', 'categorized');
INSERT INTO "words"."words" (id, word, syllables, frequency, category) VALUES (3169, 'occidentale', 5, 0.000055, NULL);
INSERT INTO "words"."words_lists" (word_id, list_id) VALUES (3169, '323305e0-f5e0-4331-896c-cb1650e15b11');
INSERT INTO "words"."words" (id, word, syllables, frequency, category) VALUES (3170, 'gestione', 3, 0.0000776, NULL);
INSERT INTO "words"."words_lists" (word_id, list_id) VALUES (3170, '323305e0-f5e0-4331-896c-cb1650e15b11');
INSERT INTO "words"."words" (id, word, syllables, frequency, category) VALUES (3171, 'sereno', 3, 0.000011, NULL);
INSERT INTO "words"."words_lists" (word_id, list_id) VALUES (3171, '323305e0-f5e0-4331-896c-cb1650e15b11');
INSERT INTO "words"."words" (id, word, syllables, frequency, category) VALUES (3172, 'addetto', 3, 0.0000129, NULL);
INSERT INTO "words"."words_lists" (word_id, list_id) VALUES (3172, '323305e0-f5e0-4331-896c-cb1650e15b11');
INSERT INTO "words"."words" (id, word, syllables, frequency, category) VALUES (3173, 'composta', 3, 0.0000288, NULL);
INSERT INTO "words"."words_lists" (word_id, list_id) VALUES (3173, '323305e0-f5e0-4331-896c-cb1650e15b11');
INSERT INTO "words"."words" (id, word, syllables, frequency, category) VALUES (3174, 'andare', 3, 0.000417, NULL);
INSERT INTO "words"."words_lists" (word_id, list_id) VALUES (3174, '323305e0-f5e0-4331-896c-cb1650e15b11');
INSERT INTO "words"."words" (id, word, syllables, frequency, category) VALUES (3175, 'corrispondente', 5, 0.0000204, NULL);
INSERT INTO "words"."words_lists" (word_id, list_id) VALUES (3175, '323305e0-f5e0-4331-896c-cb1650e15b11');
INSERT INTO "words"."words" (id, word, syllables, frequency, category) VALUES (3176, 'proposto', 3, 0.0000372, NULL);
INSERT INTO "words"."words_lists" (word_id, list_id) VALUES (3176, '323305e0-f5e0-4331-896c-cb1650e15b11');
INSERT INTO "words"."words" (id, word, syllables, frequency, category) VALUES (3177, 'esatto', 3, 0.0000427, NULL);
INSERT INTO "words"."words_lists" (word_id, list_id) VALUES (3177, '323305e0-f5e0-4331-896c-cb1650e15b11');
INSERT INTO "words"."words" (id, word, syllables, frequency, category) VALUES (3178, 'punto', 2, 0.000417, NULL);
INSERT INTO "words"."words_lists" (word_id, list_id) VALUES (3178, '323305e0-f5e0-4331-896c-cb1650e15b11');
INSERT INTO "words"."words" (id, word, syllables, frequency, category) VALUES (3179, 'slogan', 3, 0.0000132, NULL);
INSERT INTO "words"."words_lists" (word_id, list_id) VALUES (3179, '323305e0-f5e0-4331-896c-cb1650e15b11');
INSERT INTO "words"."words" (id, word, syllables, frequency, category) VALUES (3180, 'lavoro', 3, 0.000813, NULL);
INSERT INTO "words"."words_lists" (word_id, list_id) VALUES (3180, '323305e0-f5e0-4331-896c-cb1650e15b11');
INSERT INTO "words"."words" (id, word, syllables, frequency, category) VALUES (3181, 'rendersi', 3, 0.0000115, NULL);
INSERT INTO "words"."words_lists" (word_id, list_id) VALUES (3181, '323305e0-f5e0-4331-896c-cb1650e15b11');
INSERT INTO "words"."words" (id, word, syllables, frequency, category) VALUES (3182, 'soggetto', 3, 0.0000513, NULL);
INSERT INTO "words"."words_lists" (word_id, list_id) VALUES (3182, '323305e0-f5e0-4331-896c-cb1650e15b11');
INSERT INTO "words"."words" (id, word, syllables, frequency, category) VALUES (3183, 'pubblico', 3, 0.000251, NULL);
INSERT INTO "words"."words_lists" (word_id, list_id) VALUES (3183, '323305e0-f5e0-4331-896c-cb1650e15b11');
INSERT INTO "words"."words" (id, word, syllables, frequency, category) VALUES (3184, 'fissare', 3, 0.0000112, NULL);
INSERT INTO "words"."words_lists" (word_id, list_id) VALUES (3184, '323305e0-f5e0-4331-896c-cb1650e15b11');
INSERT INTO "words"."lists" (id, type) VALUES ('334ffe1f-f449-42b9-88f5-b4fba3ae4eae', 'categorized');
INSERT INTO "words"."words" (id, word, syllables, frequency, category) VALUES (3185, 'vincente', 3, 0.000011, NULL);
INSERT INTO "words"."words_lists" (word_id, list_id) VALUES (3185, '334ffe1f-f449-42b9-88f5-b4fba3ae4eae');
INSERT INTO "words"."words" (id, word, syllables, frequency, category) VALUES (3186, 'domanda', 3, 0.000195, NULL);
INSERT INTO "words"."words_lists" (word_id, list_id) VALUES (3186, '334ffe1f-f449-42b9-88f5-b4fba3ae4eae');
INSERT INTO "words"."words" (id, word, syllables, frequency, category) VALUES (3187, 'elementare', 5, 0.0000174, NULL);
INSERT INTO "words"."words_lists" (word_id, list_id) VALUES (3187, '334ffe1f-f449-42b9-88f5-b4fba3ae4eae');
INSERT INTO "words"."words" (id, word, syllables, frequency, category) VALUES (3188, 'spazzatura', 4, 0.0000174, NULL);
INSERT INTO "words"."words_lists" (word_id, list_id) VALUES (3188, '334ffe1f-f449-42b9-88f5-b4fba3ae4eae');
INSERT INTO "words"."words" (id, word, syllables, frequency, category) VALUES (3189, 'mondiali', 3, 0.000038, NULL);
INSERT INTO "words"."words_lists" (word_id, list_id) VALUES (3189, '334ffe1f-f449-42b9-88f5-b4fba3ae4eae');
INSERT INTO "words"."words" (id, word, syllables, frequency, category) VALUES (3190, 'funzione', 3, 0.0000813, NULL);
INSERT INTO "words"."words_lists" (word_id, list_id) VALUES (3190, '334ffe1f-f449-42b9-88f5-b4fba3ae4eae');
INSERT INTO "words"."words" (id, word, syllables, frequency, category) VALUES (3191, 'consulenza', 4, 0.0000126, NULL);
INSERT INTO "words"."words_lists" (word_id, list_id) VALUES (3191, '334ffe1f-f449-42b9-88f5-b4fba3ae4eae');
INSERT INTO "words"."words" (id, word, syllables, frequency, category) VALUES (3192, 'mago', 2, 0.0000107, NULL);
INSERT INTO "words"."words_lists" (word_id, list_id) VALUES (3192, '334ffe1f-f449-42b9-88f5-b4fba3ae4eae');
INSERT INTO "words"."words" (id, word, syllables, frequency, category) VALUES (3193, 'orgoglioso', 4, 0.000012, NULL);
INSERT INTO "words"."words_lists" (word_id, list_id) VALUES (3193, '334ffe1f-f449-42b9-88f5-b4fba3ae4eae');
INSERT INTO "words"."words" (id, word, syllables, frequency, category) VALUES (3194, 'mobilità', 4, 0.0000155, NULL);
INSERT INTO "words"."words_lists" (word_id, list_id) VALUES (3194, '334ffe1f-f449-42b9-88f5-b4fba3ae4eae');
INSERT INTO "words"."words" (id, word, syllables, frequency, category) VALUES (3195, 'agire', 3, 0.0000316, NULL);
INSERT INTO "words"."words_lists" (word_id, list_id) VALUES (3195, '334ffe1f-f449-42b9-88f5-b4fba3ae4eae');
INSERT INTO "words"."words" (id, word, syllables, frequency, category) VALUES (3196, 'corrente', 3, 0.0000603, NULL);
INSERT INTO "words"."words_lists" (word_id, list_id) VALUES (3196, '334ffe1f-f449-42b9-88f5-b4fba3ae4eae');
INSERT INTO "words"."words" (id, word, syllables, frequency, category) VALUES (3197, 'settore', 3, 0.000105, NULL);
INSERT INTO "words"."words_lists" (word_id, list_id) VALUES (3197, '334ffe1f-f449-42b9-88f5-b4fba3ae4eae');
INSERT INTO "words"."words" (id, word, syllables, frequency, category) VALUES (3198, 'confronto', 3, 0.0000617, NULL);
INSERT INTO "words"."words_lists" (word_id, list_id) VALUES (3198, '334ffe1f-f449-42b9-88f5-b4fba3ae4eae');
INSERT INTO "words"."words" (id, word, syllables, frequency, category) VALUES (3199, 'promosso', 3, 0.00002, NULL);
INSERT INTO "words"."words_lists" (word_id, list_id) VALUES (3199, '334ffe1f-f449-42b9-88f5-b4fba3ae4eae');
INSERT INTO "words"."words" (id, word, syllables, frequency, category) VALUES (3200, 'sesso', 2, 0.000126, NULL);
INSERT INTO "words"."words_lists" (word_id, list_id) VALUES (3200, '334ffe1f-f449-42b9-88f5-b4fba3ae4eae');
INSERT INTO "words"."lists" (id, type) VALUES ('3b2ac651-875a-4a2b-b8c4-8b4363b65eeb', 'categorized');
INSERT INTO "words"."words" (id, word, syllables, frequency, category) VALUES (3201, 'trasparente', 4, 0.000012, NULL);
INSERT INTO "words"."words_lists" (word_id, list_id) VALUES (3201, '3b2ac651-875a-4a2b-b8c4-8b4363b65eeb');
INSERT INTO "words"."words" (id, word, syllables, frequency, category) VALUES (3202, 'entità', 3, 0.000024, NULL);
INSERT INTO "words"."words_lists" (word_id, list_id) VALUES (3202, '3b2ac651-875a-4a2b-b8c4-8b4363b65eeb');
INSERT INTO "words"."words" (id, word, syllables, frequency, category) VALUES (3203, 'lana', 2, 0.0000148, NULL);
INSERT INTO "words"."words_lists" (word_id, list_id) VALUES (3203, '3b2ac651-875a-4a2b-b8c4-8b4363b65eeb');
INSERT INTO "words"."words" (id, word, syllables, frequency, category) VALUES (3204, 'nazista', 3, 0.000012, NULL);
INSERT INTO "words"."words_lists" (word_id, list_id) VALUES (3204, '3b2ac651-875a-4a2b-b8c4-8b4363b65eeb');
INSERT INTO "words"."words" (id, word, syllables, frequency, category) VALUES (3205, 'assumere', 4, 0.0000316, NULL);
INSERT INTO "words"."words_lists" (word_id, list_id) VALUES (3205, '3b2ac651-875a-4a2b-b8c4-8b4363b65eeb');
INSERT INTO "words"."words" (id, word, syllables, frequency, category) VALUES (3206, 'contea', 3, 0.0000126, NULL);
INSERT INTO "words"."words_lists" (word_id, list_id) VALUES (3206, '3b2ac651-875a-4a2b-b8c4-8b4363b65eeb');
INSERT INTO "words"."words" (id, word, syllables, frequency, category) VALUES (3207, 'odio', 2, 0.0000832, NULL);
INSERT INTO "words"."words_lists" (word_id, list_id) VALUES (3207, '3b2ac651-875a-4a2b-b8c4-8b4363b65eeb');
INSERT INTO "words"."words" (id, word, syllables, frequency, category) VALUES (3208, 'mattina', 3, 0.000105, NULL);
INSERT INTO "words"."words_lists" (word_id, list_id) VALUES (3208, '3b2ac651-875a-4a2b-b8c4-8b4363b65eeb');
INSERT INTO "words"."words" (id, word, syllables, frequency, category) VALUES (3209, 'pubblico', 3, 0.000251, NULL);
INSERT INTO "words"."words_lists" (word_id, list_id) VALUES (3209, '3b2ac651-875a-4a2b-b8c4-8b4363b65eeb');
INSERT INTO "words"."words" (id, word, syllables, frequency, category) VALUES (3210, 'libro', 2, 0.000229, NULL);
INSERT INTO "words"."words_lists" (word_id, list_id) VALUES (3210, '3b2ac651-875a-4a2b-b8c4-8b4363b65eeb');
INSERT INTO "words"."words" (id, word, syllables, frequency, category) VALUES (3211, 'intendere', 4, 0.000012, NULL);
INSERT INTO "words"."words_lists" (word_id, list_id) VALUES (3211, '3b2ac651-875a-4a2b-b8c4-8b4363b65eeb');
INSERT INTO "words"."words" (id, word, syllables, frequency, category) VALUES (3212, 'difensore', 4, 0.0000178, NULL);
INSERT INTO "words"."words_lists" (word_id, list_id) VALUES (3212, '3b2ac651-875a-4a2b-b8c4-8b4363b65eeb');
INSERT INTO "words"."words" (id, word, syllables, frequency, category) VALUES (3213, 'strage', 2, 0.0000145, NULL);
INSERT INTO "words"."words_lists" (word_id, list_id) VALUES (3213, '3b2ac651-875a-4a2b-b8c4-8b4363b65eeb');
INSERT INTO "words"."words" (id, word, syllables, frequency, category) VALUES (3214, 'stazione', 3, 0.0000741, NULL);
INSERT INTO "words"."words_lists" (word_id, list_id) VALUES (3214, '3b2ac651-875a-4a2b-b8c4-8b4363b65eeb');
INSERT INTO "words"."words" (id, word, syllables, frequency, category) VALUES (3215, 'paga', 2, 0.0000398, NULL);
INSERT INTO "words"."words_lists" (word_id, list_id) VALUES (3215, '3b2ac651-875a-4a2b-b8c4-8b4363b65eeb');
INSERT INTO "words"."words" (id, word, syllables, frequency, category) VALUES (3216, 'diploma', 3, 0.0000178, NULL);
INSERT INTO "words"."words_lists" (word_id, list_id) VALUES (3216, '3b2ac651-875a-4a2b-b8c4-8b4363b65eeb');
INSERT INTO "words"."lists" (id, type) VALUES ('62e60e29-3f5f-4aa8-bc90-b1a27141edda', 'categorized');
INSERT INTO "words"."words" (id, word, syllables, frequency, category) VALUES (3217, 'cervello', 3, 0.0000617, NULL);
INSERT INTO "words"."words_lists" (word_id, list_id) VALUES (3217, '62e60e29-3f5f-4aa8-bc90-b1a27141edda');
INSERT INTO "words"."words" (id, word, syllables, frequency, category) VALUES (3218, 'palese', 3, 0.0000102, NULL);
INSERT INTO "words"."words_lists" (word_id, list_id) VALUES (3218, '62e60e29-3f5f-4aa8-bc90-b1a27141edda');
INSERT INTO "words"."words" (id, word, syllables, frequency, category) VALUES (3219, 'angelo', 3, 0.0000437, NULL);
INSERT INTO "words"."words_lists" (word_id, list_id) VALUES (3219, '62e60e29-3f5f-4aa8-bc90-b1a27141edda');
INSERT INTO "words"."words" (id, word, syllables, frequency, category) VALUES (3220, 'circolo', 3, 0.0000245, NULL);
INSERT INTO "words"."words_lists" (word_id, list_id) VALUES (3220, '62e60e29-3f5f-4aa8-bc90-b1a27141edda');
INSERT INTO "words"."words" (id, word, syllables, frequency, category) VALUES (3221, 'scomparso', 3, 0.0000151, NULL);
INSERT INTO "words"."words_lists" (word_id, list_id) VALUES (3221, '62e60e29-3f5f-4aa8-bc90-b1a27141edda');
INSERT INTO "words"."words" (id, word, syllables, frequency, category) VALUES (3222, 'storia', 2, 0.000537, NULL);
INSERT INTO "words"."words_lists" (word_id, list_id) VALUES (3222, '62e60e29-3f5f-4aa8-bc90-b1a27141edda');
INSERT INTO "words"."words" (id, word, syllables, frequency, category) VALUES (3223, 'agente', 3, 0.0000347, NULL);
INSERT INTO "words"."words_lists" (word_id, list_id) VALUES (3223, '62e60e29-3f5f-4aa8-bc90-b1a27141edda');
INSERT INTO "words"."words" (id, word, syllables, frequency, category) VALUES (3224, 'bis', 2, 0.0000166, NULL);
INSERT INTO "words"."words_lists" (word_id, list_id) VALUES (3224, '62e60e29-3f5f-4aa8-bc90-b1a27141edda');
INSERT INTO "words"."words" (id, word, syllables, frequency, category) VALUES (3225, 'giunta', 2, 0.0000447, NULL);
INSERT INTO "words"."words_lists" (word_id, list_id) VALUES (3225, '62e60e29-3f5f-4aa8-bc90-b1a27141edda');
INSERT INTO "words"."words" (id, word, syllables, frequency, category) VALUES (3226, 'fila', 2, 0.0000468, NULL);
INSERT INTO "words"."words_lists" (word_id, list_id) VALUES (3226, '62e60e29-3f5f-4aa8-bc90-b1a27141edda');
INSERT INTO "words"."words" (id, word, syllables, frequency, category) VALUES (3227, 'cimitero', 4, 0.0000141, NULL);
INSERT INTO "words"."words_lists" (word_id, list_id) VALUES (3227, '62e60e29-3f5f-4aa8-bc90-b1a27141edda');
INSERT INTO "words"."words" (id, word, syllables, frequency, category) VALUES (3228, 'attaccato', 4, 0.0000224, NULL);
INSERT INTO "words"."words_lists" (word_id, list_id) VALUES (3228, '62e60e29-3f5f-4aa8-bc90-b1a27141edda');
INSERT INTO "words"."words" (id, word, syllables, frequency, category) VALUES (3229, 'infinito', 4, 0.0000141, NULL);
INSERT INTO "words"."words_lists" (word_id, list_id) VALUES (3229, '62e60e29-3f5f-4aa8-bc90-b1a27141edda');
INSERT INTO "words"."words" (id, word, syllables, frequency, category) VALUES (3230, 'età', 2, 0.000129, NULL);
INSERT INTO "words"."words_lists" (word_id, list_id) VALUES (3230, '62e60e29-3f5f-4aa8-bc90-b1a27141edda');
INSERT INTO "words"."words" (id, word, syllables, frequency, category) VALUES (3231, 'mistero', 3, 0.0000257, NULL);
INSERT INTO "words"."words_lists" (word_id, list_id) VALUES (3231, '62e60e29-3f5f-4aa8-bc90-b1a27141edda');
INSERT INTO "words"."words" (id, word, syllables, frequency, category) VALUES (3232, 'dimostrare', 4, 0.0000447, NULL);
INSERT INTO "words"."words_lists" (word_id, list_id) VALUES (3232, '62e60e29-3f5f-4aa8-bc90-b1a27141edda');
INSERT INTO "words"."lists" (id, type) VALUES ('630c9bf0-1493-4ecc-9ea2-a3e921672fbc', 'categorized');
INSERT INTO "words"."words" (id, word, syllables, frequency, category) VALUES (3233, 'banda', 2, 0.0000324, NULL);
INSERT INTO "words"."words_lists" (word_id, list_id) VALUES (3233, '630c9bf0-1493-4ecc-9ea2-a3e921672fbc');
INSERT INTO "words"."words" (id, word, syllables, frequency, category) VALUES (3234, 'vuoto', 2, 0.0000407, NULL);
INSERT INTO "words"."words_lists" (word_id, list_id) VALUES (3234, '630c9bf0-1493-4ecc-9ea2-a3e921672fbc');
INSERT INTO "words"."words" (id, word, syllables, frequency, category) VALUES (3235, 'riguardo', 3, 0.000132, NULL);
INSERT INTO "words"."words_lists" (word_id, list_id) VALUES (3235, '630c9bf0-1493-4ecc-9ea2-a3e921672fbc');
INSERT INTO "words"."words" (id, word, syllables, frequency, category) VALUES (3236, 'ottica', 3, 0.0000112, NULL);
INSERT INTO "words"."words_lists" (word_id, list_id) VALUES (3236, '630c9bf0-1493-4ecc-9ea2-a3e921672fbc');
INSERT INTO "words"."words" (id, word, syllables, frequency, category) VALUES (3237, 'monte', 2, 0.0000631, NULL);
INSERT INTO "words"."words_lists" (word_id, list_id) VALUES (3237, '630c9bf0-1493-4ecc-9ea2-a3e921672fbc');
INSERT INTO "words"."words" (id, word, syllables, frequency, category) VALUES (3238, 'finale', 3, 0.000115, NULL);
INSERT INTO "words"."words_lists" (word_id, list_id) VALUES (3238, '630c9bf0-1493-4ecc-9ea2-a3e921672fbc');
INSERT INTO "words"."words" (id, word, syllables, frequency, category) VALUES (3239, 'valore', 3, 0.000145, NULL);
INSERT INTO "words"."words_lists" (word_id, list_id) VALUES (3239, '630c9bf0-1493-4ecc-9ea2-a3e921672fbc');
INSERT INTO "words"."words" (id, word, syllables, frequency, category) VALUES (3240, 'dominio', 3, 0.0000407, NULL);
INSERT INTO "words"."words_lists" (word_id, list_id) VALUES (3240, '630c9bf0-1493-4ecc-9ea2-a3e921672fbc');
INSERT INTO "words"."lists" (id, type) VALUES ('040bca46-0896-4693-9333-da57f2ed50c0', 'categorized');
INSERT INTO "words"."words" (id, word, syllables, frequency, category) VALUES (3241, 'mela', 2, 0.0000115, NULL);
INSERT INTO "words"."words_lists" (word_id, list_id) VALUES (3241, '040bca46-0896-4693-9333-da57f2ed50c0');
INSERT INTO "words"."words" (id, word, syllables, frequency, category) VALUES (3242, 'simile', 3, 0.000117, NULL);
INSERT INTO "words"."words_lists" (word_id, list_id) VALUES (3242, '040bca46-0896-4693-9333-da57f2ed50c0');
INSERT INTO "words"."words" (id, word, syllables, frequency, category) VALUES (3243, 'pasqua', 2, 0.0000145, NULL);
INSERT INTO "words"."words_lists" (word_id, list_id) VALUES (3243, '040bca46-0896-4693-9333-da57f2ed50c0');
INSERT INTO "words"."words" (id, word, syllables, frequency, category) VALUES (3244, 'usare', 3, 0.00012, NULL);
INSERT INTO "words"."words_lists" (word_id, list_id) VALUES (3244, '040bca46-0896-4693-9333-da57f2ed50c0');
INSERT INTO "words"."words" (id, word, syllables, frequency, category) VALUES (3245, 'gravità', 3, 0.0000162, NULL);
INSERT INTO "words"."words_lists" (word_id, list_id) VALUES (3245, '040bca46-0896-4693-9333-da57f2ed50c0');
INSERT INTO "words"."words" (id, word, syllables, frequency, category) VALUES (3246, 'mister', 2, 0.000011, NULL);
INSERT INTO "words"."words_lists" (word_id, list_id) VALUES (3246, '040bca46-0896-4693-9333-da57f2ed50c0');
INSERT INTO "words"."words" (id, word, syllables, frequency, category) VALUES (3247, 'lanciare', 3, 0.000017, NULL);
INSERT INTO "words"."words_lists" (word_id, list_id) VALUES (3247, '040bca46-0896-4693-9333-da57f2ed50c0');
INSERT INTO "words"."words" (id, word, syllables, frequency, category) VALUES (3248, 'sparire', 3, 0.000012, NULL);
INSERT INTO "words"."words_lists" (word_id, list_id) VALUES (3248, '040bca46-0896-4693-9333-da57f2ed50c0');
INSERT INTO "words"."lists" (id, type) VALUES ('b104acf8-b2ab-47b9-bfb5-2d67992bf1e3', 'categorized');
INSERT INTO "words"."words" (id, word, syllables, frequency, category) VALUES (3249, 'trattare', 3, 0.0000251, NULL);
INSERT INTO "words"."words_lists" (word_id, list_id) VALUES (3249, 'b104acf8-b2ab-47b9-bfb5-2d67992bf1e3');
INSERT INTO "words"."words" (id, word, syllables, frequency, category) VALUES (3250, 'programmazione', 5, 0.0000275, NULL);
INSERT INTO "words"."words_lists" (word_id, list_id) VALUES (3250, 'b104acf8-b2ab-47b9-bfb5-2d67992bf1e3');
INSERT INTO "words"."words" (id, word, syllables, frequency, category) VALUES (3251, 'attore', 3, 0.0000302, NULL);
INSERT INTO "words"."words_lists" (word_id, list_id) VALUES (3251, 'b104acf8-b2ab-47b9-bfb5-2d67992bf1e3');
INSERT INTO "words"."words" (id, word, syllables, frequency, category) VALUES (3252, 'quarto', 2, 0.0000537, NULL);
INSERT INTO "words"."words_lists" (word_id, list_id) VALUES (3252, 'b104acf8-b2ab-47b9-bfb5-2d67992bf1e3');
INSERT INTO "words"."words" (id, word, syllables, frequency, category) VALUES (3253, 'composta', 3, 0.0000288, NULL);
INSERT INTO "words"."words_lists" (word_id, list_id) VALUES (3253, 'b104acf8-b2ab-47b9-bfb5-2d67992bf1e3');
INSERT INTO "words"."words" (id, word, syllables, frequency, category) VALUES (3254, 'trentino', 3, 0.0000141, NULL);
INSERT INTO "words"."words_lists" (word_id, list_id) VALUES (3254, 'b104acf8-b2ab-47b9-bfb5-2d67992bf1e3');
INSERT INTO "words"."words" (id, word, syllables, frequency, category) VALUES (3255, 'versione', 3, 0.000126, NULL);
INSERT INTO "words"."words_lists" (word_id, list_id) VALUES (3255, 'b104acf8-b2ab-47b9-bfb5-2d67992bf1e3');
INSERT INTO "words"."words" (id, word, syllables, frequency, category) VALUES (3256, 'porre', 2, 0.0000288, NULL);
INSERT INTO "words"."words_lists" (word_id, list_id) VALUES (3256, 'b104acf8-b2ab-47b9-bfb5-2d67992bf1e3');
INSERT INTO "words"."lists" (id, type) VALUES ('a0fdc503-348a-451a-8ffd-9fa714b01ff2', 'categorized');
INSERT INTO "words"."words" (id, word, syllables, frequency, category) VALUES (3257, 'depressione', 4, 0.00002, NULL);
INSERT INTO "words"."words_lists" (word_id, list_id) VALUES (3257, 'a0fdc503-348a-451a-8ffd-9fa714b01ff2');
INSERT INTO "words"."words" (id, word, syllables, frequency, category) VALUES (3258, 'corretto', 3, 0.0000302, NULL);
INSERT INTO "words"."words_lists" (word_id, list_id) VALUES (3258, 'a0fdc503-348a-451a-8ffd-9fa714b01ff2');
INSERT INTO "words"."words" (id, word, syllables, frequency, category) VALUES (3259, 'terme', 2, 0.000012, NULL);
INSERT INTO "words"."words_lists" (word_id, list_id) VALUES (3259, 'a0fdc503-348a-451a-8ffd-9fa714b01ff2');
INSERT INTO "words"."words" (id, word, syllables, frequency, category) VALUES (3260, 'mettersi', 3, 0.0000257, NULL);
INSERT INTO "words"."words_lists" (word_id, list_id) VALUES (3260, 'a0fdc503-348a-451a-8ffd-9fa714b01ff2');
INSERT INTO "words"."words" (id, word, syllables, frequency, category) VALUES (3261, 'sostegno', 3, 0.000055, NULL);
INSERT INTO "words"."words_lists" (word_id, list_id) VALUES (3261, 'a0fdc503-348a-451a-8ffd-9fa714b01ff2');
INSERT INTO "words"."words" (id, word, syllables, frequency, category) VALUES (3262, 'tranquillo', 3, 0.0000417, NULL);
INSERT INTO "words"."words_lists" (word_id, list_id) VALUES (3262, 'a0fdc503-348a-451a-8ffd-9fa714b01ff2');
INSERT INTO "words"."words" (id, word, syllables, frequency, category) VALUES (3263, 'cominciare', 4, 0.0000355, NULL);
INSERT INTO "words"."words_lists" (word_id, list_id) VALUES (3263, 'a0fdc503-348a-451a-8ffd-9fa714b01ff2');
INSERT INTO "words"."words" (id, word, syllables, frequency, category) VALUES (3264, 'feci', 2, 0.0000117, NULL);
INSERT INTO "words"."words_lists" (word_id, list_id) VALUES (3264, 'a0fdc503-348a-451a-8ffd-9fa714b01ff2');
INSERT INTO "words"."lists" (id, type) VALUES ('fff3051e-1851-490f-964c-fe9c2f3b73dc', 'categorized');
INSERT INTO "words"."words" (id, word, syllables, frequency, category) VALUES (3265, 'edilizia', 4, 0.0000126, NULL);
INSERT INTO "words"."words_lists" (word_id, list_id) VALUES (3265, 'fff3051e-1851-490f-964c-fe9c2f3b73dc');
INSERT INTO "words"."words" (id, word, syllables, frequency, category) VALUES (3266, 'controllo', 3, 0.000174, NULL);
INSERT INTO "words"."words_lists" (word_id, list_id) VALUES (3266, 'fff3051e-1851-490f-964c-fe9c2f3b73dc');
INSERT INTO "words"."words" (id, word, syllables, frequency, category) VALUES (3267, 'gelato', 3, 0.0000166, NULL);
INSERT INTO "words"."words_lists" (word_id, list_id) VALUES (3267, 'fff3051e-1851-490f-964c-fe9c2f3b73dc');
INSERT INTO "words"."words" (id, word, syllables, frequency, category) VALUES (3268, 'esilio', 4, 0.0000102, NULL);
INSERT INTO "words"."words_lists" (word_id, list_id) VALUES (3268, 'fff3051e-1851-490f-964c-fe9c2f3b73dc');
INSERT INTO "words"."words" (id, word, syllables, frequency, category) VALUES (3269, 'esterno', 3, 0.0000355, NULL);
INSERT INTO "words"."words_lists" (word_id, list_id) VALUES (3269, 'fff3051e-1851-490f-964c-fe9c2f3b73dc');
INSERT INTO "words"."words" (id, word, syllables, frequency, category) VALUES (3270, 'fisica', 3, 0.0000708, NULL);
INSERT INTO "words"."words_lists" (word_id, list_id) VALUES (3270, 'fff3051e-1851-490f-964c-fe9c2f3b73dc');
INSERT INTO "words"."words" (id, word, syllables, frequency, category) VALUES (3271, 'vitale', 3, 0.0000158, NULL);
INSERT INTO "words"."words_lists" (word_id, list_id) VALUES (3271, 'fff3051e-1851-490f-964c-fe9c2f3b73dc');
INSERT INTO "words"."words" (id, word, syllables, frequency, category) VALUES (3272, 'novità', 3, 0.0000468, NULL);
INSERT INTO "words"."words_lists" (word_id, list_id) VALUES (3272, 'fff3051e-1851-490f-964c-fe9c2f3b73dc');
INSERT INTO "words"."lists" (id, type) VALUES ('a4cddd97-5cf9-4c4e-b175-de6ceba14915', 'categorized');
INSERT INTO "words"."words" (id, word, syllables, frequency, category) VALUES (3273, 'finanza', 3, 0.0000269, NULL);
INSERT INTO "words"."words_lists" (word_id, list_id) VALUES (3273, 'a4cddd97-5cf9-4c4e-b175-de6ceba14915');
INSERT INTO "words"."words" (id, word, syllables, frequency, category) VALUES (3274, 'lasciare', 3, 0.0000933, NULL);
INSERT INTO "words"."words_lists" (word_id, list_id) VALUES (3274, 'a4cddd97-5cf9-4c4e-b175-de6ceba14915');
INSERT INTO "words"."words" (id, word, syllables, frequency, category) VALUES (3275, 'bontà', 2, 0.0000105, NULL);
INSERT INTO "words"."words_lists" (word_id, list_id) VALUES (3275, 'a4cddd97-5cf9-4c4e-b175-de6ceba14915');
INSERT INTO "words"."words" (id, word, syllables, frequency, category) VALUES (3276, 'Vienna', 3, 0.0000191, NULL);
INSERT INTO "words"."words_lists" (word_id, list_id) VALUES (3276, 'a4cddd97-5cf9-4c4e-b175-de6ceba14915');
INSERT INTO "words"."words" (id, word, syllables, frequency, category) VALUES (3277, 'mese', 2, 0.000209, NULL);
INSERT INTO "words"."words_lists" (word_id, list_id) VALUES (3277, 'a4cddd97-5cf9-4c4e-b175-de6ceba14915');
INSERT INTO "words"."words" (id, word, syllables, frequency, category) VALUES (3278, 'formato', 3, 0.0000525, NULL);
INSERT INTO "words"."words_lists" (word_id, list_id) VALUES (3278, 'a4cddd97-5cf9-4c4e-b175-de6ceba14915');
INSERT INTO "words"."words" (id, word, syllables, frequency, category) VALUES (3279, 'regola', 3, 0.0000513, NULL);
INSERT INTO "words"."words_lists" (word_id, list_id) VALUES (3279, 'a4cddd97-5cf9-4c4e-b175-de6ceba14915');
INSERT INTO "words"."words" (id, word, syllables, frequency, category) VALUES (3280, 'campana', 3, 0.0000102, NULL);
INSERT INTO "words"."words_lists" (word_id, list_id) VALUES (3280, 'a4cddd97-5cf9-4c4e-b175-de6ceba14915');
INSERT INTO "words"."lists" (id, type) VALUES ('f6ff6366-d0a5-49ac-8442-38cbb7adddc4', 'categorized');
INSERT INTO "words"."words" (id, word, syllables, frequency, category) VALUES (3281, 'letterario', 4, 0.0000162, NULL);
INSERT INTO "words"."words_lists" (word_id, list_id) VALUES (3281, 'f6ff6366-d0a5-49ac-8442-38cbb7adddc4');
INSERT INTO "words"."words" (id, word, syllables, frequency, category) VALUES (3282, 'solidarietà', 5, 0.0000331, NULL);
INSERT INTO "words"."words_lists" (word_id, list_id) VALUES (3282, 'f6ff6366-d0a5-49ac-8442-38cbb7adddc4');
INSERT INTO "words"."words" (id, word, syllables, frequency, category) VALUES (3283, 'dominante', 4, 0.0000135, NULL);
INSERT INTO "words"."words_lists" (word_id, list_id) VALUES (3283, 'f6ff6366-d0a5-49ac-8442-38cbb7adddc4');
INSERT INTO "words"."words" (id, word, syllables, frequency, category) VALUES (3284, 'siciliano', 4, 0.000012, NULL);
INSERT INTO "words"."words_lists" (word_id, list_id) VALUES (3284, 'f6ff6366-d0a5-49ac-8442-38cbb7adddc4');
INSERT INTO "words"."words" (id, word, syllables, frequency, category) VALUES (3285, 'massa', 2, 0.0000813, NULL);
INSERT INTO "words"."words_lists" (word_id, list_id) VALUES (3285, 'f6ff6366-d0a5-49ac-8442-38cbb7adddc4');
INSERT INTO "words"."words" (id, word, syllables, frequency, category) VALUES (3286, 'mostrare', 3, 0.0000295, NULL);
INSERT INTO "words"."words_lists" (word_id, list_id) VALUES (3286, 'f6ff6366-d0a5-49ac-8442-38cbb7adddc4');
INSERT INTO "words"."words" (id, word, syllables, frequency, category) VALUES (3287, 'accento', 3, 0.0000141, NULL);
INSERT INTO "words"."words_lists" (word_id, list_id) VALUES (3287, 'f6ff6366-d0a5-49ac-8442-38cbb7adddc4');
INSERT INTO "words"."words" (id, word, syllables, frequency, category) VALUES (3288, 'enorme', 3, 0.0000575, NULL);
INSERT INTO "words"."words_lists" (word_id, list_id) VALUES (3288, 'f6ff6366-d0a5-49ac-8442-38cbb7adddc4');
INSERT INTO "words"."lists" (id, type) VALUES ('dccda90a-83c1-492c-a731-b8176a10fa9a', 'categorized');
INSERT INTO "words"."words" (id, word, syllables, frequency, category) VALUES (3289, 'periodo', 4, 0.000219, NULL);
INSERT INTO "words"."words_lists" (word_id, list_id) VALUES (3289, 'dccda90a-83c1-492c-a731-b8176a10fa9a');
INSERT INTO "words"."words" (id, word, syllables, frequency, category) VALUES (3290, 'debito', 3, 0.000055, NULL);
INSERT INTO "words"."words_lists" (word_id, list_id) VALUES (3290, 'dccda90a-83c1-492c-a731-b8176a10fa9a');
INSERT INTO "words"."words" (id, word, syllables, frequency, category) VALUES (3291, 'alternativa', 5, 0.000038, NULL);
INSERT INTO "words"."words_lists" (word_id, list_id) VALUES (3291, 'dccda90a-83c1-492c-a731-b8176a10fa9a');
INSERT INTO "words"."words" (id, word, syllables, frequency, category) VALUES (3292, 'sentimento', 4, 0.0000269, NULL);
INSERT INTO "words"."words_lists" (word_id, list_id) VALUES (3292, 'dccda90a-83c1-492c-a731-b8176a10fa9a');
INSERT INTO "words"."words" (id, word, syllables, frequency, category) VALUES (3293, 'armonia', 4, 0.0000129, NULL);
INSERT INTO "words"."words_lists" (word_id, list_id) VALUES (3293, 'dccda90a-83c1-492c-a731-b8176a10fa9a');
INSERT INTO "words"."words" (id, word, syllables, frequency, category) VALUES (3294, 'andare', 3, 0.000417, NULL);
INSERT INTO "words"."words_lists" (word_id, list_id) VALUES (3294, 'dccda90a-83c1-492c-a731-b8176a10fa9a');
INSERT INTO "words"."words" (id, word, syllables, frequency, category) VALUES (3295, 'risoluzione', 5, 0.0000288, NULL);
INSERT INTO "words"."words_lists" (word_id, list_id) VALUES (3295, 'dccda90a-83c1-492c-a731-b8176a10fa9a');
INSERT INTO "words"."words" (id, word, syllables, frequency, category) VALUES (3296, 'gestione', 3, 0.0000776, NULL);
INSERT INTO "words"."words_lists" (word_id, list_id) VALUES (3296, 'dccda90a-83c1-492c-a731-b8176a10fa9a');
INSERT INTO "words"."lists" (id, type) VALUES ('ca0616c3-e00f-4ed8-a34c-c09502d797ce', 'categorized');
INSERT INTO "words"."words" (id, word, syllables, frequency, category) VALUES (3297, 'impianto', 3, 0.0000282, NULL);
INSERT INTO "words"."words_lists" (word_id, list_id) VALUES (3297, 'ca0616c3-e00f-4ed8-a34c-c09502d797ce');
INSERT INTO "words"."words" (id, word, syllables, frequency, category) VALUES (3298, 'teste', 2, 0.0000224, NULL);
INSERT INTO "words"."words_lists" (word_id, list_id) VALUES (3298, 'ca0616c3-e00f-4ed8-a34c-c09502d797ce');
INSERT INTO "words"."words" (id, word, syllables, frequency, category) VALUES (3299, 'orgoglioso', 4, 0.000012, NULL);
INSERT INTO "words"."words_lists" (word_id, list_id) VALUES (3299, 'ca0616c3-e00f-4ed8-a34c-c09502d797ce');
INSERT INTO "words"."words" (id, word, syllables, frequency, category) VALUES (3300, 'promosso', 3, 0.00002, NULL);
INSERT INTO "words"."words_lists" (word_id, list_id) VALUES (3300, 'ca0616c3-e00f-4ed8-a34c-c09502d797ce');
INSERT INTO "words"."words" (id, word, syllables, frequency, category) VALUES (3301, 'agire', 3, 0.0000316, NULL);
INSERT INTO "words"."words_lists" (word_id, list_id) VALUES (3301, 'ca0616c3-e00f-4ed8-a34c-c09502d797ce');
INSERT INTO "words"."words" (id, word, syllables, frequency, category) VALUES (3302, 'vincente', 3, 0.000011, NULL);
INSERT INTO "words"."words_lists" (word_id, list_id) VALUES (3302, 'ca0616c3-e00f-4ed8-a34c-c09502d797ce');
INSERT INTO "words"."words" (id, word, syllables, frequency, category) VALUES (3303, 'puntare', 3, 0.000012, NULL);
INSERT INTO "words"."words_lists" (word_id, list_id) VALUES (3303, 'ca0616c3-e00f-4ed8-a34c-c09502d797ce');
INSERT INTO "words"."words" (id, word, syllables, frequency, category) VALUES (3304, 'turismo', 3, 0.0000389, NULL);
INSERT INTO "words"."words_lists" (word_id, list_id) VALUES (3304, 'ca0616c3-e00f-4ed8-a34c-c09502d797ce');
INSERT INTO "words"."lists" (id, type) VALUES ('c29a7132-70dc-4c85-bf7a-15a2b4af7215', 'categorized');
INSERT INTO "words"."words" (id, word, syllables, frequency, category) VALUES (3305, 'inferno', 3, 0.0000174, NULL);
INSERT INTO "words"."words_lists" (word_id, list_id) VALUES (3305, 'c29a7132-70dc-4c85-bf7a-15a2b4af7215');
INSERT INTO "words"."words" (id, word, syllables, frequency, category) VALUES (3306, 'padrone', 3, 0.0000269, NULL);
INSERT INTO "words"."words_lists" (word_id, list_id) VALUES (3306, 'c29a7132-70dc-4c85-bf7a-15a2b4af7215');
INSERT INTO "words"."words" (id, word, syllables, frequency, category) VALUES (3307, 'complicato', 4, 0.0000186, NULL);
INSERT INTO "words"."words_lists" (word_id, list_id) VALUES (3307, 'c29a7132-70dc-4c85-bf7a-15a2b4af7215');
INSERT INTO "words"."words" (id, word, syllables, frequency, category) VALUES (3308, 'diploma', 3, 0.0000178, NULL);
INSERT INTO "words"."words_lists" (word_id, list_id) VALUES (3308, 'c29a7132-70dc-4c85-bf7a-15a2b4af7215');
INSERT INTO "words"."words" (id, word, syllables, frequency, category) VALUES (3309, 'trasparente', 4, 0.000012, NULL);
INSERT INTO "words"."words_lists" (word_id, list_id) VALUES (3309, 'c29a7132-70dc-4c85-bf7a-15a2b4af7215');
INSERT INTO "words"."words" (id, word, syllables, frequency, category) VALUES (3310, 'entità', 3, 0.000024, NULL);
INSERT INTO "words"."words_lists" (word_id, list_id) VALUES (3310, 'c29a7132-70dc-4c85-bf7a-15a2b4af7215');
INSERT INTO "words"."words" (id, word, syllables, frequency, category) VALUES (3311, 'accadere', 4, 0.0000148, NULL);
INSERT INTO "words"."words_lists" (word_id, list_id) VALUES (3311, 'c29a7132-70dc-4c85-bf7a-15a2b4af7215');
INSERT INTO "words"."words" (id, word, syllables, frequency, category) VALUES (3312, 'libro', 2, 0.000229, NULL);
INSERT INTO "words"."words_lists" (word_id, list_id) VALUES (3312, 'c29a7132-70dc-4c85-bf7a-15a2b4af7215');
INSERT INTO "words"."lists" (id, type) VALUES ('e3e6b5e1-760c-4271-a273-b4b8192f93ed', 'categorized');
INSERT INTO "words"."words" (id, word, syllables, frequency, category) VALUES (3313, 'Parigi', 3, 0.0000724, NULL);
INSERT INTO "words"."words_lists" (word_id, list_id) VALUES (3313, 'e3e6b5e1-760c-4271-a273-b4b8192f93ed');
INSERT INTO "words"."words" (id, word, syllables, frequency, category) VALUES (3314, 'attaccato', 4, 0.0000224, NULL);
INSERT INTO "words"."words_lists" (word_id, list_id) VALUES (3314, 'e3e6b5e1-760c-4271-a273-b4b8192f93ed');
INSERT INTO "words"."words" (id, word, syllables, frequency, category) VALUES (3315, 'epoca', 3, 0.0000417, NULL);
INSERT INTO "words"."words_lists" (word_id, list_id) VALUES (3315, 'e3e6b5e1-760c-4271-a273-b4b8192f93ed');
INSERT INTO "words"."words" (id, word, syllables, frequency, category) VALUES (3316, 'richiesta', 3, 0.0000955, NULL);
INSERT INTO "words"."words_lists" (word_id, list_id) VALUES (3316, 'e3e6b5e1-760c-4271-a273-b4b8192f93ed');
INSERT INTO "words"."words" (id, word, syllables, frequency, category) VALUES (3317, 'agente', 3, 0.0000347, NULL);
INSERT INTO "words"."words_lists" (word_id, list_id) VALUES (3317, 'e3e6b5e1-760c-4271-a273-b4b8192f93ed');
INSERT INTO "words"."words" (id, word, syllables, frequency, category) VALUES (3318, 'Giappone', 3, 0.0000575, NULL);
INSERT INTO "words"."words_lists" (word_id, list_id) VALUES (3318, 'e3e6b5e1-760c-4271-a273-b4b8192f93ed');
INSERT INTO "words"."words" (id, word, syllables, frequency, category) VALUES (3319, 'bis', 2, 0.0000166, NULL);
INSERT INTO "words"."words_lists" (word_id, list_id) VALUES (3319, 'e3e6b5e1-760c-4271-a273-b4b8192f93ed');
INSERT INTO "words"."words" (id, word, syllables, frequency, category) VALUES (3320, 'prezioso', 3, 0.0000162, NULL);
INSERT INTO "words"."words_lists" (word_id, list_id) VALUES (3320, 'e3e6b5e1-760c-4271-a273-b4b8192f93ed');
