INSERT INTO "words"."lists" (id, type) VALUES ('44ee8f0b-48fe-42ef-8786-ba0e0ea74e8a', 'categorized');
INSERT INTO "words"."words" (id, word, syllables, frequency, category) VALUES (2001, 'vuoto', 2, 0.0000407, NULL);
INSERT INTO "words"."words_lists" (word_id, list_id) VALUES (2001, '44ee8f0b-48fe-42ef-8786-ba0e0ea74e8a');
INSERT INTO "words"."words" (id, word, syllables, frequency, category) VALUES (2002, 'costa', 2, 0.000112, NULL);
INSERT INTO "words"."words_lists" (word_id, list_id) VALUES (2002, '44ee8f0b-48fe-42ef-8786-ba0e0ea74e8a');
INSERT INTO "words"."words" (id, word, syllables, frequency, category) VALUES (2003, 'vivo', 2, 0.000107, NULL);
INSERT INTO "words"."words_lists" (word_id, list_id) VALUES (2003, '44ee8f0b-48fe-42ef-8786-ba0e0ea74e8a');
INSERT INTO "words"."words" (id, word, syllables, frequency, category) VALUES (2004, 'Lucca', 2, 0.0000182, NULL);
INSERT INTO "words"."words_lists" (word_id, list_id) VALUES (2004, '44ee8f0b-48fe-42ef-8786-ba0e0ea74e8a');
INSERT INTO "words"."words" (id, word, syllables, frequency, category) VALUES (2005, 'cerchio', 2, 0.0000162, NULL);
INSERT INTO "words"."words_lists" (word_id, list_id) VALUES (2005, '44ee8f0b-48fe-42ef-8786-ba0e0ea74e8a');
INSERT INTO "words"."words" (id, word, syllables, frequency, category) VALUES (2006, 'scopo', 2, 0.000117, NULL);
INSERT INTO "words"."words_lists" (word_id, list_id) VALUES (2006, '44ee8f0b-48fe-42ef-8786-ba0e0ea74e8a');
INSERT INTO "words"."words" (id, word, syllables, frequency, category) VALUES (2007, 'greca', 2, 0.00002, NULL);
INSERT INTO "words"."words_lists" (word_id, list_id) VALUES (2007, '44ee8f0b-48fe-42ef-8786-ba0e0ea74e8a');
INSERT INTO "words"."words" (id, word, syllables, frequency, category) VALUES (2008, 'sporco', 2, 0.0000117, NULL);
INSERT INTO "words"."words_lists" (word_id, list_id) VALUES (2008, '44ee8f0b-48fe-42ef-8786-ba0e0ea74e8a');
INSERT INTO "words"."words" (id, word, syllables, frequency, category) VALUES (2009, 'vasto', 2, 0.0000191, NULL);
INSERT INTO "words"."words_lists" (word_id, list_id) VALUES (2009, '44ee8f0b-48fe-42ef-8786-ba0e0ea74e8a');
INSERT INTO "words"."words" (id, word, syllables, frequency, category) VALUES (2010, 'peso', 2, 0.0000832, NULL);
INSERT INTO "words"."words_lists" (word_id, list_id) VALUES (2010, '44ee8f0b-48fe-42ef-8786-ba0e0ea74e8a');
INSERT INTO "words"."words" (id, word, syllables, frequency, category) VALUES (2011, 'cento', 2, 0.0000661, NULL);
INSERT INTO "words"."words_lists" (word_id, list_id) VALUES (2011, '44ee8f0b-48fe-42ef-8786-ba0e0ea74e8a');
INSERT INTO "words"."words" (id, word, syllables, frequency, category) VALUES (2012, 'Pescara', 2, 0.0000123, NULL);
INSERT INTO "words"."words_lists" (word_id, list_id) VALUES (2012, '44ee8f0b-48fe-42ef-8786-ba0e0ea74e8a');
INSERT INTO "words"."words" (id, word, syllables, frequency, category) VALUES (2013, 'podio', 2, 0.0000107, NULL);
INSERT INTO "words"."words_lists" (word_id, list_id) VALUES (2013, '44ee8f0b-48fe-42ef-8786-ba0e0ea74e8a');
INSERT INTO "words"."words" (id, word, syllables, frequency, category) VALUES (2014, 'forse', 2, 0.000468, NULL);
INSERT INTO "words"."words_lists" (word_id, list_id) VALUES (2014, '44ee8f0b-48fe-42ef-8786-ba0e0ea74e8a');
INSERT INTO "words"."words" (id, word, syllables, frequency, category) VALUES (2015, 'stanza', 2, 0.0000617, NULL);
INSERT INTO "words"."words_lists" (word_id, list_id) VALUES (2015, '44ee8f0b-48fe-42ef-8786-ba0e0ea74e8a');
INSERT INTO "words"."words" (id, word, syllables, frequency, category) VALUES (2016, 'banco', 2, 0.0000214, NULL);
INSERT INTO "words"."words_lists" (word_id, list_id) VALUES (2016, '44ee8f0b-48fe-42ef-8786-ba0e0ea74e8a');
INSERT INTO "words"."words" (id, word, syllables, frequency, category) VALUES (2017, 'posta', 2, 0.0000661, NULL);
INSERT INTO "words"."words_lists" (word_id, list_id) VALUES (2017, '44ee8f0b-48fe-42ef-8786-ba0e0ea74e8a');
INSERT INTO "words"."words" (id, word, syllables, frequency, category) VALUES (2018, 'banda', 2, 0.0000324, NULL);
INSERT INTO "words"."words_lists" (word_id, list_id) VALUES (2018, '44ee8f0b-48fe-42ef-8786-ba0e0ea74e8a');
INSERT INTO "words"."words" (id, word, syllables, frequency, category) VALUES (2019, 'dopo', 2, 0.00135, NULL);
INSERT INTO "words"."words_lists" (word_id, list_id) VALUES (2019, '44ee8f0b-48fe-42ef-8786-ba0e0ea74e8a');
INSERT INTO "words"."words" (id, word, syllables, frequency, category) VALUES (2020, 'destra', 2, 0.000126, NULL);
INSERT INTO "words"."words_lists" (word_id, list_id) VALUES (2020, '44ee8f0b-48fe-42ef-8786-ba0e0ea74e8a');
INSERT INTO "words"."words" (id, word, syllables, frequency, category) VALUES (2021, 'monte', 2, 0.0000631, NULL);
INSERT INTO "words"."words_lists" (word_id, list_id) VALUES (2021, '44ee8f0b-48fe-42ef-8786-ba0e0ea74e8a');
INSERT INTO "words"."words" (id, word, syllables, frequency, category) VALUES (2022, 'valle', 2, 0.0000479, NULL);
INSERT INTO "words"."words_lists" (word_id, list_id) VALUES (2022, '44ee8f0b-48fe-42ef-8786-ba0e0ea74e8a');
INSERT INTO "words"."words" (id, word, syllables, frequency, category) VALUES (2023, 'pessimo', 3, 0.0000115, NULL);
INSERT INTO "words"."words_lists" (word_id, list_id) VALUES (2023, '44ee8f0b-48fe-42ef-8786-ba0e0ea74e8a');
INSERT INTO "words"."words" (id, word, syllables, frequency, category) VALUES (2024, 'martello', 3, 0.00001, NULL);
INSERT INTO "words"."words_lists" (word_id, list_id) VALUES (2024, '44ee8f0b-48fe-42ef-8786-ba0e0ea74e8a');
INSERT INTO "words"."words" (id, word, syllables, frequency, category) VALUES (2025, 'valore', 3, 0.000145, NULL);
INSERT INTO "words"."words_lists" (word_id, list_id) VALUES (2025, '44ee8f0b-48fe-42ef-8786-ba0e0ea74e8a');
INSERT INTO "words"."words" (id, word, syllables, frequency, category) VALUES (2026, 'riparo', 3, 0.0000102, NULL);
INSERT INTO "words"."words_lists" (word_id, list_id) VALUES (2026, '44ee8f0b-48fe-42ef-8786-ba0e0ea74e8a');
INSERT INTO "words"."words" (id, word, syllables, frequency, category) VALUES (2027, 'prendere', 3, 0.000224, NULL);
INSERT INTO "words"."words_lists" (word_id, list_id) VALUES (2027, '44ee8f0b-48fe-42ef-8786-ba0e0ea74e8a');
INSERT INTO "words"."words" (id, word, syllables, frequency, category) VALUES (2028, 'docente', 3, 0.0000178, NULL);
INSERT INTO "words"."words_lists" (word_id, list_id) VALUES (2028, '44ee8f0b-48fe-42ef-8786-ba0e0ea74e8a');
INSERT INTO "words"."words" (id, word, syllables, frequency, category) VALUES (2029, 'creatura', 3, 0.0000135, NULL);
INSERT INTO "words"."words_lists" (word_id, list_id) VALUES (2029, '44ee8f0b-48fe-42ef-8786-ba0e0ea74e8a');
INSERT INTO "words"."words" (id, word, syllables, frequency, category) VALUES (2030, 'coprire', 3, 0.00002, NULL);
INSERT INTO "words"."words_lists" (word_id, list_id) VALUES (2030, '44ee8f0b-48fe-42ef-8786-ba0e0ea74e8a');
INSERT INTO "words"."words" (id, word, syllables, frequency, category) VALUES (2031, 'mondiali', 3, 0.000038, NULL);
INSERT INTO "words"."words_lists" (word_id, list_id) VALUES (2031, '44ee8f0b-48fe-42ef-8786-ba0e0ea74e8a');
INSERT INTO "words"."words" (id, word, syllables, frequency, category) VALUES (2032, 'leggero', 3, 0.0000214, NULL);
INSERT INTO "words"."words_lists" (word_id, list_id) VALUES (2032, '44ee8f0b-48fe-42ef-8786-ba0e0ea74e8a');
INSERT INTO "words"."words" (id, word, syllables, frequency, category) VALUES (2033, 'agire', 3, 0.0000316, NULL);
INSERT INTO "words"."words_lists" (word_id, list_id) VALUES (2033, '44ee8f0b-48fe-42ef-8786-ba0e0ea74e8a');
INSERT INTO "words"."words" (id, word, syllables, frequency, category) VALUES (2034, 'finestra', 3, 0.000038, NULL);
INSERT INTO "words"."words_lists" (word_id, list_id) VALUES (2034, '44ee8f0b-48fe-42ef-8786-ba0e0ea74e8a');
INSERT INTO "words"."words" (id, word, syllables, frequency, category) VALUES (2035, 'colombo', 3, 0.0000126, NULL);
INSERT INTO "words"."words_lists" (word_id, list_id) VALUES (2035, '44ee8f0b-48fe-42ef-8786-ba0e0ea74e8a');
INSERT INTO "words"."words" (id, word, syllables, frequency, category) VALUES (2036, 'razzismo', 3, 0.0000316, NULL);
INSERT INTO "words"."words_lists" (word_id, list_id) VALUES (2036, '44ee8f0b-48fe-42ef-8786-ba0e0ea74e8a');
INSERT INTO "words"."words" (id, word, syllables, frequency, category) VALUES (2037, 'ottica', 3, 0.0000112, NULL);
INSERT INTO "words"."words_lists" (word_id, list_id) VALUES (2037, '44ee8f0b-48fe-42ef-8786-ba0e0ea74e8a');
INSERT INTO "words"."words" (id, word, syllables, frequency, category) VALUES (2038, 'senato', 3, 0.0000479, NULL);
INSERT INTO "words"."words_lists" (word_id, list_id) VALUES (2038, '44ee8f0b-48fe-42ef-8786-ba0e0ea74e8a');
INSERT INTO "words"."words" (id, word, syllables, frequency, category) VALUES (2039, 'versione', 3, 0.000126, NULL);
INSERT INTO "words"."words_lists" (word_id, list_id) VALUES (2039, '44ee8f0b-48fe-42ef-8786-ba0e0ea74e8a');
INSERT INTO "words"."words" (id, word, syllables, frequency, category) VALUES (2040, 'dominio', 3, 0.0000407, NULL);
INSERT INTO "words"."words_lists" (word_id, list_id) VALUES (2040, '44ee8f0b-48fe-42ef-8786-ba0e0ea74e8a');
INSERT INTO "words"."words" (id, word, syllables, frequency, category) VALUES (2041, 'deriva', 3, 0.0000309, NULL);
INSERT INTO "words"."words_lists" (word_id, list_id) VALUES (2041, '44ee8f0b-48fe-42ef-8786-ba0e0ea74e8a');
INSERT INTO "words"."words" (id, word, syllables, frequency, category) VALUES (2042, 'finale', 3, 0.000115, NULL);
INSERT INTO "words"."words_lists" (word_id, list_id) VALUES (2042, '44ee8f0b-48fe-42ef-8786-ba0e0ea74e8a');
INSERT INTO "words"."words" (id, word, syllables, frequency, category) VALUES (2043, 'magico', 3, 0.0000162, NULL);
INSERT INTO "words"."words_lists" (word_id, list_id) VALUES (2043, '44ee8f0b-48fe-42ef-8786-ba0e0ea74e8a');
INSERT INTO "words"."words" (id, word, syllables, frequency, category) VALUES (2044, 'accento', 3, 0.0000141, NULL);
INSERT INTO "words"."words_lists" (word_id, list_id) VALUES (2044, '44ee8f0b-48fe-42ef-8786-ba0e0ea74e8a');
INSERT INTO "words"."words" (id, word, syllables, frequency, category) VALUES (2045, 'riguardo', 3, 0.000132, NULL);
INSERT INTO "words"."words_lists" (word_id, list_id) VALUES (2045, '44ee8f0b-48fe-42ef-8786-ba0e0ea74e8a');
INSERT INTO "words"."words" (id, word, syllables, frequency, category) VALUES (2046, 'rapporto', 3, 0.000166, NULL);
INSERT INTO "words"."words_lists" (word_id, list_id) VALUES (2046, '44ee8f0b-48fe-42ef-8786-ba0e0ea74e8a');
INSERT INTO "words"."words" (id, word, syllables, frequency, category) VALUES (2047, 'giuria', 3, 0.0000145, NULL);
INSERT INTO "words"."words_lists" (word_id, list_id) VALUES (2047, '44ee8f0b-48fe-42ef-8786-ba0e0ea74e8a');
INSERT INTO "words"."words" (id, word, syllables, frequency, category) VALUES (2048, 'sindaco', 3, 0.0000724, NULL);
INSERT INTO "words"."words_lists" (word_id, list_id) VALUES (2048, '44ee8f0b-48fe-42ef-8786-ba0e0ea74e8a');
INSERT INTO "words"."words" (id, word, syllables, frequency, category) VALUES (2049, 'mutande', 3, 0.0000105, NULL);
INSERT INTO "words"."words_lists" (word_id, list_id) VALUES (2049, '44ee8f0b-48fe-42ef-8786-ba0e0ea74e8a');
INSERT INTO "words"."words" (id, word, syllables, frequency, category) VALUES (2050, 'usare', 3, 0.00012, NULL);
INSERT INTO "words"."words_lists" (word_id, list_id) VALUES (2050, '44ee8f0b-48fe-42ef-8786-ba0e0ea74e8a');
INSERT INTO "words"."words" (id, word, syllables, frequency, category) VALUES (2051, 'rapida', 3, 0.0000219, NULL);
INSERT INTO "words"."words_lists" (word_id, list_id) VALUES (2051, '44ee8f0b-48fe-42ef-8786-ba0e0ea74e8a');
INSERT INTO "words"."words" (id, word, syllables, frequency, category) VALUES (2052, 'disposto', 3, 0.0000275, NULL);
INSERT INTO "words"."words_lists" (word_id, list_id) VALUES (2052, '44ee8f0b-48fe-42ef-8786-ba0e0ea74e8a');
INSERT INTO "words"."words" (id, word, syllables, frequency, category) VALUES (2053, 'servire', 3, 0.0000251, NULL);
INSERT INTO "words"."words_lists" (word_id, list_id) VALUES (2053, '44ee8f0b-48fe-42ef-8786-ba0e0ea74e8a');
INSERT INTO "words"."words" (id, word, syllables, frequency, category) VALUES (2054, 'azzardo', 3, 0.0000105, NULL);
INSERT INTO "words"."words_lists" (word_id, list_id) VALUES (2054, '44ee8f0b-48fe-42ef-8786-ba0e0ea74e8a');
INSERT INTO "words"."words" (id, word, syllables, frequency, category) VALUES (2055, 'cultura', 3, 0.000174, NULL);
INSERT INTO "words"."words_lists" (word_id, list_id) VALUES (2055, '44ee8f0b-48fe-42ef-8786-ba0e0ea74e8a');
INSERT INTO "words"."words" (id, word, syllables, frequency, category) VALUES (2056, 'trattare', 3, 0.0000251, NULL);
INSERT INTO "words"."words_lists" (word_id, list_id) VALUES (2056, '44ee8f0b-48fe-42ef-8786-ba0e0ea74e8a');
INSERT INTO "words"."words" (id, word, syllables, frequency, category) VALUES (2057, 'insegnare', 4, 0.0000214, NULL);
INSERT INTO "words"."words_lists" (word_id, list_id) VALUES (2057, '44ee8f0b-48fe-42ef-8786-ba0e0ea74e8a');
INSERT INTO "words"."words" (id, word, syllables, frequency, category) VALUES (2058, 'eccezione', 4, 0.000038, NULL);
INSERT INTO "words"."words_lists" (word_id, list_id) VALUES (2058, '44ee8f0b-48fe-42ef-8786-ba0e0ea74e8a');
INSERT INTO "words"."words" (id, word, syllables, frequency, category) VALUES (2059, 'previsione', 4, 0.0000138, NULL);
INSERT INTO "words"."words_lists" (word_id, list_id) VALUES (2059, '44ee8f0b-48fe-42ef-8786-ba0e0ea74e8a');
INSERT INTO "words"."words" (id, word, syllables, frequency, category) VALUES (2060, 'intensità', 4, 0.0000151, NULL);
INSERT INTO "words"."words_lists" (word_id, list_id) VALUES (2060, '44ee8f0b-48fe-42ef-8786-ba0e0ea74e8a');
INSERT INTO "words"."words" (id, word, syllables, frequency, category) VALUES (2061, 'biologia', 4, 0.0000102, NULL);
INSERT INTO "words"."words_lists" (word_id, list_id) VALUES (2061, '44ee8f0b-48fe-42ef-8786-ba0e0ea74e8a');
INSERT INTO "words"."words" (id, word, syllables, frequency, category) VALUES (2062, 'sconosciuto', 4, 0.000017, NULL);
INSERT INTO "words"."words_lists" (word_id, list_id) VALUES (2062, '44ee8f0b-48fe-42ef-8786-ba0e0ea74e8a');
INSERT INTO "words"."words" (id, word, syllables, frequency, category) VALUES (2063, 'miglioramento', 5, 0.0000251, NULL);
INSERT INTO "words"."words_lists" (word_id, list_id) VALUES (2063, '44ee8f0b-48fe-42ef-8786-ba0e0ea74e8a');
INSERT INTO "words"."words" (id, word, syllables, frequency, category) VALUES (2064, 'emendamento', 5, 0.00001, NULL);
INSERT INTO "words"."words_lists" (word_id, list_id) VALUES (2064, '44ee8f0b-48fe-42ef-8786-ba0e0ea74e8a');
INSERT INTO "words"."lists" (id, type) VALUES ('5a3fd525-12ad-4af1-a165-f181edf48a8c', 'categorized');
INSERT INTO "words"."words" (id, word, syllables, frequency, category) VALUES (2065, 'verde', 2, 0.0000708, NULL);
INSERT INTO "words"."words_lists" (word_id, list_id) VALUES (2065, '5a3fd525-12ad-4af1-a165-f181edf48a8c');
INSERT INTO "words"."words" (id, word, syllables, frequency, category) VALUES (2066, 'grigio', 2, 0.0000182, NULL);
INSERT INTO "words"."words_lists" (word_id, list_id) VALUES (2066, '5a3fd525-12ad-4af1-a165-f181edf48a8c');
INSERT INTO "words"."words" (id, word, syllables, frequency, category) VALUES (2067, 'pozzo', 2, 0.000012, NULL);
INSERT INTO "words"."words_lists" (word_id, list_id) VALUES (2067, '5a3fd525-12ad-4af1-a165-f181edf48a8c');
INSERT INTO "words"."words" (id, word, syllables, frequency, category) VALUES (2068, 'greca', 2, 0.00002, NULL);
INSERT INTO "words"."words_lists" (word_id, list_id) VALUES (2068, '5a3fd525-12ad-4af1-a165-f181edf48a8c');
INSERT INTO "words"."words" (id, word, syllables, frequency, category) VALUES (2069, 'pari', 2, 0.00011, NULL);
INSERT INTO "words"."words_lists" (word_id, list_id) VALUES (2069, '5a3fd525-12ad-4af1-a165-f181edf48a8c');
INSERT INTO "words"."words" (id, word, syllables, frequency, category) VALUES (2070, 'sport', 2, 0.0000891, NULL);
INSERT INTO "words"."words_lists" (word_id, list_id) VALUES (2070, '5a3fd525-12ad-4af1-a165-f181edf48a8c');
INSERT INTO "words"."words" (id, word, syllables, frequency, category) VALUES (2071, 'tregua', 2, 0.000011, NULL);
INSERT INTO "words"."words_lists" (word_id, list_id) VALUES (2071, '5a3fd525-12ad-4af1-a165-f181edf48a8c');
INSERT INTO "words"."words" (id, word, syllables, frequency, category) VALUES (2072, 'bacio', 2, 0.0000257, NULL);
INSERT INTO "words"."words_lists" (word_id, list_id) VALUES (2072, '5a3fd525-12ad-4af1-a165-f181edf48a8c');
INSERT INTO "words"."words" (id, word, syllables, frequency, category) VALUES (2073, 'dentro', 2, 0.000166, NULL);
INSERT INTO "words"."words_lists" (word_id, list_id) VALUES (2073, '5a3fd525-12ad-4af1-a165-f181edf48a8c');
INSERT INTO "words"."words" (id, word, syllables, frequency, category) VALUES (2074, 'pasqua', 2, 0.0000145, NULL);
INSERT INTO "words"."words_lists" (word_id, list_id) VALUES (2074, '5a3fd525-12ad-4af1-a165-f181edf48a8c');
INSERT INTO "words"."words" (id, word, syllables, frequency, category) VALUES (2075, 'porno', 2, 0.0000282, NULL);
INSERT INTO "words"."words_lists" (word_id, list_id) VALUES (2075, '5a3fd525-12ad-4af1-a165-f181edf48a8c');
INSERT INTO "words"."words" (id, word, syllables, frequency, category) VALUES (2076, 'squadra', 2, 0.000155, NULL);
INSERT INTO "words"."words_lists" (word_id, list_id) VALUES (2076, '5a3fd525-12ad-4af1-a165-f181edf48a8c');
INSERT INTO "words"."words" (id, word, syllables, frequency, category) VALUES (2077, 'luigi', 2, 0.0000562, NULL);
INSERT INTO "words"."words_lists" (word_id, list_id) VALUES (2077, '5a3fd525-12ad-4af1-a165-f181edf48a8c');
INSERT INTO "words"."words" (id, word, syllables, frequency, category) VALUES (2078, 'golfo', 2, 0.0000174, NULL);
INSERT INTO "words"."words_lists" (word_id, list_id) VALUES (2078, '5a3fd525-12ad-4af1-a165-f181edf48a8c');
INSERT INTO "words"."words" (id, word, syllables, frequency, category) VALUES (2079, 'acque', 2, 0.000049, NULL);
INSERT INTO "words"."words_lists" (word_id, list_id) VALUES (2079, '5a3fd525-12ad-4af1-a165-f181edf48a8c');
INSERT INTO "words"."words" (id, word, syllables, frequency, category) VALUES (2080, 'saga', 2, 0.0000112, NULL);
INSERT INTO "words"."words_lists" (word_id, list_id) VALUES (2080, '5a3fd525-12ad-4af1-a165-f181edf48a8c');
INSERT INTO "words"."words" (id, word, syllables, frequency, category) VALUES (2081, 'mela', 2, 0.0000115, NULL);
INSERT INTO "words"."words_lists" (word_id, list_id) VALUES (2081, '5a3fd525-12ad-4af1-a165-f181edf48a8c');
INSERT INTO "words"."words" (id, word, syllables, frequency, category) VALUES (2082, 'prato', 2, 0.0000224, NULL);
INSERT INTO "words"."words_lists" (word_id, list_id) VALUES (2082, '5a3fd525-12ad-4af1-a165-f181edf48a8c');
INSERT INTO "words"."words" (id, word, syllables, frequency, category) VALUES (2083, 'mister', 2, 0.000011, NULL);
INSERT INTO "words"."words_lists" (word_id, list_id) VALUES (2083, '5a3fd525-12ad-4af1-a165-f181edf48a8c');
INSERT INTO "words"."words" (id, word, syllables, frequency, category) VALUES (2084, 'sconto', 2, 0.0000229, NULL);
INSERT INTO "words"."words_lists" (word_id, list_id) VALUES (2084, '5a3fd525-12ad-4af1-a165-f181edf48a8c');
INSERT INTO "words"."words" (id, word, syllables, frequency, category) VALUES (2085, 'porta', 2, 0.000257, NULL);
INSERT INTO "words"."words_lists" (word_id, list_id) VALUES (2085, '5a3fd525-12ad-4af1-a165-f181edf48a8c');
INSERT INTO "words"."words" (id, word, syllables, frequency, category) VALUES (2086, 'patria', 2, 0.0000363, NULL);
INSERT INTO "words"."words_lists" (word_id, list_id) VALUES (2086, '5a3fd525-12ad-4af1-a165-f181edf48a8c');
INSERT INTO "words"."words" (id, word, syllables, frequency, category) VALUES (2087, 'Danimarca', 3, 0.0000126, NULL);
INSERT INTO "words"."words_lists" (word_id, list_id) VALUES (2087, '5a3fd525-12ad-4af1-a165-f181edf48a8c');
INSERT INTO "words"."words" (id, word, syllables, frequency, category) VALUES (2088, 'animo', 3, 0.0000141, NULL);
INSERT INTO "words"."words_lists" (word_id, list_id) VALUES (2088, '5a3fd525-12ad-4af1-a165-f181edf48a8c');
INSERT INTO "words"."words" (id, word, syllables, frequency, category) VALUES (2089, 'girone', 3, 0.0000112, NULL);
INSERT INTO "words"."words_lists" (word_id, list_id) VALUES (2089, '5a3fd525-12ad-4af1-a165-f181edf48a8c');
INSERT INTO "words"."words" (id, word, syllables, frequency, category) VALUES (2090, 'muoversi', 3, 0.000017, NULL);
INSERT INTO "words"."words_lists" (word_id, list_id) VALUES (2090, '5a3fd525-12ad-4af1-a165-f181edf48a8c');
INSERT INTO "words"."words" (id, word, syllables, frequency, category) VALUES (2091, 'volume', 3, 0.0000575, NULL);
INSERT INTO "words"."words_lists" (word_id, list_id) VALUES (2091, '5a3fd525-12ad-4af1-a165-f181edf48a8c');
INSERT INTO "words"."words" (id, word, syllables, frequency, category) VALUES (2092, 'Olanda', 3, 0.0000132, NULL);
INSERT INTO "words"."words_lists" (word_id, list_id) VALUES (2092, '5a3fd525-12ad-4af1-a165-f181edf48a8c');
INSERT INTO "words"."words" (id, word, syllables, frequency, category) VALUES (2093, 'cattura', 3, 0.0000117, NULL);
INSERT INTO "words"."words_lists" (word_id, list_id) VALUES (2093, '5a3fd525-12ad-4af1-a165-f181edf48a8c');
INSERT INTO "words"."words" (id, word, syllables, frequency, category) VALUES (2094, 'Genova', 3, 0.0000646, NULL);
INSERT INTO "words"."words_lists" (word_id, list_id) VALUES (2094, '5a3fd525-12ad-4af1-a165-f181edf48a8c');
INSERT INTO "words"."words" (id, word, syllables, frequency, category) VALUES (2095, 'menzione', 3, 0.0000102, NULL);
INSERT INTO "words"."words_lists" (word_id, list_id) VALUES (2095, '5a3fd525-12ad-4af1-a165-f181edf48a8c');
INSERT INTO "words"."words" (id, word, syllables, frequency, category) VALUES (2096, 'cattivo', 3, 0.0000316, NULL);
INSERT INTO "words"."words_lists" (word_id, list_id) VALUES (2096, '5a3fd525-12ad-4af1-a165-f181edf48a8c');
INSERT INTO "words"."words" (id, word, syllables, frequency, category) VALUES (2097, 'carico', 3, 0.0000603, NULL);
INSERT INTO "words"."words_lists" (word_id, list_id) VALUES (2097, '5a3fd525-12ad-4af1-a165-f181edf48a8c');
INSERT INTO "words"."words" (id, word, syllables, frequency, category) VALUES (2098, 'usare', 3, 0.00012, NULL);
INSERT INTO "words"."words_lists" (word_id, list_id) VALUES (2098, '5a3fd525-12ad-4af1-a165-f181edf48a8c');
INSERT INTO "words"."words" (id, word, syllables, frequency, category) VALUES (2099, 'notizia', 3, 0.000112, NULL);
INSERT INTO "words"."words_lists" (word_id, list_id) VALUES (2099, '5a3fd525-12ad-4af1-a165-f181edf48a8c');
INSERT INTO "words"."words" (id, word, syllables, frequency, category) VALUES (2100, 'Irlanda', 3, 0.0000138, NULL);
INSERT INTO "words"."words_lists" (word_id, list_id) VALUES (2100, '5a3fd525-12ad-4af1-a165-f181edf48a8c');
INSERT INTO "words"."words" (id, word, syllables, frequency, category) VALUES (2101, 'impianto', 3, 0.0000282, NULL);
INSERT INTO "words"."words_lists" (word_id, list_id) VALUES (2101, '5a3fd525-12ad-4af1-a165-f181edf48a8c');
INSERT INTO "words"."words" (id, word, syllables, frequency, category) VALUES (2102, 'isola', 3, 0.0000661, NULL);
INSERT INTO "words"."words_lists" (word_id, list_id) VALUES (2102, '5a3fd525-12ad-4af1-a165-f181edf48a8c');
INSERT INTO "words"."words" (id, word, syllables, frequency, category) VALUES (2103, 'ricchezza', 3, 0.0000282, NULL);
INSERT INTO "words"."words_lists" (word_id, list_id) VALUES (2103, '5a3fd525-12ad-4af1-a165-f181edf48a8c');
INSERT INTO "words"."words" (id, word, syllables, frequency, category) VALUES (2104, 'autore', 3, 0.000107, NULL);
INSERT INTO "words"."words_lists" (word_id, list_id) VALUES (2104, '5a3fd525-12ad-4af1-a165-f181edf48a8c');
INSERT INTO "words"."words" (id, word, syllables, frequency, category) VALUES (2105, 'bambino', 3, 0.000123, NULL);
INSERT INTO "words"."words_lists" (word_id, list_id) VALUES (2105, '5a3fd525-12ad-4af1-a165-f181edf48a8c');
INSERT INTO "words"."words" (id, word, syllables, frequency, category) VALUES (2106, 'musica', 3, 0.000186, NULL);
INSERT INTO "words"."words_lists" (word_id, list_id) VALUES (2106, '5a3fd525-12ad-4af1-a165-f181edf48a8c');
INSERT INTO "words"."words" (id, word, syllables, frequency, category) VALUES (2107, 'lanciare', 3, 0.000017, NULL);
INSERT INTO "words"."words_lists" (word_id, list_id) VALUES (2107, '5a3fd525-12ad-4af1-a165-f181edf48a8c');
INSERT INTO "words"."words" (id, word, syllables, frequency, category) VALUES (2108, 'marina', 3, 0.0000447, NULL);
INSERT INTO "words"."words_lists" (word_id, list_id) VALUES (2108, '5a3fd525-12ad-4af1-a165-f181edf48a8c');
INSERT INTO "words"."words" (id, word, syllables, frequency, category) VALUES (2109, 'simile', 3, 0.000117, NULL);
INSERT INTO "words"."words_lists" (word_id, list_id) VALUES (2109, '5a3fd525-12ad-4af1-a165-f181edf48a8c');
INSERT INTO "words"."words" (id, word, syllables, frequency, category) VALUES (2110, 'regola', 3, 0.0000513, NULL);
INSERT INTO "words"."words_lists" (word_id, list_id) VALUES (2110, '5a3fd525-12ad-4af1-a165-f181edf48a8c');
INSERT INTO "words"."words" (id, word, syllables, frequency, category) VALUES (2111, 'gravità', 3, 0.0000162, NULL);
INSERT INTO "words"."words_lists" (word_id, list_id) VALUES (2111, '5a3fd525-12ad-4af1-a165-f181edf48a8c');
INSERT INTO "words"."words" (id, word, syllables, frequency, category) VALUES (2112, 'tentare', 3, 0.0000182, NULL);
INSERT INTO "words"."words_lists" (word_id, list_id) VALUES (2112, '5a3fd525-12ad-4af1-a165-f181edf48a8c');
INSERT INTO "words"."words" (id, word, syllables, frequency, category) VALUES (2113, 'globale', 3, 0.0000302, NULL);
INSERT INTO "words"."words_lists" (word_id, list_id) VALUES (2113, '5a3fd525-12ad-4af1-a165-f181edf48a8c');
INSERT INTO "words"."words" (id, word, syllables, frequency, category) VALUES (2114, 'canone', 3, 0.0000141, NULL);
INSERT INTO "words"."words_lists" (word_id, list_id) VALUES (2114, '5a3fd525-12ad-4af1-a165-f181edf48a8c');
INSERT INTO "words"."words" (id, word, syllables, frequency, category) VALUES (2115, 'giustizia', 3, 0.0000977, NULL);
INSERT INTO "words"."words_lists" (word_id, list_id) VALUES (2115, '5a3fd525-12ad-4af1-a165-f181edf48a8c');
INSERT INTO "words"."words" (id, word, syllables, frequency, category) VALUES (2116, 'estratto', 3, 0.0000224, NULL);
INSERT INTO "words"."words_lists" (word_id, list_id) VALUES (2116, '5a3fd525-12ad-4af1-a165-f181edf48a8c');
INSERT INTO "words"."words" (id, word, syllables, frequency, category) VALUES (2117, 'sparire', 3, 0.000012, NULL);
INSERT INTO "words"."words_lists" (word_id, list_id) VALUES (2117, '5a3fd525-12ad-4af1-a165-f181edf48a8c');
INSERT INTO "words"."words" (id, word, syllables, frequency, category) VALUES (2118, 'Modena', 3, 0.0000295, NULL);
INSERT INTO "words"."words_lists" (word_id, list_id) VALUES (2118, '5a3fd525-12ad-4af1-a165-f181edf48a8c');
INSERT INTO "words"."words" (id, word, syllables, frequency, category) VALUES (2119, 'raggiungere', 4, 0.0000794, NULL);
INSERT INTO "words"."words_lists" (word_id, list_id) VALUES (2119, '5a3fd525-12ad-4af1-a165-f181edf48a8c');
INSERT INTO "words"."words" (id, word, syllables, frequency, category) VALUES (2120, 'dimensione', 4, 0.0000288, NULL);
INSERT INTO "words"."words_lists" (word_id, list_id) VALUES (2120, '5a3fd525-12ad-4af1-a165-f181edf48a8c');
INSERT INTO "words"."words" (id, word, syllables, frequency, category) VALUES (2121, 'competente', 4, 0.0000141, NULL);
INSERT INTO "words"."words_lists" (word_id, list_id) VALUES (2121, '5a3fd525-12ad-4af1-a165-f181edf48a8c');
INSERT INTO "words"."words" (id, word, syllables, frequency, category) VALUES (2122, 'produttore', 4, 0.000024, NULL);
INSERT INTO "words"."words_lists" (word_id, list_id) VALUES (2122, '5a3fd525-12ad-4af1-a165-f181edf48a8c');
INSERT INTO "words"."words" (id, word, syllables, frequency, category) VALUES (2123, 'sacerdote', 4, 0.0000138, NULL);
INSERT INTO "words"."words_lists" (word_id, list_id) VALUES (2123, '5a3fd525-12ad-4af1-a165-f181edf48a8c');
INSERT INTO "words"."words" (id, word, syllables, frequency, category) VALUES (2124, 'aziendale', 4, 0.0000158, NULL);
INSERT INTO "words"."words_lists" (word_id, list_id) VALUES (2124, '5a3fd525-12ad-4af1-a165-f181edf48a8c');
INSERT INTO "words"."words" (id, word, syllables, frequency, category) VALUES (2125, 'tipologia', 5, 0.0000123, NULL);
INSERT INTO "words"."words_lists" (word_id, list_id) VALUES (2125, '5a3fd525-12ad-4af1-a165-f181edf48a8c');
INSERT INTO "words"."words" (id, word, syllables, frequency, category) VALUES (2126, 'differente', 5, 0.00002, NULL);
INSERT INTO "words"."words_lists" (word_id, list_id) VALUES (2126, '5a3fd525-12ad-4af1-a165-f181edf48a8c');
INSERT INTO "words"."words" (id, word, syllables, frequency, category) VALUES (2127, 'operativo', 5, 0.0000186, NULL);
INSERT INTO "words"."words_lists" (word_id, list_id) VALUES (2127, '5a3fd525-12ad-4af1-a165-f181edf48a8c');
INSERT INTO "words"."words" (id, word, syllables, frequency, category) VALUES (2128, 'particolare', 5, 0.00024, NULL);
INSERT INTO "words"."words_lists" (word_id, list_id) VALUES (2128, '5a3fd525-12ad-4af1-a165-f181edf48a8c');
INSERT INTO "words"."lists" (id, type) VALUES ('c0b20fff-be8d-4722-b22f-b70099780089', 'categorized');
INSERT INTO "words"."words" (id, word, syllables, frequency, category) VALUES (2129, 'porre', 2, 0.0000288, NULL);
INSERT INTO "words"."words_lists" (word_id, list_id) VALUES (2129, 'c0b20fff-be8d-4722-b22f-b70099780089');
INSERT INTO "words"."words" (id, word, syllables, frequency, category) VALUES (2130, 'bordo', 2, 0.0000468, NULL);
INSERT INTO "words"."words_lists" (word_id, list_id) VALUES (2130, 'c0b20fff-be8d-4722-b22f-b70099780089');
INSERT INTO "words"."words" (id, word, syllables, frequency, category) VALUES (2131, 'nuoto', 2, 0.0000107, NULL);
INSERT INTO "words"."words_lists" (word_id, list_id) VALUES (2131, 'c0b20fff-be8d-4722-b22f-b70099780089');
INSERT INTO "words"."words" (id, word, syllables, frequency, category) VALUES (2132, 'bravo', 2, 0.0000646, NULL);
INSERT INTO "words"."words_lists" (word_id, list_id) VALUES (2132, 'c0b20fff-be8d-4722-b22f-b70099780089');
INSERT INTO "words"."words" (id, word, syllables, frequency, category) VALUES (2133, 'arco', 2, 0.0000214, NULL);
INSERT INTO "words"."words_lists" (word_id, list_id) VALUES (2133, 'c0b20fff-be8d-4722-b22f-b70099780089');
INSERT INTO "words"."words" (id, word, syllables, frequency, category) VALUES (2134, 'fame', 2, 0.0000708, NULL);
INSERT INTO "words"."words_lists" (word_id, list_id) VALUES (2134, 'c0b20fff-be8d-4722-b22f-b70099780089');
INSERT INTO "words"."words" (id, word, syllables, frequency, category) VALUES (2135, 'sosta', 2, 0.0000123, NULL);
INSERT INTO "words"."words_lists" (word_id, list_id) VALUES (2135, 'c0b20fff-be8d-4722-b22f-b70099780089');
INSERT INTO "words"."words" (id, word, syllables, frequency, category) VALUES (2136, 'giro', 2, 0.000209, NULL);
INSERT INTO "words"."words_lists" (word_id, list_id) VALUES (2136, 'c0b20fff-be8d-4722-b22f-b70099780089');
INSERT INTO "words"."words" (id, word, syllables, frequency, category) VALUES (2137, 'frega', 2, 0.0000372, NULL);
INSERT INTO "words"."words_lists" (word_id, list_id) VALUES (2137, 'c0b20fff-be8d-4722-b22f-b70099780089');
INSERT INTO "words"."words" (id, word, syllables, frequency, category) VALUES (2138, 'pronto', 2, 0.0000776, NULL);
INSERT INTO "words"."words_lists" (word_id, list_id) VALUES (2138, 'c0b20fff-be8d-4722-b22f-b70099780089');
INSERT INTO "words"."words" (id, word, syllables, frequency, category) VALUES (2139, 'preda', 2, 0.0000132, NULL);
INSERT INTO "words"."words_lists" (word_id, list_id) VALUES (2139, 'c0b20fff-be8d-4722-b22f-b70099780089');
INSERT INTO "words"."words" (id, word, syllables, frequency, category) VALUES (2140, 'quarto', 2, 0.0000537, NULL);
INSERT INTO "words"."words_lists" (word_id, list_id) VALUES (2140, 'c0b20fff-be8d-4722-b22f-b70099780089');
INSERT INTO "words"."words" (id, word, syllables, frequency, category) VALUES (2141, 'grillo', 2, 0.0000282, NULL);
INSERT INTO "words"."words_lists" (word_id, list_id) VALUES (2141, 'c0b20fff-be8d-4722-b22f-b70099780089');
INSERT INTO "words"."words" (id, word, syllables, frequency, category) VALUES (2142, 'mese', 2, 0.000209, NULL);
INSERT INTO "words"."words_lists" (word_id, list_id) VALUES (2142, 'c0b20fff-be8d-4722-b22f-b70099780089');
INSERT INTO "words"."words" (id, word, syllables, frequency, category) VALUES (2143, 'destro', 2, 0.000024, NULL);
INSERT INTO "words"."words_lists" (word_id, list_id) VALUES (2143, 'c0b20fff-be8d-4722-b22f-b70099780089');
INSERT INTO "words"."words" (id, word, syllables, frequency, category) VALUES (2144, 'gruppo', 2, 0.000372, NULL);
INSERT INTO "words"."words_lists" (word_id, list_id) VALUES (2144, 'c0b20fff-be8d-4722-b22f-b70099780089');
INSERT INTO "words"."words" (id, word, syllables, frequency, category) VALUES (2145, 'neve', 2, 0.0000288, NULL);
INSERT INTO "words"."words_lists" (word_id, list_id) VALUES (2145, 'c0b20fff-be8d-4722-b22f-b70099780089');
INSERT INTO "words"."words" (id, word, syllables, frequency, category) VALUES (2146, 'niente', 2, 0.000437, NULL);
INSERT INTO "words"."words_lists" (word_id, list_id) VALUES (2146, 'c0b20fff-be8d-4722-b22f-b70099780089');
INSERT INTO "words"."words" (id, word, syllables, frequency, category) VALUES (2147, 'frequenza', 3, 0.0000251, NULL);
INSERT INTO "words"."words_lists" (word_id, list_id) VALUES (2147, 'c0b20fff-be8d-4722-b22f-b70099780089');
INSERT INTO "words"."words" (id, word, syllables, frequency, category) VALUES (2148, 'rapina', 3, 0.0000105, NULL);
INSERT INTO "words"."words_lists" (word_id, list_id) VALUES (2148, 'c0b20fff-be8d-4722-b22f-b70099780089');
INSERT INTO "words"."words" (id, word, syllables, frequency, category) VALUES (2149, 'Vaticano', 3, 0.0000229, NULL);
INSERT INTO "words"."words_lists" (word_id, list_id) VALUES (2149, 'c0b20fff-be8d-4722-b22f-b70099780089');
INSERT INTO "words"."words" (id, word, syllables, frequency, category) VALUES (2150, 'visione', 3, 0.0000661, NULL);
INSERT INTO "words"."words_lists" (word_id, list_id) VALUES (2150, 'c0b20fff-be8d-4722-b22f-b70099780089');
INSERT INTO "words"."words" (id, word, syllables, frequency, category) VALUES (2151, 'verità', 3, 0.000145, NULL);
INSERT INTO "words"."words_lists" (word_id, list_id) VALUES (2151, 'c0b20fff-be8d-4722-b22f-b70099780089');
INSERT INTO "words"."words" (id, word, syllables, frequency, category) VALUES (2152, 'trattare', 3, 0.0000251, NULL);
INSERT INTO "words"."words_lists" (word_id, list_id) VALUES (2152, 'c0b20fff-be8d-4722-b22f-b70099780089');
INSERT INTO "words"."words" (id, word, syllables, frequency, category) VALUES (2153, 'togliere', 3, 0.0000316, NULL);
INSERT INTO "words"."words_lists" (word_id, list_id) VALUES (2153, 'c0b20fff-be8d-4722-b22f-b70099780089');
INSERT INTO "words"."words" (id, word, syllables, frequency, category) VALUES (2154, 'orgoglio', 3, 0.0000229, NULL);
INSERT INTO "words"."words_lists" (word_id, list_id) VALUES (2154, 'c0b20fff-be8d-4722-b22f-b70099780089');
INSERT INTO "words"."words" (id, word, syllables, frequency, category) VALUES (2155, 'uguale', 3, 0.0000407, NULL);
INSERT INTO "words"."words_lists" (word_id, list_id) VALUES (2155, 'c0b20fff-be8d-4722-b22f-b70099780089');
INSERT INTO "words"."words" (id, word, syllables, frequency, category) VALUES (2156, 'costoso', 3, 0.0000105, NULL);
INSERT INTO "words"."words_lists" (word_id, list_id) VALUES (2156, 'c0b20fff-be8d-4722-b22f-b70099780089');
INSERT INTO "words"."words" (id, word, syllables, frequency, category) VALUES (2157, 'solare', 3, 0.0000263, NULL);
INSERT INTO "words"."words_lists" (word_id, list_id) VALUES (2157, 'c0b20fff-be8d-4722-b22f-b70099780089');
INSERT INTO "words"."words" (id, word, syllables, frequency, category) VALUES (2158, 'tacere', 3, 0.0000126, NULL);
INSERT INTO "words"."words_lists" (word_id, list_id) VALUES (2158, 'c0b20fff-be8d-4722-b22f-b70099780089');
INSERT INTO "words"."words" (id, word, syllables, frequency, category) VALUES (2159, 'rendersi', 3, 0.0000115, NULL);
INSERT INTO "words"."words_lists" (word_id, list_id) VALUES (2159, 'c0b20fff-be8d-4722-b22f-b70099780089');
INSERT INTO "words"."words" (id, word, syllables, frequency, category) VALUES (2160, 'servire', 3, 0.0000251, NULL);
INSERT INTO "words"."words_lists" (word_id, list_id) VALUES (2160, 'c0b20fff-be8d-4722-b22f-b70099780089');
INSERT INTO "words"."words" (id, word, syllables, frequency, category) VALUES (2161, 'cantina', 3, 0.00001, NULL);
INSERT INTO "words"."words_lists" (word_id, list_id) VALUES (2161, 'c0b20fff-be8d-4722-b22f-b70099780089');
INSERT INTO "words"."words" (id, word, syllables, frequency, category) VALUES (2162, 'composta', 3, 0.0000288, NULL);
INSERT INTO "words"."words_lists" (word_id, list_id) VALUES (2162, 'c0b20fff-be8d-4722-b22f-b70099780089');
INSERT INTO "words"."words" (id, word, syllables, frequency, category) VALUES (2163, 'versione', 3, 0.000126, NULL);
INSERT INTO "words"."words_lists" (word_id, list_id) VALUES (2163, 'c0b20fff-be8d-4722-b22f-b70099780089');
INSERT INTO "words"."words" (id, word, syllables, frequency, category) VALUES (2164, 'celebre', 3, 0.0000251, NULL);
INSERT INTO "words"."words_lists" (word_id, list_id) VALUES (2164, 'c0b20fff-be8d-4722-b22f-b70099780089');
INSERT INTO "words"."words" (id, word, syllables, frequency, category) VALUES (2165, 'amico', 3, 0.00017, NULL);
INSERT INTO "words"."words_lists" (word_id, list_id) VALUES (2165, 'c0b20fff-be8d-4722-b22f-b70099780089');
INSERT INTO "words"."words" (id, word, syllables, frequency, category) VALUES (2166, 'morire', 3, 0.0000955, NULL);
INSERT INTO "words"."words_lists" (word_id, list_id) VALUES (2166, 'c0b20fff-be8d-4722-b22f-b70099780089');
INSERT INTO "words"."words" (id, word, syllables, frequency, category) VALUES (2167, 'riserva', 3, 0.0000347, NULL);
INSERT INTO "words"."words_lists" (word_id, list_id) VALUES (2167, 'c0b20fff-be8d-4722-b22f-b70099780089');
INSERT INTO "words"."words" (id, word, syllables, frequency, category) VALUES (2168, 'escluso', 3, 0.0000148, NULL);
INSERT INTO "words"."words_lists" (word_id, list_id) VALUES (2168, 'c0b20fff-be8d-4722-b22f-b70099780089');
INSERT INTO "words"."words" (id, word, syllables, frequency, category) VALUES (2169, 'estremo', 3, 0.0000151, NULL);
INSERT INTO "words"."words_lists" (word_id, list_id) VALUES (2169, 'c0b20fff-be8d-4722-b22f-b70099780089');
INSERT INTO "words"."words" (id, word, syllables, frequency, category) VALUES (2170, 'rifiuto', 3, 0.0000263, NULL);
INSERT INTO "words"."words_lists" (word_id, list_id) VALUES (2170, 'c0b20fff-be8d-4722-b22f-b70099780089');
INSERT INTO "words"."words" (id, word, syllables, frequency, category) VALUES (2171, 'esperto', 3, 0.0000324, NULL);
INSERT INTO "words"."words_lists" (word_id, list_id) VALUES (2171, 'c0b20fff-be8d-4722-b22f-b70099780089');
INSERT INTO "words"."words" (id, word, syllables, frequency, category) VALUES (2172, 'portato', 3, 0.000126, NULL);
INSERT INTO "words"."words_lists" (word_id, list_id) VALUES (2172, 'c0b20fff-be8d-4722-b22f-b70099780089');
INSERT INTO "words"."words" (id, word, syllables, frequency, category) VALUES (2173, 'felice', 3, 0.000135, NULL);
INSERT INTO "words"."words_lists" (word_id, list_id) VALUES (2173, 'c0b20fff-be8d-4722-b22f-b70099780089');
INSERT INTO "words"."words" (id, word, syllables, frequency, category) VALUES (2174, 'concilio', 3, 0.0000107, NULL);
INSERT INTO "words"."words_lists" (word_id, list_id) VALUES (2174, 'c0b20fff-be8d-4722-b22f-b70099780089');
INSERT INTO "words"."words" (id, word, syllables, frequency, category) VALUES (2175, 'consorzio', 3, 0.0000115, NULL);
INSERT INTO "words"."words_lists" (word_id, list_id) VALUES (2175, 'c0b20fff-be8d-4722-b22f-b70099780089');
INSERT INTO "words"."words" (id, word, syllables, frequency, category) VALUES (2176, 'profitto', 3, 0.0000174, NULL);
INSERT INTO "words"."words_lists" (word_id, list_id) VALUES (2176, 'c0b20fff-be8d-4722-b22f-b70099780089');
INSERT INTO "words"."words" (id, word, syllables, frequency, category) VALUES (2177, 'conserva', 3, 0.0000129, NULL);
INSERT INTO "words"."words_lists" (word_id, list_id) VALUES (2177, 'c0b20fff-be8d-4722-b22f-b70099780089');
INSERT INTO "words"."words" (id, word, syllables, frequency, category) VALUES (2178, 'pregare', 3, 0.000011, NULL);
INSERT INTO "words"."words_lists" (word_id, list_id) VALUES (2178, 'c0b20fff-be8d-4722-b22f-b70099780089');
INSERT INTO "words"."words" (id, word, syllables, frequency, category) VALUES (2179, 'trentino', 3, 0.0000141, NULL);
INSERT INTO "words"."words_lists" (word_id, list_id) VALUES (2179, 'c0b20fff-be8d-4722-b22f-b70099780089');
INSERT INTO "words"."words" (id, word, syllables, frequency, category) VALUES (2180, 'vertice', 3, 0.0000126, NULL);
INSERT INTO "words"."words_lists" (word_id, list_id) VALUES (2180, 'c0b20fff-be8d-4722-b22f-b70099780089');
INSERT INTO "words"."words" (id, word, syllables, frequency, category) VALUES (2181, 'attore', 3, 0.0000302, NULL);
INSERT INTO "words"."words_lists" (word_id, list_id) VALUES (2181, 'c0b20fff-be8d-4722-b22f-b70099780089');
INSERT INTO "words"."words" (id, word, syllables, frequency, category) VALUES (2182, 'giudiziario', 4, 0.0000132, NULL);
INSERT INTO "words"."words_lists" (word_id, list_id) VALUES (2182, 'c0b20fff-be8d-4722-b22f-b70099780089');
INSERT INTO "words"."words" (id, word, syllables, frequency, category) VALUES (2183, 'proseguire', 4, 0.0000155, NULL);
INSERT INTO "words"."words_lists" (word_id, list_id) VALUES (2183, 'c0b20fff-be8d-4722-b22f-b70099780089');
INSERT INTO "words"."words" (id, word, syllables, frequency, category) VALUES (2184, 'pianoforte', 4, 0.0000102, NULL);
INSERT INTO "words"."words_lists" (word_id, list_id) VALUES (2184, 'c0b20fff-be8d-4722-b22f-b70099780089');
INSERT INTO "words"."words" (id, word, syllables, frequency, category) VALUES (2185, 'possibile', 4, 0.000331, NULL);
INSERT INTO "words"."words_lists" (word_id, list_id) VALUES (2185, 'c0b20fff-be8d-4722-b22f-b70099780089');
INSERT INTO "words"."words" (id, word, syllables, frequency, category) VALUES (2186, 'radicale', 4, 0.0000195, NULL);
INSERT INTO "words"."words_lists" (word_id, list_id) VALUES (2186, 'c0b20fff-be8d-4722-b22f-b70099780089');
INSERT INTO "words"."words" (id, word, syllables, frequency, category) VALUES (2187, 'distinzione', 4, 0.0000126, NULL);
INSERT INTO "words"."words_lists" (word_id, list_id) VALUES (2187, 'c0b20fff-be8d-4722-b22f-b70099780089');
INSERT INTO "words"."words" (id, word, syllables, frequency, category) VALUES (2188, 'ora', 4, 0.00105, NULL);
INSERT INTO "words"."words_lists" (word_id, list_id) VALUES (2188, 'c0b20fff-be8d-4722-b22f-b70099780089');
INSERT INTO "words"."words" (id, word, syllables, frequency, category) VALUES (2189, 'tribunale', 4, 0.0000724, NULL);
INSERT INTO "words"."words_lists" (word_id, list_id) VALUES (2189, 'c0b20fff-be8d-4722-b22f-b70099780089');
INSERT INTO "words"."words" (id, word, syllables, frequency, category) VALUES (2190, 'programmazione', 5, 0.0000275, NULL);
INSERT INTO "words"."words_lists" (word_id, list_id) VALUES (2190, 'c0b20fff-be8d-4722-b22f-b70099780089');
INSERT INTO "words"."words" (id, word, syllables, frequency, category) VALUES (2191, 'esercitare', 5, 0.0000145, NULL);
INSERT INTO "words"."words_lists" (word_id, list_id) VALUES (2191, 'c0b20fff-be8d-4722-b22f-b70099780089');
INSERT INTO "words"."words" (id, word, syllables, frequency, category) VALUES (2192, 'popolarità', 5, 0.000012, NULL);
INSERT INTO "words"."words_lists" (word_id, list_id) VALUES (2192, 'c0b20fff-be8d-4722-b22f-b70099780089');
INSERT INTO "words"."lists" (id, type) VALUES ('6b009e4d-0b26-4bdb-bc7d-5fa97108b28f', 'categorized');
INSERT INTO "words"."words" (id, word, syllables, frequency, category) VALUES (2193, 'truffa', 2, 0.0000135, NULL);
INSERT INTO "words"."words_lists" (word_id, list_id) VALUES (2193, '6b009e4d-0b26-4bdb-bc7d-5fa97108b28f');
INSERT INTO "words"."words" (id, word, syllables, frequency, category) VALUES (2194, 'arte', 2, 0.000151, NULL);
INSERT INTO "words"."words_lists" (word_id, list_id) VALUES (2194, '6b009e4d-0b26-4bdb-bc7d-5fa97108b28f');
INSERT INTO "words"."words" (id, word, syllables, frequency, category) VALUES (2195, 'tuo', 2, 0.000537, NULL);
INSERT INTO "words"."words_lists" (word_id, list_id) VALUES (2195, '6b009e4d-0b26-4bdb-bc7d-5fa97108b28f');
INSERT INTO "words"."words" (id, word, syllables, frequency, category) VALUES (2196, 'somma', 2, 0.0000288, NULL);
INSERT INTO "words"."words_lists" (word_id, list_id) VALUES (2196, '6b009e4d-0b26-4bdb-bc7d-5fa97108b28f');
INSERT INTO "words"."words" (id, word, syllables, frequency, category) VALUES (2197, 'ritmo', 2, 0.0000214, NULL);
INSERT INTO "words"."words_lists" (word_id, list_id) VALUES (2197, '6b009e4d-0b26-4bdb-bc7d-5fa97108b28f');
INSERT INTO "words"."words" (id, word, syllables, frequency, category) VALUES (2198, 'chiaro', 2, 0.000123, NULL);
INSERT INTO "words"."words_lists" (word_id, list_id) VALUES (2198, '6b009e4d-0b26-4bdb-bc7d-5fa97108b28f');
INSERT INTO "words"."words" (id, word, syllables, frequency, category) VALUES (2199, 'cielo', 2, 0.0001, NULL);
INSERT INTO "words"."words_lists" (word_id, list_id) VALUES (2199, '6b009e4d-0b26-4bdb-bc7d-5fa97108b28f');
INSERT INTO "words"."words" (id, word, syllables, frequency, category) VALUES (2200, 'triste', 2, 0.0000575, NULL);
INSERT INTO "words"."words_lists" (word_id, list_id) VALUES (2200, '6b009e4d-0b26-4bdb-bc7d-5fa97108b28f');
INSERT INTO "words"."words" (id, word, syllables, frequency, category) VALUES (2201, 'parte', 2, 0.00151, NULL);
INSERT INTO "words"."words_lists" (word_id, list_id) VALUES (2201, '6b009e4d-0b26-4bdb-bc7d-5fa97108b28f');
INSERT INTO "words"."words" (id, word, syllables, frequency, category) VALUES (2202, 'brutto', 2, 0.0000501, NULL);
INSERT INTO "words"."words_lists" (word_id, list_id) VALUES (2202, '6b009e4d-0b26-4bdb-bc7d-5fa97108b28f');
INSERT INTO "words"."words" (id, word, syllables, frequency, category) VALUES (2203, 'Pisa', 2, 0.0000324, NULL);
INSERT INTO "words"."words_lists" (word_id, list_id) VALUES (2203, '6b009e4d-0b26-4bdb-bc7d-5fa97108b28f');
INSERT INTO "words"."words" (id, word, syllables, frequency, category) VALUES (2204, 'rotta', 2, 0.0000251, NULL);
INSERT INTO "words"."words_lists" (word_id, list_id) VALUES (2204, '6b009e4d-0b26-4bdb-bc7d-5fa97108b28f');
INSERT INTO "words"."words" (id, word, syllables, frequency, category) VALUES (2205, 'manco', 2, 0.0000355, NULL);
INSERT INTO "words"."words_lists" (word_id, list_id) VALUES (2205, '6b009e4d-0b26-4bdb-bc7d-5fa97108b28f');
INSERT INTO "words"."words" (id, word, syllables, frequency, category) VALUES (2206, 'terme', 2, 0.000012, NULL);
INSERT INTO "words"."words_lists" (word_id, list_id) VALUES (2206, '6b009e4d-0b26-4bdb-bc7d-5fa97108b28f');
INSERT INTO "words"."words" (id, word, syllables, frequency, category) VALUES (2207, 'festa', 2, 0.00012, NULL);
INSERT INTO "words"."words_lists" (word_id, list_id) VALUES (2207, '6b009e4d-0b26-4bdb-bc7d-5fa97108b28f');
INSERT INTO "words"."words" (id, word, syllables, frequency, category) VALUES (2208, 'giunto', 2, 0.0000204, NULL);
INSERT INTO "words"."words_lists" (word_id, list_id) VALUES (2208, '6b009e4d-0b26-4bdb-bc7d-5fa97108b28f');
INSERT INTO "words"."words" (id, word, syllables, frequency, category) VALUES (2209, 'febbre', 2, 0.0000195, NULL);
INSERT INTO "words"."words_lists" (word_id, list_id) VALUES (2209, '6b009e4d-0b26-4bdb-bc7d-5fa97108b28f');
INSERT INTO "words"."words" (id, word, syllables, frequency, category) VALUES (2210, 'feci', 2, 0.0000117, NULL);
INSERT INTO "words"."words_lists" (word_id, list_id) VALUES (2210, '6b009e4d-0b26-4bdb-bc7d-5fa97108b28f');
INSERT INTO "words"."words" (id, word, syllables, frequency, category) VALUES (2211, 'braccio', 2, 0.0000447, NULL);
INSERT INTO "words"."words_lists" (word_id, list_id) VALUES (2211, '6b009e4d-0b26-4bdb-bc7d-5fa97108b28f');
INSERT INTO "words"."words" (id, word, syllables, frequency, category) VALUES (2212, 'acido', 3, 0.0000204, NULL);
INSERT INTO "words"."words_lists" (word_id, list_id) VALUES (2212, '6b009e4d-0b26-4bdb-bc7d-5fa97108b28f');
INSERT INTO "words"."words" (id, word, syllables, frequency, category) VALUES (2213, 'corretto', 3, 0.0000302, NULL);
INSERT INTO "words"."words_lists" (word_id, list_id) VALUES (2213, '6b009e4d-0b26-4bdb-bc7d-5fa97108b28f');
INSERT INTO "words"."words" (id, word, syllables, frequency, category) VALUES (2214, 'chiamato', 3, 0.000102, NULL);
INSERT INTO "words"."words_lists" (word_id, list_id) VALUES (2214, '6b009e4d-0b26-4bdb-bc7d-5fa97108b28f');
INSERT INTO "words"."words" (id, word, syllables, frequency, category) VALUES (2215, 'intorno', 3, 0.000112, NULL);
INSERT INTO "words"."words_lists" (word_id, list_id) VALUES (2215, '6b009e4d-0b26-4bdb-bc7d-5fa97108b28f');
INSERT INTO "words"."words" (id, word, syllables, frequency, category) VALUES (2216, 'amore', 3, 0.000219, NULL);
INSERT INTO "words"."words_lists" (word_id, list_id) VALUES (2216, '6b009e4d-0b26-4bdb-bc7d-5fa97108b28f');
INSERT INTO "words"."words" (id, word, syllables, frequency, category) VALUES (2217, 'mettersi', 3, 0.0000257, NULL);
INSERT INTO "words"."words_lists" (word_id, list_id) VALUES (2217, '6b009e4d-0b26-4bdb-bc7d-5fa97108b28f');
INSERT INTO "words"."words" (id, word, syllables, frequency, category) VALUES (2218, 'scoperto', 3, 0.0001, NULL);
INSERT INTO "words"."words_lists" (word_id, list_id) VALUES (2218, '6b009e4d-0b26-4bdb-bc7d-5fa97108b28f');
INSERT INTO "words"."words" (id, word, syllables, frequency, category) VALUES (2219, 'tranquillo', 3, 0.0000417, NULL);
INSERT INTO "words"."words_lists" (word_id, list_id) VALUES (2219, '6b009e4d-0b26-4bdb-bc7d-5fa97108b28f');
INSERT INTO "words"."words" (id, word, syllables, frequency, category) VALUES (2220, 'Novara', 3, 0.0000107, NULL);
INSERT INTO "words"."words_lists" (word_id, list_id) VALUES (2220, '6b009e4d-0b26-4bdb-bc7d-5fa97108b28f');
INSERT INTO "words"."words" (id, word, syllables, frequency, category) VALUES (2221, 'tesoro', 3, 0.0000501, NULL);
INSERT INTO "words"."words_lists" (word_id, list_id) VALUES (2221, '6b009e4d-0b26-4bdb-bc7d-5fa97108b28f');
INSERT INTO "words"."words" (id, word, syllables, frequency, category) VALUES (2222, 'profumo', 3, 0.0000191, NULL);
INSERT INTO "words"."words_lists" (word_id, list_id) VALUES (2222, '6b009e4d-0b26-4bdb-bc7d-5fa97108b28f');
INSERT INTO "words"."words" (id, word, syllables, frequency, category) VALUES (2223, 'sequestro', 3, 0.0000135, NULL);
INSERT INTO "words"."words_lists" (word_id, list_id) VALUES (2223, '6b009e4d-0b26-4bdb-bc7d-5fa97108b28f');
INSERT INTO "words"."words" (id, word, syllables, frequency, category) VALUES (2224, 'sostegno', 3, 0.000055, NULL);
INSERT INTO "words"."words_lists" (word_id, list_id) VALUES (2224, '6b009e4d-0b26-4bdb-bc7d-5fa97108b28f');
INSERT INTO "words"."words" (id, word, syllables, frequency, category) VALUES (2225, 'formaggio', 3, 0.0000186, NULL);
INSERT INTO "words"."words_lists" (word_id, list_id) VALUES (2225, '6b009e4d-0b26-4bdb-bc7d-5fa97108b28f');
INSERT INTO "words"."words" (id, word, syllables, frequency, category) VALUES (2226, 'puntata', 3, 0.0000427, NULL);
INSERT INTO "words"."words_lists" (word_id, list_id) VALUES (2226, '6b009e4d-0b26-4bdb-bc7d-5fa97108b28f');
INSERT INTO "words"."words" (id, word, syllables, frequency, category) VALUES (2227, 'stasera', 3, 0.0000794, NULL);
INSERT INTO "words"."words_lists" (word_id, list_id) VALUES (2227, '6b009e4d-0b26-4bdb-bc7d-5fa97108b28f');
INSERT INTO "words"."words" (id, word, syllables, frequency, category) VALUES (2228, 'frequente', 3, 0.0000126, NULL);
INSERT INTO "words"."words_lists" (word_id, list_id) VALUES (2228, '6b009e4d-0b26-4bdb-bc7d-5fa97108b28f');
INSERT INTO "words"."words" (id, word, syllables, frequency, category) VALUES (2229, 'servizio', 3, 0.000224, NULL);
INSERT INTO "words"."words_lists" (word_id, list_id) VALUES (2229, '6b009e4d-0b26-4bdb-bc7d-5fa97108b28f');
INSERT INTO "words"."words" (id, word, syllables, frequency, category) VALUES (2230, 'venuta', 3, 0.0000324, NULL);
INSERT INTO "words"."words_lists" (word_id, list_id) VALUES (2230, '6b009e4d-0b26-4bdb-bc7d-5fa97108b28f');
INSERT INTO "words"."words" (id, word, syllables, frequency, category) VALUES (2231, 'tramite', 3, 0.000138, NULL);
INSERT INTO "words"."words_lists" (word_id, list_id) VALUES (2231, '6b009e4d-0b26-4bdb-bc7d-5fa97108b28f');
INSERT INTO "words"."words" (id, word, syllables, frequency, category) VALUES (2232, 'insieme', 3, 0.000417, NULL);
INSERT INTO "words"."words_lists" (word_id, list_id) VALUES (2232, '6b009e4d-0b26-4bdb-bc7d-5fa97108b28f');
INSERT INTO "words"."words" (id, word, syllables, frequency, category) VALUES (2233, 'maestà', 3, 0.000011, NULL);
INSERT INTO "words"."words_lists" (word_id, list_id) VALUES (2233, '6b009e4d-0b26-4bdb-bc7d-5fa97108b28f');
INSERT INTO "words"."words" (id, word, syllables, frequency, category) VALUES (2234, 'pesante', 3, 0.0000324, NULL);
INSERT INTO "words"."words_lists" (word_id, list_id) VALUES (2234, '6b009e4d-0b26-4bdb-bc7d-5fa97108b28f');
INSERT INTO "words"."words" (id, word, syllables, frequency, category) VALUES (2235, 'destino', 3, 0.0000407, NULL);
INSERT INTO "words"."words_lists" (word_id, list_id) VALUES (2235, '6b009e4d-0b26-4bdb-bc7d-5fa97108b28f');
INSERT INTO "words"."words" (id, word, syllables, frequency, category) VALUES (2236, 'augusto', 3, 0.0000129, NULL);
INSERT INTO "words"."words_lists" (word_id, list_id) VALUES (2236, '6b009e4d-0b26-4bdb-bc7d-5fa97108b28f');
INSERT INTO "words"."words" (id, word, syllables, frequency, category) VALUES (2237, 'unità', 3, 0.0000794, NULL);
INSERT INTO "words"."words_lists" (word_id, list_id) VALUES (2237, '6b009e4d-0b26-4bdb-bc7d-5fa97108b28f');
INSERT INTO "words"."words" (id, word, syllables, frequency, category) VALUES (2238, 'cadere', 3, 0.0000372, NULL);
INSERT INTO "words"."words_lists" (word_id, list_id) VALUES (2238, '6b009e4d-0b26-4bdb-bc7d-5fa97108b28f');
INSERT INTO "words"."words" (id, word, syllables, frequency, category) VALUES (2239, 'portare', 3, 0.000123, NULL);
INSERT INTO "words"."words_lists" (word_id, list_id) VALUES (2239, '6b009e4d-0b26-4bdb-bc7d-5fa97108b28f');
INSERT INTO "words"."words" (id, word, syllables, frequency, category) VALUES (2240, 'piacere', 3, 0.000123, NULL);
INSERT INTO "words"."words_lists" (word_id, list_id) VALUES (2240, '6b009e4d-0b26-4bdb-bc7d-5fa97108b28f');
INSERT INTO "words"."words" (id, word, syllables, frequency, category) VALUES (2241, 'depressione', 4, 0.00002, NULL);
INSERT INTO "words"."words_lists" (word_id, list_id) VALUES (2241, '6b009e4d-0b26-4bdb-bc7d-5fa97108b28f');
INSERT INTO "words"."words" (id, word, syllables, frequency, category) VALUES (2242, 'previsione', 4, 0.0000138, NULL);
INSERT INTO "words"."words_lists" (word_id, list_id) VALUES (2242, '6b009e4d-0b26-4bdb-bc7d-5fa97108b28f');
INSERT INTO "words"."words" (id, word, syllables, frequency, category) VALUES (2243, 'titolare', 4, 0.0000347, NULL);
INSERT INTO "words"."words_lists" (word_id, list_id) VALUES (2243, '6b009e4d-0b26-4bdb-bc7d-5fa97108b28f');
INSERT INTO "words"."words" (id, word, syllables, frequency, category) VALUES (2244, 'infantile', 4, 0.0000117, NULL);
INSERT INTO "words"."words_lists" (word_id, list_id) VALUES (2244, '6b009e4d-0b26-4bdb-bc7d-5fa97108b28f');
INSERT INTO "words"."words" (id, word, syllables, frequency, category) VALUES (2245, 'preparato', 4, 0.0000251, NULL);
INSERT INTO "words"."words_lists" (word_id, list_id) VALUES (2245, '6b009e4d-0b26-4bdb-bc7d-5fa97108b28f');
INSERT INTO "words"."words" (id, word, syllables, frequency, category) VALUES (2246, 'magazzino', 4, 0.0000141, NULL);
INSERT INTO "words"."words_lists" (word_id, list_id) VALUES (2246, '6b009e4d-0b26-4bdb-bc7d-5fa97108b28f');
INSERT INTO "words"."words" (id, word, syllables, frequency, category) VALUES (2247, 'novecento', 4, 0.0000105, NULL);
INSERT INTO "words"."words_lists" (word_id, list_id) VALUES (2247, '6b009e4d-0b26-4bdb-bc7d-5fa97108b28f');
INSERT INTO "words"."words" (id, word, syllables, frequency, category) VALUES (2248, 'proposito', 4, 0.0000832, NULL);
INSERT INTO "words"."words_lists" (word_id, list_id) VALUES (2248, '6b009e4d-0b26-4bdb-bc7d-5fa97108b28f');
INSERT INTO "words"."words" (id, word, syllables, frequency, category) VALUES (2249, 'ristorante', 4, 0.0000457, NULL);
INSERT INTO "words"."words_lists" (word_id, list_id) VALUES (2249, '6b009e4d-0b26-4bdb-bc7d-5fa97108b28f');
INSERT INTO "words"."words" (id, word, syllables, frequency, category) VALUES (2250, 'preparare', 4, 0.0000269, NULL);
INSERT INTO "words"."words_lists" (word_id, list_id) VALUES (2250, '6b009e4d-0b26-4bdb-bc7d-5fa97108b28f');
INSERT INTO "words"."words" (id, word, syllables, frequency, category) VALUES (2251, 'eredità', 4, 0.0000186, NULL);
INSERT INTO "words"."words_lists" (word_id, list_id) VALUES (2251, '6b009e4d-0b26-4bdb-bc7d-5fa97108b28f');
INSERT INTO "words"."words" (id, word, syllables, frequency, category) VALUES (2252, 'permanente', 4, 0.0000224, NULL);
INSERT INTO "words"."words_lists" (word_id, list_id) VALUES (2252, '6b009e4d-0b26-4bdb-bc7d-5fa97108b28f');
INSERT INTO "words"."words" (id, word, syllables, frequency, category) VALUES (2253, 'cominciare', 4, 0.0000355, NULL);
INSERT INTO "words"."words_lists" (word_id, list_id) VALUES (2253, '6b009e4d-0b26-4bdb-bc7d-5fa97108b28f');
INSERT INTO "words"."words" (id, word, syllables, frequency, category) VALUES (2254, 'positiva', 4, 0.0000282, NULL);
INSERT INTO "words"."words_lists" (word_id, list_id) VALUES (2254, '6b009e4d-0b26-4bdb-bc7d-5fa97108b28f');
INSERT INTO "words"."words" (id, word, syllables, frequency, category) VALUES (2255, 'differenza', 4, 0.000112, NULL);
INSERT INTO "words"."words_lists" (word_id, list_id) VALUES (2255, '6b009e4d-0b26-4bdb-bc7d-5fa97108b28f');
INSERT INTO "words"."words" (id, word, syllables, frequency, category) VALUES (2256, 'femminile', 4, 0.0000661, NULL);
INSERT INTO "words"."words_lists" (word_id, list_id) VALUES (2256, '6b009e4d-0b26-4bdb-bc7d-5fa97108b28f');
INSERT INTO "words"."lists" (id, type) VALUES ('f847ae83-fdd1-48ef-9fe9-6d82c8745fc5', 'categorized');
INSERT INTO "words"."words" (id, word, syllables, frequency, category) VALUES (2257, 'lago', 2, 0.0000437, NULL);
INSERT INTO "words"."words_lists" (word_id, list_id) VALUES (2257, 'f847ae83-fdd1-48ef-9fe9-6d82c8745fc5');
INSERT INTO "words"."words" (id, word, syllables, frequency, category) VALUES (2258, 'salve', 2, 0.0000182, NULL);
INSERT INTO "words"."words_lists" (word_id, list_id) VALUES (2258, 'f847ae83-fdd1-48ef-9fe9-6d82c8745fc5');
INSERT INTO "words"."words" (id, word, syllables, frequency, category) VALUES (2259, 'presso', 2, 0.000234, NULL);
INSERT INTO "words"."words_lists" (word_id, list_id) VALUES (2259, 'f847ae83-fdd1-48ef-9fe9-6d82c8745fc5');
INSERT INTO "words"."words" (id, word, syllables, frequency, category) VALUES (2260, 'campo', 2, 0.000224, NULL);
INSERT INTO "words"."words_lists" (word_id, list_id) VALUES (2260, 'f847ae83-fdd1-48ef-9fe9-6d82c8745fc5');
INSERT INTO "words"."words" (id, word, syllables, frequency, category) VALUES (2261, 'nastro', 2, 0.0000145, NULL);
INSERT INTO "words"."words_lists" (word_id, list_id) VALUES (2261, 'f847ae83-fdd1-48ef-9fe9-6d82c8745fc5');
INSERT INTO "words"."words" (id, word, syllables, frequency, category) VALUES (2262, 'Marte', 2, 0.0000141, NULL);
INSERT INTO "words"."words_lists" (word_id, list_id) VALUES (2262, 'f847ae83-fdd1-48ef-9fe9-6d82c8745fc5');
INSERT INTO "words"."words" (id, word, syllables, frequency, category) VALUES (2263, 'pronto', 2, 0.0000776, NULL);
INSERT INTO "words"."words_lists" (word_id, list_id) VALUES (2263, 'f847ae83-fdd1-48ef-9fe9-6d82c8745fc5');
INSERT INTO "words"."words" (id, word, syllables, frequency, category) VALUES (2264, 'sacco', 2, 0.0000933, NULL);
INSERT INTO "words"."words_lists" (word_id, list_id) VALUES (2264, 'f847ae83-fdd1-48ef-9fe9-6d82c8745fc5');
INSERT INTO "words"."words" (id, word, syllables, frequency, category) VALUES (2265, 'era', 2, 0.00178, NULL);
INSERT INTO "words"."words_lists" (word_id, list_id) VALUES (2265, 'f847ae83-fdd1-48ef-9fe9-6d82c8745fc5');
INSERT INTO "words"."words" (id, word, syllables, frequency, category) VALUES (2266, 'grido', 2, 0.0000115, NULL);
INSERT INTO "words"."words_lists" (word_id, list_id) VALUES (2266, 'f847ae83-fdd1-48ef-9fe9-6d82c8745fc5');
INSERT INTO "words"."words" (id, word, syllables, frequency, category) VALUES (2267, 'retta', 2, 0.0000186, NULL);
INSERT INTO "words"."words_lists" (word_id, list_id) VALUES (2267, 'f847ae83-fdd1-48ef-9fe9-6d82c8745fc5');
INSERT INTO "words"."words" (id, word, syllables, frequency, category) VALUES (2268, 'volante', 3, 0.0000148, NULL);
INSERT INTO "words"."words_lists" (word_id, list_id) VALUES (2268, 'f847ae83-fdd1-48ef-9fe9-6d82c8745fc5');
INSERT INTO "words"."words" (id, word, syllables, frequency, category) VALUES (2269, 'tornare', 3, 0.00012, NULL);
INSERT INTO "words"."words_lists" (word_id, list_id) VALUES (2269, 'f847ae83-fdd1-48ef-9fe9-6d82c8745fc5');
INSERT INTO "words"."words" (id, word, syllables, frequency, category) VALUES (2270, 'esterno', 3, 0.0000355, NULL);
INSERT INTO "words"."words_lists" (word_id, list_id) VALUES (2270, 'f847ae83-fdd1-48ef-9fe9-6d82c8745fc5');
INSERT INTO "words"."words" (id, word, syllables, frequency, category) VALUES (2271, 'caduta', 3, 0.0000468, NULL);
INSERT INTO "words"."words_lists" (word_id, list_id) VALUES (2271, 'f847ae83-fdd1-48ef-9fe9-6d82c8745fc5');
INSERT INTO "words"."words" (id, word, syllables, frequency, category) VALUES (2272, 'gelato', 3, 0.0000166, NULL);
INSERT INTO "words"."words_lists" (word_id, list_id) VALUES (2272, 'f847ae83-fdd1-48ef-9fe9-6d82c8745fc5');
INSERT INTO "words"."words" (id, word, syllables, frequency, category) VALUES (2273, 'paziente', 3, 0.0000372, NULL);
INSERT INTO "words"."words_lists" (word_id, list_id) VALUES (2273, 'f847ae83-fdd1-48ef-9fe9-6d82c8745fc5');
INSERT INTO "words"."words" (id, word, syllables, frequency, category) VALUES (2274, 'novità', 3, 0.0000468, NULL);
INSERT INTO "words"."words_lists" (word_id, list_id) VALUES (2274, 'f847ae83-fdd1-48ef-9fe9-6d82c8745fc5');
INSERT INTO "words"."words" (id, word, syllables, frequency, category) VALUES (2275, 'saltare', 3, 0.0000214, NULL);
INSERT INTO "words"."words_lists" (word_id, list_id) VALUES (2275, 'f847ae83-fdd1-48ef-9fe9-6d82c8745fc5');
INSERT INTO "words"."words" (id, word, syllables, frequency, category) VALUES (2276, 'concorso', 3, 0.0000724, NULL);
INSERT INTO "words"."words_lists" (word_id, list_id) VALUES (2276, 'f847ae83-fdd1-48ef-9fe9-6d82c8745fc5');
INSERT INTO "words"."words" (id, word, syllables, frequency, category) VALUES (2277, 'maschera', 3, 0.0000219, NULL);
INSERT INTO "words"."words_lists" (word_id, list_id) VALUES (2277, 'f847ae83-fdd1-48ef-9fe9-6d82c8745fc5');
INSERT INTO "words"."words" (id, word, syllables, frequency, category) VALUES (2278, 'bloccare', 3, 0.0000178, NULL);
INSERT INTO "words"."words_lists" (word_id, list_id) VALUES (2278, 'f847ae83-fdd1-48ef-9fe9-6d82c8745fc5');
INSERT INTO "words"."words" (id, word, syllables, frequency, category) VALUES (2279, 'udienza', 3, 0.0000126, NULL);
INSERT INTO "words"."words_lists" (word_id, list_id) VALUES (2279, 'f847ae83-fdd1-48ef-9fe9-6d82c8745fc5');
INSERT INTO "words"."words" (id, word, syllables, frequency, category) VALUES (2280, 'escluso', 3, 0.0000148, NULL);
INSERT INTO "words"."words_lists" (word_id, list_id) VALUES (2280, 'f847ae83-fdd1-48ef-9fe9-6d82c8745fc5');
INSERT INTO "words"."words" (id, word, syllables, frequency, category) VALUES (2281, 'maestà', 3, 0.000011, NULL);
INSERT INTO "words"."words_lists" (word_id, list_id) VALUES (2281, 'f847ae83-fdd1-48ef-9fe9-6d82c8745fc5');
INSERT INTO "words"."words" (id, word, syllables, frequency, category) VALUES (2282, 'scandalo', 3, 0.0000219, NULL);
INSERT INTO "words"."words_lists" (word_id, list_id) VALUES (2282, 'f847ae83-fdd1-48ef-9fe9-6d82c8745fc5');
INSERT INTO "words"."words" (id, word, syllables, frequency, category) VALUES (2283, 'tranquillo', 3, 0.0000417, NULL);
INSERT INTO "words"."words_lists" (word_id, list_id) VALUES (2283, 'f847ae83-fdd1-48ef-9fe9-6d82c8745fc5');
INSERT INTO "words"."words" (id, word, syllables, frequency, category) VALUES (2284, 'creato', 3, 0.0000759, NULL);
INSERT INTO "words"."words_lists" (word_id, list_id) VALUES (2284, 'f847ae83-fdd1-48ef-9fe9-6d82c8745fc5');
INSERT INTO "words"."words" (id, word, syllables, frequency, category) VALUES (2285, 'preghiera', 3, 0.0000234, NULL);
INSERT INTO "words"."words_lists" (word_id, list_id) VALUES (2285, 'f847ae83-fdd1-48ef-9fe9-6d82c8745fc5');
INSERT INTO "words"."words" (id, word, syllables, frequency, category) VALUES (2286, 'controllo', 3, 0.000174, NULL);
INSERT INTO "words"."words_lists" (word_id, list_id) VALUES (2286, 'f847ae83-fdd1-48ef-9fe9-6d82c8745fc5');
INSERT INTO "words"."words" (id, word, syllables, frequency, category) VALUES (2287, 'convinto', 3, 0.0000389, NULL);
INSERT INTO "words"."words_lists" (word_id, list_id) VALUES (2287, 'f847ae83-fdd1-48ef-9fe9-6d82c8745fc5');
INSERT INTO "words"."words" (id, word, syllables, frequency, category) VALUES (2288, 'dipinto', 3, 0.0000182, NULL);
INSERT INTO "words"."words_lists" (word_id, list_id) VALUES (2288, 'f847ae83-fdd1-48ef-9fe9-6d82c8745fc5');
INSERT INTO "words"."words" (id, word, syllables, frequency, category) VALUES (2289, 'fisica', 3, 0.0000708, NULL);
INSERT INTO "words"."words_lists" (word_id, list_id) VALUES (2289, 'f847ae83-fdd1-48ef-9fe9-6d82c8745fc5');
INSERT INTO "words"."words" (id, word, syllables, frequency, category) VALUES (2290, 'tagliare', 3, 0.0000214, NULL);
INSERT INTO "words"."words_lists" (word_id, list_id) VALUES (2290, 'f847ae83-fdd1-48ef-9fe9-6d82c8745fc5');
INSERT INTO "words"."words" (id, word, syllables, frequency, category) VALUES (2291, 'unità', 3, 0.0000794, NULL);
INSERT INTO "words"."words_lists" (word_id, list_id) VALUES (2291, 'f847ae83-fdd1-48ef-9fe9-6d82c8745fc5');
INSERT INTO "words"."words" (id, word, syllables, frequency, category) VALUES (2292, 'numero', 3, 0.00038, NULL);
INSERT INTO "words"."words_lists" (word_id, list_id) VALUES (2292, 'f847ae83-fdd1-48ef-9fe9-6d82c8745fc5');
INSERT INTO "words"."words" (id, word, syllables, frequency, category) VALUES (2293, 'volontà', 3, 0.0000631, NULL);
INSERT INTO "words"."words_lists" (word_id, list_id) VALUES (2293, 'f847ae83-fdd1-48ef-9fe9-6d82c8745fc5');
INSERT INTO "words"."words" (id, word, syllables, frequency, category) VALUES (2294, 'materia', 3, 0.0000741, NULL);
INSERT INTO "words"."words_lists" (word_id, list_id) VALUES (2294, 'f847ae83-fdd1-48ef-9fe9-6d82c8745fc5');
INSERT INTO "words"."words" (id, word, syllables, frequency, category) VALUES (2295, 'giuria', 3, 0.0000145, NULL);
INSERT INTO "words"."words_lists" (word_id, list_id) VALUES (2295, 'f847ae83-fdd1-48ef-9fe9-6d82c8745fc5');
INSERT INTO "words"."words" (id, word, syllables, frequency, category) VALUES (2296, 'fascino', 3, 0.0000145, NULL);
INSERT INTO "words"."words_lists" (word_id, list_id) VALUES (2296, 'f847ae83-fdd1-48ef-9fe9-6d82c8745fc5');
INSERT INTO "words"."words" (id, word, syllables, frequency, category) VALUES (2297, 'successo', 3, 0.000275, NULL);
INSERT INTO "words"."words_lists" (word_id, list_id) VALUES (2297, 'f847ae83-fdd1-48ef-9fe9-6d82c8745fc5');
INSERT INTO "words"."words" (id, word, syllables, frequency, category) VALUES (2298, 'chiedere', 3, 0.00011, NULL);
INSERT INTO "words"."words_lists" (word_id, list_id) VALUES (2298, 'f847ae83-fdd1-48ef-9fe9-6d82c8745fc5');
INSERT INTO "words"."words" (id, word, syllables, frequency, category) VALUES (2299, 'vitale', 3, 0.0000158, NULL);
INSERT INTO "words"."words_lists" (word_id, list_id) VALUES (2299, 'f847ae83-fdd1-48ef-9fe9-6d82c8745fc5');
INSERT INTO "words"."words" (id, word, syllables, frequency, category) VALUES (2300, 'eccessivo', 4, 0.0000112, NULL);
INSERT INTO "words"."words_lists" (word_id, list_id) VALUES (2300, 'f847ae83-fdd1-48ef-9fe9-6d82c8745fc5');
INSERT INTO "words"."words" (id, word, syllables, frequency, category) VALUES (2301, 'candidato', 4, 0.000038, NULL);
INSERT INTO "words"."words_lists" (word_id, list_id) VALUES (2301, 'f847ae83-fdd1-48ef-9fe9-6d82c8745fc5');
INSERT INTO "words"."words" (id, word, syllables, frequency, category) VALUES (2302, 'calciatore', 4, 0.0000126, NULL);
INSERT INTO "words"."words_lists" (word_id, list_id) VALUES (2302, 'f847ae83-fdd1-48ef-9fe9-6d82c8745fc5');
INSERT INTO "words"."words" (id, word, syllables, frequency, category) VALUES (2303, 'deposito', 4, 0.0000219, NULL);
INSERT INTO "words"."words_lists" (word_id, list_id) VALUES (2303, 'f847ae83-fdd1-48ef-9fe9-6d82c8745fc5');
INSERT INTO "words"."words" (id, word, syllables, frequency, category) VALUES (2304, 'costruzione', 4, 0.0000912, NULL);
INSERT INTO "words"."words_lists" (word_id, list_id) VALUES (2304, 'f847ae83-fdd1-48ef-9fe9-6d82c8745fc5');
INSERT INTO "words"."words" (id, word, syllables, frequency, category) VALUES (2305, 'indagare', 4, 0.0000135, NULL);
INSERT INTO "words"."words_lists" (word_id, list_id) VALUES (2305, 'f847ae83-fdd1-48ef-9fe9-6d82c8745fc5');
INSERT INTO "words"."words" (id, word, syllables, frequency, category) VALUES (2306, 'argentina', 4, 0.0000269, NULL);
INSERT INTO "words"."words_lists" (word_id, list_id) VALUES (2306, 'f847ae83-fdd1-48ef-9fe9-6d82c8745fc5');
INSERT INTO "words"."words" (id, word, syllables, frequency, category) VALUES (2307, 'impedire', 4, 0.0000282, NULL);
INSERT INTO "words"."words_lists" (word_id, list_id) VALUES (2307, 'f847ae83-fdd1-48ef-9fe9-6d82c8745fc5');
INSERT INTO "words"."words" (id, word, syllables, frequency, category) VALUES (2308, 'edilizia', 4, 0.0000126, NULL);
INSERT INTO "words"."words_lists" (word_id, list_id) VALUES (2308, 'f847ae83-fdd1-48ef-9fe9-6d82c8745fc5');
INSERT INTO "words"."words" (id, word, syllables, frequency, category) VALUES (2309, 'annuale', 4, 0.0000251, NULL);
INSERT INTO "words"."words_lists" (word_id, list_id) VALUES (2309, 'f847ae83-fdd1-48ef-9fe9-6d82c8745fc5');
INSERT INTO "words"."words" (id, word, syllables, frequency, category) VALUES (2310, 'esilio', 4, 0.0000102, NULL);
INSERT INTO "words"."words_lists" (word_id, list_id) VALUES (2310, 'f847ae83-fdd1-48ef-9fe9-6d82c8745fc5');
INSERT INTO "words"."words" (id, word, syllables, frequency, category) VALUES (2311, 'investire', 4, 0.0000178, NULL);
INSERT INTO "words"."words_lists" (word_id, list_id) VALUES (2311, 'f847ae83-fdd1-48ef-9fe9-6d82c8745fc5');
INSERT INTO "words"."words" (id, word, syllables, frequency, category) VALUES (2312, 'occidente', 4, 0.0000195, NULL);
INSERT INTO "words"."words_lists" (word_id, list_id) VALUES (2312, 'f847ae83-fdd1-48ef-9fe9-6d82c8745fc5');
INSERT INTO "words"."words" (id, word, syllables, frequency, category) VALUES (2313, 'esperienza', 4, 0.000155, NULL);
INSERT INTO "words"."words_lists" (word_id, list_id) VALUES (2313, 'f847ae83-fdd1-48ef-9fe9-6d82c8745fc5');
INSERT INTO "words"."words" (id, word, syllables, frequency, category) VALUES (2314, 'segretario', 4, 0.0000513, NULL);
INSERT INTO "words"."words_lists" (word_id, list_id) VALUES (2314, 'f847ae83-fdd1-48ef-9fe9-6d82c8745fc5');
INSERT INTO "words"."words" (id, word, syllables, frequency, category) VALUES (2315, 'proposito', 4, 0.0000832, NULL);
INSERT INTO "words"."words_lists" (word_id, list_id) VALUES (2315, 'f847ae83-fdd1-48ef-9fe9-6d82c8745fc5');
INSERT INTO "words"."words" (id, word, syllables, frequency, category) VALUES (2316, 'suicidio', 4, 0.0000257, NULL);
INSERT INTO "words"."words_lists" (word_id, list_id) VALUES (2316, 'f847ae83-fdd1-48ef-9fe9-6d82c8745fc5');
INSERT INTO "words"."words" (id, word, syllables, frequency, category) VALUES (2317, 'dipendente', 4, 0.0000229, NULL);
INSERT INTO "words"."words_lists" (word_id, list_id) VALUES (2317, 'f847ae83-fdd1-48ef-9fe9-6d82c8745fc5');
INSERT INTO "words"."words" (id, word, syllables, frequency, category) VALUES (2318, 'divertimento', 5, 0.0000195, NULL);
INSERT INTO "words"."words_lists" (word_id, list_id) VALUES (2318, 'f847ae83-fdd1-48ef-9fe9-6d82c8745fc5');
INSERT INTO "words"."words" (id, word, syllables, frequency, category) VALUES (2319, 'abbonamento', 5, 0.0000112, NULL);
INSERT INTO "words"."words_lists" (word_id, list_id) VALUES (2319, 'f847ae83-fdd1-48ef-9fe9-6d82c8745fc5');
INSERT INTO "words"."words" (id, word, syllables, frequency, category) VALUES (2320, 'carabinieri', 5, 0.0000316, NULL);
INSERT INTO "words"."words_lists" (word_id, list_id) VALUES (2320, 'f847ae83-fdd1-48ef-9fe9-6d82c8745fc5');
INSERT INTO "words"."lists" (id, type) VALUES ('7eada1e0-29cc-4448-8aca-c9089e829dd7', 'categorized');
INSERT INTO "words"."words" (id, word, syllables, frequency, category) VALUES (2321, 'bontà', 2, 0.0000105, NULL);
INSERT INTO "words"."words_lists" (word_id, list_id) VALUES (2321, '7eada1e0-29cc-4448-8aca-c9089e829dd7');
INSERT INTO "words"."words" (id, word, syllables, frequency, category) VALUES (2322, 'ala', 2, 0.0000117, NULL);
INSERT INTO "words"."words_lists" (word_id, list_id) VALUES (2322, '7eada1e0-29cc-4448-8aca-c9089e829dd7');
INSERT INTO "words"."words" (id, word, syllables, frequency, category) VALUES (2323, 'veste', 2, 0.0000191, NULL);
INSERT INTO "words"."words_lists" (word_id, list_id) VALUES (2323, '7eada1e0-29cc-4448-8aca-c9089e829dd7');
INSERT INTO "words"."words" (id, word, syllables, frequency, category) VALUES (2324, 'fuga', 2, 0.0000437, NULL);
INSERT INTO "words"."words_lists" (word_id, list_id) VALUES (2324, '7eada1e0-29cc-4448-8aca-c9089e829dd7');
INSERT INTO "words"."words" (id, word, syllables, frequency, category) VALUES (2325, 'mese', 2, 0.000209, NULL);
INSERT INTO "words"."words_lists" (word_id, list_id) VALUES (2325, '7eada1e0-29cc-4448-8aca-c9089e829dd7');
INSERT INTO "words"."words" (id, word, syllables, frequency, category) VALUES (2326, 'sforzo', 2, 0.0000288, NULL);
INSERT INTO "words"."words_lists" (word_id, list_id) VALUES (2326, '7eada1e0-29cc-4448-8aca-c9089e829dd7');
INSERT INTO "words"."words" (id, word, syllables, frequency, category) VALUES (2327, 'pino', 2, 0.0000107, NULL);
INSERT INTO "words"."words_lists" (word_id, list_id) VALUES (2327, '7eada1e0-29cc-4448-8aca-c9089e829dd7');
INSERT INTO "words"."words" (id, word, syllables, frequency, category) VALUES (2328, 'figlio', 2, 0.000224, NULL);
INSERT INTO "words"."words_lists" (word_id, list_id) VALUES (2328, '7eada1e0-29cc-4448-8aca-c9089e829dd7');
INSERT INTO "words"."words" (id, word, syllables, frequency, category) VALUES (2329, 'truffa', 2, 0.0000135, NULL);
INSERT INTO "words"."words_lists" (word_id, list_id) VALUES (2329, '7eada1e0-29cc-4448-8aca-c9089e829dd7');
INSERT INTO "words"."words" (id, word, syllables, frequency, category) VALUES (2330, 'motto', 2, 0.0000105, NULL);
INSERT INTO "words"."words_lists" (word_id, list_id) VALUES (2330, '7eada1e0-29cc-4448-8aca-c9089e829dd7');
INSERT INTO "words"."words" (id, word, syllables, frequency, category) VALUES (2331, 'mago', 2, 0.0000107, NULL);
INSERT INTO "words"."words_lists" (word_id, list_id) VALUES (2331, '7eada1e0-29cc-4448-8aca-c9089e829dd7');
INSERT INTO "words"."words" (id, word, syllables, frequency, category) VALUES (2332, 'ponte', 2, 0.0000603, NULL);
INSERT INTO "words"."words_lists" (word_id, list_id) VALUES (2332, '7eada1e0-29cc-4448-8aca-c9089e829dd7');
INSERT INTO "words"."words" (id, word, syllables, frequency, category) VALUES (2333, 'forma', 2, 0.000229, NULL);
INSERT INTO "words"."words_lists" (word_id, list_id) VALUES (2333, '7eada1e0-29cc-4448-8aca-c9089e829dd7');
INSERT INTO "words"."words" (id, word, syllables, frequency, category) VALUES (2334, 'vero', 2, 0.000447, NULL);
INSERT INTO "words"."words_lists" (word_id, list_id) VALUES (2334, '7eada1e0-29cc-4448-8aca-c9089e829dd7');
INSERT INTO "words"."words" (id, word, syllables, frequency, category) VALUES (2335, 'presto', 2, 0.000145, NULL);
INSERT INTO "words"."words_lists" (word_id, list_id) VALUES (2335, '7eada1e0-29cc-4448-8aca-c9089e829dd7');
INSERT INTO "words"."words" (id, word, syllables, frequency, category) VALUES (2336, 'forno', 2, 0.0000182, NULL);
INSERT INTO "words"."words_lists" (word_id, list_id) VALUES (2336, '7eada1e0-29cc-4448-8aca-c9089e829dd7');
INSERT INTO "words"."words" (id, word, syllables, frequency, category) VALUES (2337, 'Monti', 2, 0.0000372, NULL);
INSERT INTO "words"."words_lists" (word_id, list_id) VALUES (2337, '7eada1e0-29cc-4448-8aca-c9089e829dd7');
INSERT INTO "words"."words" (id, word, syllables, frequency, category) VALUES (2338, 'nato', 2, 0.0001, NULL);
INSERT INTO "words"."words_lists" (word_id, list_id) VALUES (2338, '7eada1e0-29cc-4448-8aca-c9089e829dd7');
INSERT INTO "words"."words" (id, word, syllables, frequency, category) VALUES (2339, 'sorta', 2, 0.0000537, NULL);
INSERT INTO "words"."words_lists" (word_id, list_id) VALUES (2339, '7eada1e0-29cc-4448-8aca-c9089e829dd7');
INSERT INTO "words"."words" (id, word, syllables, frequency, category) VALUES (2340, 'crudele', 3, 0.0000126, NULL);
INSERT INTO "words"."words_lists" (word_id, list_id) VALUES (2340, '7eada1e0-29cc-4448-8aca-c9089e829dd7');
INSERT INTO "words"."words" (id, word, syllables, frequency, category) VALUES (2341, 'mattino', 3, 0.0000389, NULL);
INSERT INTO "words"."words_lists" (word_id, list_id) VALUES (2341, '7eada1e0-29cc-4448-8aca-c9089e829dd7');
INSERT INTO "words"."words" (id, word, syllables, frequency, category) VALUES (2342, 'cedere', 3, 0.000012, NULL);
INSERT INTO "words"."words_lists" (word_id, list_id) VALUES (2342, '7eada1e0-29cc-4448-8aca-c9089e829dd7');
INSERT INTO "words"."words" (id, word, syllables, frequency, category) VALUES (2343, 'adesso', 3, 0.000324, NULL);
INSERT INTO "words"."words_lists" (word_id, list_id) VALUES (2343, '7eada1e0-29cc-4448-8aca-c9089e829dd7');
INSERT INTO "words"."words" (id, word, syllables, frequency, category) VALUES (2344, 'divino', 3, 0.0000105, NULL);
INSERT INTO "words"."words_lists" (word_id, list_id) VALUES (2344, '7eada1e0-29cc-4448-8aca-c9089e829dd7');
INSERT INTO "words"."words" (id, word, syllables, frequency, category) VALUES (2345, 'regola', 3, 0.0000513, NULL);
INSERT INTO "words"."words_lists" (word_id, list_id) VALUES (2345, '7eada1e0-29cc-4448-8aca-c9089e829dd7');
INSERT INTO "words"."words" (id, word, syllables, frequency, category) VALUES (2346, 'lanciare', 3, 0.000017, NULL);
INSERT INTO "words"."words_lists" (word_id, list_id) VALUES (2346, '7eada1e0-29cc-4448-8aca-c9089e829dd7');
INSERT INTO "words"."words" (id, word, syllables, frequency, category) VALUES (2347, 'estratto', 3, 0.0000224, NULL);
INSERT INTO "words"."words_lists" (word_id, list_id) VALUES (2347, '7eada1e0-29cc-4448-8aca-c9089e829dd7');
INSERT INTO "words"."words" (id, word, syllables, frequency, category) VALUES (2348, 'finanza', 3, 0.0000269, NULL);
INSERT INTO "words"."words_lists" (word_id, list_id) VALUES (2348, '7eada1e0-29cc-4448-8aca-c9089e829dd7');
INSERT INTO "words"."words" (id, word, syllables, frequency, category) VALUES (2349, 'rilascio', 3, 0.0000174, NULL);
INSERT INTO "words"."words_lists" (word_id, list_id) VALUES (2349, '7eada1e0-29cc-4448-8aca-c9089e829dd7');
INSERT INTO "words"."words" (id, word, syllables, frequency, category) VALUES (2350, 'pensare', 3, 0.000186, NULL);
INSERT INTO "words"."words_lists" (word_id, list_id) VALUES (2350, '7eada1e0-29cc-4448-8aca-c9089e829dd7');
INSERT INTO "words"."words" (id, word, syllables, frequency, category) VALUES (2351, 'speranza', 3, 0.0000832, NULL);
INSERT INTO "words"."words_lists" (word_id, list_id) VALUES (2351, '7eada1e0-29cc-4448-8aca-c9089e829dd7');
INSERT INTO "words"."words" (id, word, syllables, frequency, category) VALUES (2352, 'assunto', 3, 0.0000339, NULL);
INSERT INTO "words"."words_lists" (word_id, list_id) VALUES (2352, '7eada1e0-29cc-4448-8aca-c9089e829dd7');
INSERT INTO "words"."words" (id, word, syllables, frequency, category) VALUES (2353, 'opposto', 3, 0.0000234, NULL);
INSERT INTO "words"."words_lists" (word_id, list_id) VALUES (2353, '7eada1e0-29cc-4448-8aca-c9089e829dd7');
INSERT INTO "words"."words" (id, word, syllables, frequency, category) VALUES (2354, 'costante', 3, 0.0000468, NULL);
INSERT INTO "words"."words_lists" (word_id, list_id) VALUES (2354, '7eada1e0-29cc-4448-8aca-c9089e829dd7');
INSERT INTO "words"."words" (id, word, syllables, frequency, category) VALUES (2355, 'campana', 3, 0.0000102, NULL);
INSERT INTO "words"."words_lists" (word_id, list_id) VALUES (2355, '7eada1e0-29cc-4448-8aca-c9089e829dd7');
INSERT INTO "words"."words" (id, word, syllables, frequency, category) VALUES (2356, 'deluso', 3, 0.0000141, NULL);
INSERT INTO "words"."words_lists" (word_id, list_id) VALUES (2356, '7eada1e0-29cc-4448-8aca-c9089e829dd7');
INSERT INTO "words"."words" (id, word, syllables, frequency, category) VALUES (2357, 'sparire', 3, 0.000012, NULL);
INSERT INTO "words"."words_lists" (word_id, list_id) VALUES (2357, '7eada1e0-29cc-4448-8aca-c9089e829dd7');
INSERT INTO "words"."words" (id, word, syllables, frequency, category) VALUES (2358, 'legale', 3, 0.0000692, NULL);
INSERT INTO "words"."words_lists" (word_id, list_id) VALUES (2358, '7eada1e0-29cc-4448-8aca-c9089e829dd7');
INSERT INTO "words"."words" (id, word, syllables, frequency, category) VALUES (2359, 'udienza', 3, 0.0000126, NULL);
INSERT INTO "words"."words_lists" (word_id, list_id) VALUES (2359, '7eada1e0-29cc-4448-8aca-c9089e829dd7');
INSERT INTO "words"."words" (id, word, syllables, frequency, category) VALUES (2360, 'faccenda', 3, 0.0000148, NULL);
INSERT INTO "words"."words_lists" (word_id, list_id) VALUES (2360, '7eada1e0-29cc-4448-8aca-c9089e829dd7');
INSERT INTO "words"."words" (id, word, syllables, frequency, category) VALUES (2361, 'famoso', 3, 0.0000513, NULL);
INSERT INTO "words"."words_lists" (word_id, list_id) VALUES (2361, '7eada1e0-29cc-4448-8aca-c9089e829dd7');
INSERT INTO "words"."words" (id, word, syllables, frequency, category) VALUES (2362, 'estero', 3, 0.0000158, NULL);
INSERT INTO "words"."words_lists" (word_id, list_id) VALUES (2362, '7eada1e0-29cc-4448-8aca-c9089e829dd7');
INSERT INTO "words"."words" (id, word, syllables, frequency, category) VALUES (2363, 'onesto', 3, 0.0000141, NULL);
INSERT INTO "words"."words_lists" (word_id, list_id) VALUES (2363, '7eada1e0-29cc-4448-8aca-c9089e829dd7');
INSERT INTO "words"."words" (id, word, syllables, frequency, category) VALUES (2364, 'perdita', 3, 0.0000589, NULL);
INSERT INTO "words"."words_lists" (word_id, list_id) VALUES (2364, '7eada1e0-29cc-4448-8aca-c9089e829dd7');
INSERT INTO "words"."words" (id, word, syllables, frequency, category) VALUES (2365, 'Vienna', 3, 0.0000191, NULL);
INSERT INTO "words"."words_lists" (word_id, list_id) VALUES (2365, '7eada1e0-29cc-4448-8aca-c9089e829dd7');
INSERT INTO "words"."words" (id, word, syllables, frequency, category) VALUES (2366, 'terrestre', 3, 0.0000115, NULL);
INSERT INTO "words"."words_lists" (word_id, list_id) VALUES (2366, '7eada1e0-29cc-4448-8aca-c9089e829dd7');
INSERT INTO "words"."words" (id, word, syllables, frequency, category) VALUES (2367, 'invidia', 3, 0.0000107, NULL);
INSERT INTO "words"."words_lists" (word_id, list_id) VALUES (2367, '7eada1e0-29cc-4448-8aca-c9089e829dd7');
INSERT INTO "words"."words" (id, word, syllables, frequency, category) VALUES (2368, 'fisico', 3, 0.0000437, NULL);
INSERT INTO "words"."words_lists" (word_id, list_id) VALUES (2368, '7eada1e0-29cc-4448-8aca-c9089e829dd7');
INSERT INTO "words"."words" (id, word, syllables, frequency, category) VALUES (2369, 'palestra', 3, 0.0000245, NULL);
INSERT INTO "words"."words_lists" (word_id, list_id) VALUES (2369, '7eada1e0-29cc-4448-8aca-c9089e829dd7');
INSERT INTO "words"."words" (id, word, syllables, frequency, category) VALUES (2370, 'intenso', 3, 0.0000141, NULL);
INSERT INTO "words"."words_lists" (word_id, list_id) VALUES (2370, '7eada1e0-29cc-4448-8aca-c9089e829dd7');
INSERT INTO "words"."words" (id, word, syllables, frequency, category) VALUES (2371, 'unire', 3, 0.0000112, NULL);
INSERT INTO "words"."words_lists" (word_id, list_id) VALUES (2371, '7eada1e0-29cc-4448-8aca-c9089e829dd7');
INSERT INTO "words"."words" (id, word, syllables, frequency, category) VALUES (2372, 'pallone', 3, 0.0000126, NULL);
INSERT INTO "words"."words_lists" (word_id, list_id) VALUES (2372, '7eada1e0-29cc-4448-8aca-c9089e829dd7');
INSERT INTO "words"."words" (id, word, syllables, frequency, category) VALUES (2373, 'assunta', 3, 0.00001, NULL);
INSERT INTO "words"."words_lists" (word_id, list_id) VALUES (2373, '7eada1e0-29cc-4448-8aca-c9089e829dd7');
INSERT INTO "words"."words" (id, word, syllables, frequency, category) VALUES (2374, 'ferito', 3, 0.000024, NULL);
INSERT INTO "words"."words_lists" (word_id, list_id) VALUES (2374, '7eada1e0-29cc-4448-8aca-c9089e829dd7');
INSERT INTO "words"."words" (id, word, syllables, frequency, category) VALUES (2375, 'formato', 3, 0.0000525, NULL);
INSERT INTO "words"."words_lists" (word_id, list_id) VALUES (2375, '7eada1e0-29cc-4448-8aca-c9089e829dd7');
INSERT INTO "words"."words" (id, word, syllables, frequency, category) VALUES (2376, 'ritratto', 3, 0.0000245, NULL);
INSERT INTO "words"."words_lists" (word_id, list_id) VALUES (2376, '7eada1e0-29cc-4448-8aca-c9089e829dd7');
INSERT INTO "words"."words" (id, word, syllables, frequency, category) VALUES (2377, 'vangelo', 3, 0.0000138, NULL);
INSERT INTO "words"."words_lists" (word_id, list_id) VALUES (2377, '7eada1e0-29cc-4448-8aca-c9089e829dd7');
INSERT INTO "words"."words" (id, word, syllables, frequency, category) VALUES (2378, 'arabo', 3, 0.0000162, NULL);
INSERT INTO "words"."words_lists" (word_id, list_id) VALUES (2378, '7eada1e0-29cc-4448-8aca-c9089e829dd7');
INSERT INTO "words"."words" (id, word, syllables, frequency, category) VALUES (2379, 'lasciare', 3, 0.0000933, NULL);
INSERT INTO "words"."words_lists" (word_id, list_id) VALUES (2379, '7eada1e0-29cc-4448-8aca-c9089e829dd7');
INSERT INTO "words"."words" (id, word, syllables, frequency, category) VALUES (2380, 'operare', 4, 0.0000178, NULL);
INSERT INTO "words"."words_lists" (word_id, list_id) VALUES (2380, '7eada1e0-29cc-4448-8aca-c9089e829dd7');
INSERT INTO "words"."words" (id, word, syllables, frequency, category) VALUES (2381, 'traduzione', 4, 0.0000631, NULL);
INSERT INTO "words"."words_lists" (word_id, list_id) VALUES (2381, '7eada1e0-29cc-4448-8aca-c9089e829dd7');
INSERT INTO "words"."words" (id, word, syllables, frequency, category) VALUES (2382, 'tradimento', 4, 0.0000162, NULL);
INSERT INTO "words"."words_lists" (word_id, list_id) VALUES (2382, '7eada1e0-29cc-4448-8aca-c9089e829dd7');
INSERT INTO "words"."words" (id, word, syllables, frequency, category) VALUES (2383, 'anteriore', 4, 0.0000182, NULL);
INSERT INTO "words"."words_lists" (word_id, list_id) VALUES (2383, '7eada1e0-29cc-4448-8aca-c9089e829dd7');
INSERT INTO "words"."words" (id, word, syllables, frequency, category) VALUES (2384, 'alimentari', 5, 0.0000191, NULL);
INSERT INTO "words"."words_lists" (word_id, list_id) VALUES (2384, '7eada1e0-29cc-4448-8aca-c9089e829dd7');
INSERT INTO "words"."lists" (id, type) VALUES ('7d51c35d-730a-4944-aad5-e11a29c6a491', 'categorized');
INSERT INTO "words"."words" (id, word, syllables, frequency, category) VALUES (2385, 'tela', 2, 0.0000155, NULL);
INSERT INTO "words"."words_lists" (word_id, list_id) VALUES (2385, '7d51c35d-730a-4944-aad5-e11a29c6a491');
INSERT INTO "words"."words" (id, word, syllables, frequency, category) VALUES (2386, 'frase', 2, 0.0000537, NULL);
INSERT INTO "words"."words_lists" (word_id, list_id) VALUES (2386, '7d51c35d-730a-4944-aad5-e11a29c6a491');
INSERT INTO "words"."words" (id, word, syllables, frequency, category) VALUES (2387, 'pausa', 2, 0.0000316, NULL);
INSERT INTO "words"."words_lists" (word_id, list_id) VALUES (2387, '7d51c35d-730a-4944-aad5-e11a29c6a491');
INSERT INTO "words"."words" (id, word, syllables, frequency, category) VALUES (2388, 'uso', 2, 0.000209, NULL);
INSERT INTO "words"."words_lists" (word_id, list_id) VALUES (2388, '7d51c35d-730a-4944-aad5-e11a29c6a491');
INSERT INTO "words"."words" (id, word, syllables, frequency, category) VALUES (2389, 'Bari', 2, 0.0000372, NULL);
INSERT INTO "words"."words_lists" (word_id, list_id) VALUES (2389, '7d51c35d-730a-4944-aad5-e11a29c6a491');
INSERT INTO "words"."words" (id, word, syllables, frequency, category) VALUES (2390, 'massa', 2, 0.0000813, NULL);
INSERT INTO "words"."words_lists" (word_id, list_id) VALUES (2390, '7d51c35d-730a-4944-aad5-e11a29c6a491');
INSERT INTO "words"."words" (id, word, syllables, frequency, category) VALUES (2391, 'gomma', 2, 0.0000158, NULL);
INSERT INTO "words"."words_lists" (word_id, list_id) VALUES (2391, '7d51c35d-730a-4944-aad5-e11a29c6a491');
INSERT INTO "words"."words" (id, word, syllables, frequency, category) VALUES (2392, 'riso', 2, 0.0000355, NULL);
INSERT INTO "words"."words_lists" (word_id, list_id) VALUES (2392, '7d51c35d-730a-4944-aad5-e11a29c6a491');
INSERT INTO "words"."words" (id, word, syllables, frequency, category) VALUES (2393, 'podio', 2, 0.0000107, NULL);
INSERT INTO "words"."words_lists" (word_id, list_id) VALUES (2393, '7d51c35d-730a-4944-aad5-e11a29c6a491');
INSERT INTO "words"."words" (id, word, syllables, frequency, category) VALUES (2394, 'guardia', 2, 0.0000562, NULL);
INSERT INTO "words"."words_lists" (word_id, list_id) VALUES (2394, '7d51c35d-730a-4944-aad5-e11a29c6a491');
INSERT INTO "words"."words" (id, word, syllables, frequency, category) VALUES (2395, 'enorme', 3, 0.0000575, NULL);
INSERT INTO "words"."words_lists" (word_id, list_id) VALUES (2395, '7d51c35d-730a-4944-aad5-e11a29c6a491');
INSERT INTO "words"."words" (id, word, syllables, frequency, category) VALUES (2396, 'partito', 3, 0.000204, NULL);
INSERT INTO "words"."words_lists" (word_id, list_id) VALUES (2396, '7d51c35d-730a-4944-aad5-e11a29c6a491');
INSERT INTO "words"."words" (id, word, syllables, frequency, category) VALUES (2397, 'disastro', 3, 0.0000275, NULL);
INSERT INTO "words"."words_lists" (word_id, list_id) VALUES (2397, '7d51c35d-730a-4944-aad5-e11a29c6a491');
INSERT INTO "words"."words" (id, word, syllables, frequency, category) VALUES (2398, 'canzone', 3, 0.0000977, NULL);
INSERT INTO "words"."words_lists" (word_id, list_id) VALUES (2398, '7d51c35d-730a-4944-aad5-e11a29c6a491');
INSERT INTO "words"."words" (id, word, syllables, frequency, category) VALUES (2399, 'contratto', 3, 0.000112, NULL);
INSERT INTO "words"."words_lists" (word_id, list_id) VALUES (2399, '7d51c35d-730a-4944-aad5-e11a29c6a491');
INSERT INTO "words"."words" (id, word, syllables, frequency, category) VALUES (2400, 'pittore', 3, 0.0000178, NULL);
INSERT INTO "words"."words_lists" (word_id, list_id) VALUES (2400, '7d51c35d-730a-4944-aad5-e11a29c6a491');
INSERT INTO "words"."words" (id, word, syllables, frequency, category) VALUES (2401, 'immenso', 3, 0.00001, NULL);
INSERT INTO "words"."words_lists" (word_id, list_id) VALUES (2401, '7d51c35d-730a-4944-aad5-e11a29c6a491');
INSERT INTO "words"."words" (id, word, syllables, frequency, category) VALUES (2402, 'mondiali', 3, 0.000038, NULL);
INSERT INTO "words"."words_lists" (word_id, list_id) VALUES (2402, '7d51c35d-730a-4944-aad5-e11a29c6a491');
INSERT INTO "words"."words" (id, word, syllables, frequency, category) VALUES (2403, 'isola', 3, 0.0000661, NULL);
INSERT INTO "words"."words_lists" (word_id, list_id) VALUES (2403, '7d51c35d-730a-4944-aad5-e11a29c6a491');
INSERT INTO "words"."words" (id, word, syllables, frequency, category) VALUES (2404, 'pagato', 3, 0.0000398, NULL);
INSERT INTO "words"."words_lists" (word_id, list_id) VALUES (2404, '7d51c35d-730a-4944-aad5-e11a29c6a491');
INSERT INTO "words"."words" (id, word, syllables, frequency, category) VALUES (2405, 'tessuto', 3, 0.0000234, NULL);
INSERT INTO "words"."words_lists" (word_id, list_id) VALUES (2405, '7d51c35d-730a-4944-aad5-e11a29c6a491');
INSERT INTO "words"."words" (id, word, syllables, frequency, category) VALUES (2406, 'accento', 3, 0.0000141, NULL);
INSERT INTO "words"."words_lists" (word_id, list_id) VALUES (2406, '7d51c35d-730a-4944-aad5-e11a29c6a491');
INSERT INTO "words"."words" (id, word, syllables, frequency, category) VALUES (2407, 'manuale', 3, 0.0000234, NULL);
INSERT INTO "words"."words_lists" (word_id, list_id) VALUES (2407, '7d51c35d-730a-4944-aad5-e11a29c6a491');
INSERT INTO "words"."words" (id, word, syllables, frequency, category) VALUES (2408, 'denuncia', 3, 0.0000355, NULL);
INSERT INTO "words"."words_lists" (word_id, list_id) VALUES (2408, '7d51c35d-730a-4944-aad5-e11a29c6a491');
INSERT INTO "words"."words" (id, word, syllables, frequency, category) VALUES (2409, 'canone', 3, 0.0000141, NULL);
INSERT INTO "words"."words_lists" (word_id, list_id) VALUES (2409, '7d51c35d-730a-4944-aad5-e11a29c6a491');
INSERT INTO "words"."words" (id, word, syllables, frequency, category) VALUES (2410, 'puntata', 3, 0.0000427, NULL);
INSERT INTO "words"."words_lists" (word_id, list_id) VALUES (2410, '7d51c35d-730a-4944-aad5-e11a29c6a491');
INSERT INTO "words"."words" (id, word, syllables, frequency, category) VALUES (2411, 'sperare', 3, 0.0000224, NULL);
INSERT INTO "words"."words_lists" (word_id, list_id) VALUES (2411, '7d51c35d-730a-4944-aad5-e11a29c6a491');
INSERT INTO "words"."words" (id, word, syllables, frequency, category) VALUES (2412, 'rendere', 3, 0.0000759, NULL);
INSERT INTO "words"."words_lists" (word_id, list_id) VALUES (2412, '7d51c35d-730a-4944-aad5-e11a29c6a491');
INSERT INTO "words"."words" (id, word, syllables, frequency, category) VALUES (2413, 'mentale', 3, 0.0000269, NULL);
INSERT INTO "words"."words_lists" (word_id, list_id) VALUES (2413, '7d51c35d-730a-4944-aad5-e11a29c6a491');
INSERT INTO "words"."words" (id, word, syllables, frequency, category) VALUES (2414, 'missione', 3, 0.0000661, NULL);
INSERT INTO "words"."words_lists" (word_id, list_id) VALUES (2414, '7d51c35d-730a-4944-aad5-e11a29c6a491');
INSERT INTO "words"."words" (id, word, syllables, frequency, category) VALUES (2415, 'dotato', 3, 0.0000214, NULL);
INSERT INTO "words"."words_lists" (word_id, list_id) VALUES (2415, '7d51c35d-730a-4944-aad5-e11a29c6a491');
INSERT INTO "words"."words" (id, word, syllables, frequency, category) VALUES (2416, 'alice', 3, 0.0000195, NULL);
INSERT INTO "words"."words_lists" (word_id, list_id) VALUES (2416, '7d51c35d-730a-4944-aad5-e11a29c6a491');
INSERT INTO "words"."words" (id, word, syllables, frequency, category) VALUES (2417, 'palazzo', 3, 0.0000871, NULL);
INSERT INTO "words"."words_lists" (word_id, list_id) VALUES (2417, '7d51c35d-730a-4944-aad5-e11a29c6a491');
INSERT INTO "words"."words" (id, word, syllables, frequency, category) VALUES (2418, 'credere', 3, 0.0000871, NULL);
INSERT INTO "words"."words_lists" (word_id, list_id) VALUES (2418, '7d51c35d-730a-4944-aad5-e11a29c6a491');
INSERT INTO "words"."words" (id, word, syllables, frequency, category) VALUES (2419, 'organo', 3, 0.0000219, NULL);
INSERT INTO "words"."words_lists" (word_id, list_id) VALUES (2419, '7d51c35d-730a-4944-aad5-e11a29c6a491');
INSERT INTO "words"."words" (id, word, syllables, frequency, category) VALUES (2420, 'leggero', 3, 0.0000214, NULL);
INSERT INTO "words"."words_lists" (word_id, list_id) VALUES (2420, '7d51c35d-730a-4944-aad5-e11a29c6a491');
INSERT INTO "words"."words" (id, word, syllables, frequency, category) VALUES (2421, 'Livorno', 3, 0.000017, NULL);
INSERT INTO "words"."words_lists" (word_id, list_id) VALUES (2421, '7d51c35d-730a-4944-aad5-e11a29c6a491');
INSERT INTO "words"."words" (id, word, syllables, frequency, category) VALUES (2422, 'arrivo', 3, 0.0000871, NULL);
INSERT INTO "words"."words_lists" (word_id, list_id) VALUES (2422, '7d51c35d-730a-4944-aad5-e11a29c6a491');
INSERT INTO "words"."words" (id, word, syllables, frequency, category) VALUES (2423, 'avvio', 3, 0.000012, NULL);
INSERT INTO "words"."words_lists" (word_id, list_id) VALUES (2423, '7d51c35d-730a-4944-aad5-e11a29c6a491');
INSERT INTO "words"."words" (id, word, syllables, frequency, category) VALUES (2424, 'togliere', 3, 0.0000316, NULL);
INSERT INTO "words"."words_lists" (word_id, list_id) VALUES (2424, '7d51c35d-730a-4944-aad5-e11a29c6a491');
INSERT INTO "words"."words" (id, word, syllables, frequency, category) VALUES (2425, 'mostrare', 3, 0.0000295, NULL);
INSERT INTO "words"."words_lists" (word_id, list_id) VALUES (2425, '7d51c35d-730a-4944-aad5-e11a29c6a491');
INSERT INTO "words"."words" (id, word, syllables, frequency, category) VALUES (2426, 'chiamare', 3, 0.0000468, NULL);
INSERT INTO "words"."words_lists" (word_id, list_id) VALUES (2426, '7d51c35d-730a-4944-aad5-e11a29c6a491');
INSERT INTO "words"."words" (id, word, syllables, frequency, category) VALUES (2427, 'libertà', 3, 0.000145, NULL);
INSERT INTO "words"."words_lists" (word_id, list_id) VALUES (2427, '7d51c35d-730a-4944-aad5-e11a29c6a491');
INSERT INTO "words"."words" (id, word, syllables, frequency, category) VALUES (2428, 'protetto', 3, 0.0000138, NULL);
INSERT INTO "words"."words_lists" (word_id, list_id) VALUES (2428, '7d51c35d-730a-4944-aad5-e11a29c6a491');
INSERT INTO "words"."words" (id, word, syllables, frequency, category) VALUES (2429, 'sequenza', 3, 0.0000123, NULL);
INSERT INTO "words"."words_lists" (word_id, list_id) VALUES (2429, '7d51c35d-730a-4944-aad5-e11a29c6a491');
INSERT INTO "words"."words" (id, word, syllables, frequency, category) VALUES (2430, 'veloce', 3, 0.0000603, NULL);
INSERT INTO "words"."words_lists" (word_id, list_id) VALUES (2430, '7d51c35d-730a-4944-aad5-e11a29c6a491');
INSERT INTO "words"."words" (id, word, syllables, frequency, category) VALUES (2431, 'sorveglianza', 4, 0.00002, NULL);
INSERT INTO "words"."words_lists" (word_id, list_id) VALUES (2431, '7d51c35d-730a-4944-aad5-e11a29c6a491');
INSERT INTO "words"."words" (id, word, syllables, frequency, category) VALUES (2432, 'esclusiva', 4, 0.0000209, NULL);
INSERT INTO "words"."words_lists" (word_id, list_id) VALUES (2432, '7d51c35d-730a-4944-aad5-e11a29c6a491');
INSERT INTO "words"."words" (id, word, syllables, frequency, category) VALUES (2433, 'prigioniero', 4, 0.0000145, NULL);
INSERT INTO "words"."words_lists" (word_id, list_id) VALUES (2433, '7d51c35d-730a-4944-aad5-e11a29c6a491');
INSERT INTO "words"."words" (id, word, syllables, frequency, category) VALUES (2434, 'monopolio', 4, 0.00001, NULL);
INSERT INTO "words"."words_lists" (word_id, list_id) VALUES (2434, '7d51c35d-730a-4944-aad5-e11a29c6a491');
INSERT INTO "words"."words" (id, word, syllables, frequency, category) VALUES (2435, 'ricorrere', 4, 0.0000145, NULL);
INSERT INTO "words"."words_lists" (word_id, list_id) VALUES (2435, '7d51c35d-730a-4944-aad5-e11a29c6a491');
INSERT INTO "words"."words" (id, word, syllables, frequency, category) VALUES (2436, 'miracolo', 4, 0.0000204, NULL);
INSERT INTO "words"."words_lists" (word_id, list_id) VALUES (2436, '7d51c35d-730a-4944-aad5-e11a29c6a491');
INSERT INTO "words"."words" (id, word, syllables, frequency, category) VALUES (2437, 'incremento', 4, 0.000017, NULL);
INSERT INTO "words"."words_lists" (word_id, list_id) VALUES (2437, '7d51c35d-730a-4944-aad5-e11a29c6a491');
INSERT INTO "words"."words" (id, word, syllables, frequency, category) VALUES (2438, 'siciliano', 4, 0.000012, NULL);
INSERT INTO "words"."words_lists" (word_id, list_id) VALUES (2438, '7d51c35d-730a-4944-aad5-e11a29c6a491');
INSERT INTO "words"."words" (id, word, syllables, frequency, category) VALUES (2439, 'dibattito', 4, 0.0000347, NULL);
INSERT INTO "words"."words_lists" (word_id, list_id) VALUES (2439, '7d51c35d-730a-4944-aad5-e11a29c6a491');
INSERT INTO "words"."words" (id, word, syllables, frequency, category) VALUES (2440, 'venditore', 4, 0.0000141, NULL);
INSERT INTO "words"."words_lists" (word_id, list_id) VALUES (2440, '7d51c35d-730a-4944-aad5-e11a29c6a491');
INSERT INTO "words"."words" (id, word, syllables, frequency, category) VALUES (2441, 'letterario', 4, 0.0000162, NULL);
INSERT INTO "words"."words_lists" (word_id, list_id) VALUES (2441, '7d51c35d-730a-4944-aad5-e11a29c6a491');
INSERT INTO "words"."words" (id, word, syllables, frequency, category) VALUES (2442, 'movimento', 4, 0.000132, NULL);
INSERT INTO "words"."words_lists" (word_id, list_id) VALUES (2442, '7d51c35d-730a-4944-aad5-e11a29c6a491');
INSERT INTO "words"."words" (id, word, syllables, frequency, category) VALUES (2443, 'dominante', 4, 0.0000135, NULL);
INSERT INTO "words"."words_lists" (word_id, list_id) VALUES (2443, '7d51c35d-730a-4944-aad5-e11a29c6a491');
INSERT INTO "words"."words" (id, word, syllables, frequency, category) VALUES (2444, 'vicinanza', 4, 0.0000112, NULL);
INSERT INTO "words"."words_lists" (word_id, list_id) VALUES (2444, '7d51c35d-730a-4944-aad5-e11a29c6a491');
INSERT INTO "words"."words" (id, word, syllables, frequency, category) VALUES (2445, 'federazione', 5, 0.0000224, NULL);
INSERT INTO "words"."words_lists" (word_id, list_id) VALUES (2445, '7d51c35d-730a-4944-aad5-e11a29c6a491');
INSERT INTO "words"."words" (id, word, syllables, frequency, category) VALUES (2446, 'ambasciatore', 5, 0.0000162, NULL);
INSERT INTO "words"."words_lists" (word_id, list_id) VALUES (2446, '7d51c35d-730a-4944-aad5-e11a29c6a491');
INSERT INTO "words"."words" (id, word, syllables, frequency, category) VALUES (2447, 'appartenente', 5, 0.0000107, NULL);
INSERT INTO "words"."words_lists" (word_id, list_id) VALUES (2447, '7d51c35d-730a-4944-aad5-e11a29c6a491');
INSERT INTO "words"."words" (id, word, syllables, frequency, category) VALUES (2448, 'solidarietà', 5, 0.0000331, NULL);
INSERT INTO "words"."words_lists" (word_id, list_id) VALUES (2448, '7d51c35d-730a-4944-aad5-e11a29c6a491');
INSERT INTO "words"."lists" (id, type) VALUES ('7e585ebd-6f5e-42e3-93e1-65cffad6ce54', 'categorized');
INSERT INTO "words"."words" (id, word, syllables, frequency, category) VALUES (2449, 'punto', 2, 0.000417, NULL);
INSERT INTO "words"."words_lists" (word_id, list_id) VALUES (2449, '7e585ebd-6f5e-42e3-93e1-65cffad6ce54');
INSERT INTO "words"."words" (id, word, syllables, frequency, category) VALUES (2450, 'mostro', 2, 0.00002, NULL);
INSERT INTO "words"."words_lists" (word_id, list_id) VALUES (2450, '7e585ebd-6f5e-42e3-93e1-65cffad6ce54');
INSERT INTO "words"."words" (id, word, syllables, frequency, category) VALUES (2451, 'degno', 2, 0.0000135, NULL);
INSERT INTO "words"."words_lists" (word_id, list_id) VALUES (2451, '7e585ebd-6f5e-42e3-93e1-65cffad6ce54');
INSERT INTO "words"."words" (id, word, syllables, frequency, category) VALUES (2452, 'fare', 2, 0.00141, NULL);
INSERT INTO "words"."words_lists" (word_id, list_id) VALUES (2452, '7e585ebd-6f5e-42e3-93e1-65cffad6ce54');
INSERT INTO "words"."words" (id, word, syllables, frequency, category) VALUES (2453, 'chiaro', 2, 0.000123, NULL);
INSERT INTO "words"."words_lists" (word_id, list_id) VALUES (2453, '7e585ebd-6f5e-42e3-93e1-65cffad6ce54');
INSERT INTO "words"."words" (id, word, syllables, frequency, category) VALUES (2454, 'patto', 2, 0.0000302, NULL);
INSERT INTO "words"."words_lists" (word_id, list_id) VALUES (2454, '7e585ebd-6f5e-42e3-93e1-65cffad6ce54');
INSERT INTO "words"."words" (id, word, syllables, frequency, category) VALUES (2455, 'morto', 2, 0.00011, NULL);
INSERT INTO "words"."words_lists" (word_id, list_id) VALUES (2455, '7e585ebd-6f5e-42e3-93e1-65cffad6ce54');
INSERT INTO "words"."words" (id, word, syllables, frequency, category) VALUES (2456, 'cotta', 2, 0.0000102, NULL);
INSERT INTO "words"."words_lists" (word_id, list_id) VALUES (2456, '7e585ebd-6f5e-42e3-93e1-65cffad6ce54');
INSERT INTO "words"."words" (id, word, syllables, frequency, category) VALUES (2457, 'lavoro', 3, 0.000813, NULL);
INSERT INTO "words"."words_lists" (word_id, list_id) VALUES (2457, '7e585ebd-6f5e-42e3-93e1-65cffad6ce54');
INSERT INTO "words"."words" (id, word, syllables, frequency, category) VALUES (2458, 'distretto', 3, 0.0000417, NULL);
INSERT INTO "words"."words_lists" (word_id, list_id) VALUES (2458, '7e585ebd-6f5e-42e3-93e1-65cffad6ce54');
INSERT INTO "words"."words" (id, word, syllables, frequency, category) VALUES (2459, 'diretta', 3, 0.000107, NULL);
INSERT INTO "words"."words_lists" (word_id, list_id) VALUES (2459, '7e585ebd-6f5e-42e3-93e1-65cffad6ce54');
INSERT INTO "words"."words" (id, word, syllables, frequency, category) VALUES (2460, 'sonora', 3, 0.0000115, NULL);
INSERT INTO "words"."words_lists" (word_id, list_id) VALUES (2460, '7e585ebd-6f5e-42e3-93e1-65cffad6ce54');
INSERT INTO "words"."words" (id, word, syllables, frequency, category) VALUES (2461, 'rendersi', 3, 0.0000115, NULL);
INSERT INTO "words"."words_lists" (word_id, list_id) VALUES (2461, '7e585ebd-6f5e-42e3-93e1-65cffad6ce54');
INSERT INTO "words"."words" (id, word, syllables, frequency, category) VALUES (2462, 'andare', 3, 0.000417, NULL);
INSERT INTO "words"."words_lists" (word_id, list_id) VALUES (2462, '7e585ebd-6f5e-42e3-93e1-65cffad6ce54');
INSERT INTO "words"."words" (id, word, syllables, frequency, category) VALUES (2463, 'sconfitta', 3, 0.0000257, NULL);
INSERT INTO "words"."words_lists" (word_id, list_id) VALUES (2463, '7e585ebd-6f5e-42e3-93e1-65cffad6ce54');
INSERT INTO "words"."words" (id, word, syllables, frequency, category) VALUES (2464, 'addetto', 3, 0.0000129, NULL);
INSERT INTO "words"."words_lists" (word_id, list_id) VALUES (2464, '7e585ebd-6f5e-42e3-93e1-65cffad6ce54');
INSERT INTO "words"."words" (id, word, syllables, frequency, category) VALUES (2465, 'pubblico', 3, 0.000251, NULL);
INSERT INTO "words"."words_lists" (word_id, list_id) VALUES (2465, '7e585ebd-6f5e-42e3-93e1-65cffad6ce54');
INSERT INTO "words"."words" (id, word, syllables, frequency, category) VALUES (2466, 'colombo', 3, 0.0000126, NULL);
INSERT INTO "words"."words_lists" (word_id, list_id) VALUES (2466, '7e585ebd-6f5e-42e3-93e1-65cffad6ce54');
INSERT INTO "words"."words" (id, word, syllables, frequency, category) VALUES (2467, 'esatto', 3, 0.0000427, NULL);
INSERT INTO "words"."words_lists" (word_id, list_id) VALUES (2467, '7e585ebd-6f5e-42e3-93e1-65cffad6ce54');
INSERT INTO "words"."words" (id, word, syllables, frequency, category) VALUES (2468, 'terrestre', 3, 0.0000115, NULL);
INSERT INTO "words"."words_lists" (word_id, list_id) VALUES (2468, '7e585ebd-6f5e-42e3-93e1-65cffad6ce54');
INSERT INTO "words"."words" (id, word, syllables, frequency, category) VALUES (2469, 'debito', 3, 0.000055, NULL);
INSERT INTO "words"."words_lists" (word_id, list_id) VALUES (2469, '7e585ebd-6f5e-42e3-93e1-65cffad6ce54');
INSERT INTO "words"."words" (id, word, syllables, frequency, category) VALUES (2470, 'composta', 3, 0.0000288, NULL);
INSERT INTO "words"."words_lists" (word_id, list_id) VALUES (2470, '7e585ebd-6f5e-42e3-93e1-65cffad6ce54');
INSERT INTO "words"."words" (id, word, syllables, frequency, category) VALUES (2471, 'slogan', 3, 0.0000132, NULL);
INSERT INTO "words"."words_lists" (word_id, list_id) VALUES (2471, '7e585ebd-6f5e-42e3-93e1-65cffad6ce54');
INSERT INTO "words"."words" (id, word, syllables, frequency, category) VALUES (2472, 'pulizia', 3, 0.0000195, NULL);
INSERT INTO "words"."words_lists" (word_id, list_id) VALUES (2472, '7e585ebd-6f5e-42e3-93e1-65cffad6ce54');
INSERT INTO "words"."words" (id, word, syllables, frequency, category) VALUES (2473, 'formare', 3, 0.0000269, NULL);
INSERT INTO "words"."words_lists" (word_id, list_id) VALUES (2473, '7e585ebd-6f5e-42e3-93e1-65cffad6ce54');
INSERT INTO "words"."words" (id, word, syllables, frequency, category) VALUES (2474, 'debole', 3, 0.0000309, NULL);
INSERT INTO "words"."words_lists" (word_id, list_id) VALUES (2474, '7e585ebd-6f5e-42e3-93e1-65cffad6ce54');
INSERT INTO "words"."words" (id, word, syllables, frequency, category) VALUES (2475, 'rispetto', 3, 0.000331, NULL);
INSERT INTO "words"."words_lists" (word_id, list_id) VALUES (2475, '7e585ebd-6f5e-42e3-93e1-65cffad6ce54');
INSERT INTO "words"."words" (id, word, syllables, frequency, category) VALUES (2476, 'togliere', 3, 0.0000316, NULL);
INSERT INTO "words"."words_lists" (word_id, list_id) VALUES (2476, '7e585ebd-6f5e-42e3-93e1-65cffad6ce54');
INSERT INTO "words"."words" (id, word, syllables, frequency, category) VALUES (2477, 'soggetto', 3, 0.0000513, NULL);
INSERT INTO "words"."words_lists" (word_id, list_id) VALUES (2477, '7e585ebd-6f5e-42e3-93e1-65cffad6ce54');
INSERT INTO "words"."words" (id, word, syllables, frequency, category) VALUES (2478, 'fissare', 3, 0.0000112, NULL);
INSERT INTO "words"."words_lists" (word_id, list_id) VALUES (2478, '7e585ebd-6f5e-42e3-93e1-65cffad6ce54');
INSERT INTO "words"."words" (id, word, syllables, frequency, category) VALUES (2479, 'gestione', 3, 0.0000776, NULL);
INSERT INTO "words"."words_lists" (word_id, list_id) VALUES (2479, '7e585ebd-6f5e-42e3-93e1-65cffad6ce54');
INSERT INTO "words"."words" (id, word, syllables, frequency, category) VALUES (2480, 'abbraccio', 3, 0.0000135, NULL);
INSERT INTO "words"."words_lists" (word_id, list_id) VALUES (2480, '7e585ebd-6f5e-42e3-93e1-65cffad6ce54');
INSERT INTO "words"."words" (id, word, syllables, frequency, category) VALUES (2481, 'vestito', 3, 0.0000331, NULL);
INSERT INTO "words"."words_lists" (word_id, list_id) VALUES (2481, '7e585ebd-6f5e-42e3-93e1-65cffad6ce54');
INSERT INTO "words"."words" (id, word, syllables, frequency, category) VALUES (2482, 'soccorso', 3, 0.000038, NULL);
INSERT INTO "words"."words_lists" (word_id, list_id) VALUES (2482, '7e585ebd-6f5e-42e3-93e1-65cffad6ce54');
INSERT INTO "words"."words" (id, word, syllables, frequency, category) VALUES (2483, 'sereno', 3, 0.000011, NULL);
INSERT INTO "words"."words_lists" (word_id, list_id) VALUES (2483, '7e585ebd-6f5e-42e3-93e1-65cffad6ce54');
INSERT INTO "words"."words" (id, word, syllables, frequency, category) VALUES (2484, 'silenzio', 3, 0.0000794, NULL);
INSERT INTO "words"."words_lists" (word_id, list_id) VALUES (2484, '7e585ebd-6f5e-42e3-93e1-65cffad6ce54');
INSERT INTO "words"."words" (id, word, syllables, frequency, category) VALUES (2485, 'seduto', 3, 0.000017, NULL);
INSERT INTO "words"."words_lists" (word_id, list_id) VALUES (2485, '7e585ebd-6f5e-42e3-93e1-65cffad6ce54');
INSERT INTO "words"."words" (id, word, syllables, frequency, category) VALUES (2486, 'estate', 3, 0.0000692, NULL);
INSERT INTO "words"."words_lists" (word_id, list_id) VALUES (2486, '7e585ebd-6f5e-42e3-93e1-65cffad6ce54');
INSERT INTO "words"."words" (id, word, syllables, frequency, category) VALUES (2487, 'bloccato', 3, 0.0000295, NULL);
INSERT INTO "words"."words_lists" (word_id, list_id) VALUES (2487, '7e585ebd-6f5e-42e3-93e1-65cffad6ce54');
INSERT INTO "words"."words" (id, word, syllables, frequency, category) VALUES (2488, 'fegato', 3, 0.0000155, NULL);
INSERT INTO "words"."words_lists" (word_id, list_id) VALUES (2488, '7e585ebd-6f5e-42e3-93e1-65cffad6ce54');
INSERT INTO "words"."words" (id, word, syllables, frequency, category) VALUES (2489, 'follia', 3, 0.0000204, NULL);
INSERT INTO "words"."words_lists" (word_id, list_id) VALUES (2489, '7e585ebd-6f5e-42e3-93e1-65cffad6ce54');
INSERT INTO "words"."words" (id, word, syllables, frequency, category) VALUES (2490, 'proposto', 3, 0.0000372, NULL);
INSERT INTO "words"."words_lists" (word_id, list_id) VALUES (2490, '7e585ebd-6f5e-42e3-93e1-65cffad6ce54');
INSERT INTO "words"."words" (id, word, syllables, frequency, category) VALUES (2491, 'organismo', 4, 0.0000117, NULL);
INSERT INTO "words"."words_lists" (word_id, list_id) VALUES (2491, '7e585ebd-6f5e-42e3-93e1-65cffad6ce54');
INSERT INTO "words"."words" (id, word, syllables, frequency, category) VALUES (2492, 'periodo', 4, 0.000219, NULL);
INSERT INTO "words"."words_lists" (word_id, list_id) VALUES (2492, '7e585ebd-6f5e-42e3-93e1-65cffad6ce54');
INSERT INTO "words"."words" (id, word, syllables, frequency, category) VALUES (2493, 'individuo', 4, 0.00002, NULL);
INSERT INTO "words"."words_lists" (word_id, list_id) VALUES (2493, '7e585ebd-6f5e-42e3-93e1-65cffad6ce54');
INSERT INTO "words"."words" (id, word, syllables, frequency, category) VALUES (2494, 'ironia', 4, 0.0000186, NULL);
INSERT INTO "words"."words_lists" (word_id, list_id) VALUES (2494, '7e585ebd-6f5e-42e3-93e1-65cffad6ce54');
INSERT INTO "words"."words" (id, word, syllables, frequency, category) VALUES (2495, 'atmosfera', 4, 0.00002, NULL);
INSERT INTO "words"."words_lists" (word_id, list_id) VALUES (2495, '7e585ebd-6f5e-42e3-93e1-65cffad6ce54');
INSERT INTO "words"."words" (id, word, syllables, frequency, category) VALUES (2496, 'stabilire', 4, 0.0000269, NULL);
INSERT INTO "words"."words_lists" (word_id, list_id) VALUES (2496, '7e585ebd-6f5e-42e3-93e1-65cffad6ce54');
INSERT INTO "words"."words" (id, word, syllables, frequency, category) VALUES (2497, 'assistente', 4, 0.0000219, NULL);
INSERT INTO "words"."words_lists" (word_id, list_id) VALUES (2497, '7e585ebd-6f5e-42e3-93e1-65cffad6ce54');
INSERT INTO "words"."words" (id, word, syllables, frequency, category) VALUES (2498, 'sentimento', 4, 0.0000269, NULL);
INSERT INTO "words"."words_lists" (word_id, list_id) VALUES (2498, '7e585ebd-6f5e-42e3-93e1-65cffad6ce54');
INSERT INTO "words"."words" (id, word, syllables, frequency, category) VALUES (2499, 'liberare', 4, 0.0000151, NULL);
INSERT INTO "words"."words_lists" (word_id, list_id) VALUES (2499, '7e585ebd-6f5e-42e3-93e1-65cffad6ce54');
INSERT INTO "words"."words" (id, word, syllables, frequency, category) VALUES (2500, 'ragionare', 4, 0.00001, NULL);
INSERT INTO "words"."words_lists" (word_id, list_id) VALUES (2500, '7e585ebd-6f5e-42e3-93e1-65cffad6ce54');
INSERT INTO "words"."words" (id, word, syllables, frequency, category) VALUES (2501, 'armonia', 4, 0.0000129, NULL);
INSERT INTO "words"."words_lists" (word_id, list_id) VALUES (2501, '7e585ebd-6f5e-42e3-93e1-65cffad6ce54');
INSERT INTO "words"."words" (id, word, syllables, frequency, category) VALUES (2502, 'preparato', 4, 0.0000251, NULL);
INSERT INTO "words"."words_lists" (word_id, list_id) VALUES (2502, '7e585ebd-6f5e-42e3-93e1-65cffad6ce54');
INSERT INTO "words"."words" (id, word, syllables, frequency, category) VALUES (2503, 'assistito', 4, 0.0000148, NULL);
INSERT INTO "words"."words_lists" (word_id, list_id) VALUES (2503, '7e585ebd-6f5e-42e3-93e1-65cffad6ce54');
INSERT INTO "words"."words" (id, word, syllables, frequency, category) VALUES (2504, 'fallimento', 4, 0.0000331, NULL);
INSERT INTO "words"."words_lists" (word_id, list_id) VALUES (2504, '7e585ebd-6f5e-42e3-93e1-65cffad6ce54');
INSERT INTO "words"."words" (id, word, syllables, frequency, category) VALUES (2505, 'musicale', 4, 0.0000398, NULL);
INSERT INTO "words"."words_lists" (word_id, list_id) VALUES (2505, '7e585ebd-6f5e-42e3-93e1-65cffad6ce54');
INSERT INTO "words"."words" (id, word, syllables, frequency, category) VALUES (2506, 'alternativa', 5, 0.000038, NULL);
INSERT INTO "words"."words_lists" (word_id, list_id) VALUES (2506, '7e585ebd-6f5e-42e3-93e1-65cffad6ce54');
INSERT INTO "words"."words" (id, word, syllables, frequency, category) VALUES (2507, 'risoluzione', 5, 0.0000288, NULL);
INSERT INTO "words"."words_lists" (word_id, list_id) VALUES (2507, '7e585ebd-6f5e-42e3-93e1-65cffad6ce54');
INSERT INTO "words"."words" (id, word, syllables, frequency, category) VALUES (2508, 'navigazione', 5, 0.0000178, NULL);
INSERT INTO "words"."words_lists" (word_id, list_id) VALUES (2508, '7e585ebd-6f5e-42e3-93e1-65cffad6ce54');
INSERT INTO "words"."words" (id, word, syllables, frequency, category) VALUES (2509, 'segreteria', 5, 0.0000148, NULL);
INSERT INTO "words"."words_lists" (word_id, list_id) VALUES (2509, '7e585ebd-6f5e-42e3-93e1-65cffad6ce54');
INSERT INTO "words"."words" (id, word, syllables, frequency, category) VALUES (2510, 'occidentale', 5, 0.000055, NULL);
INSERT INTO "words"."words_lists" (word_id, list_id) VALUES (2510, '7e585ebd-6f5e-42e3-93e1-65cffad6ce54');
INSERT INTO "words"."words" (id, word, syllables, frequency, category) VALUES (2511, 'corrispondente', 5, 0.0000204, NULL);
INSERT INTO "words"."words_lists" (word_id, list_id) VALUES (2511, '7e585ebd-6f5e-42e3-93e1-65cffad6ce54');
INSERT INTO "words"."words" (id, word, syllables, frequency, category) VALUES (2512, 'ragionamento', 5, 0.0000132, NULL);
INSERT INTO "words"."words_lists" (word_id, list_id) VALUES (2512, '7e585ebd-6f5e-42e3-93e1-65cffad6ce54');
INSERT INTO "words"."lists" (id, type) VALUES ('aa179ebe-ee0e-4ee4-a90a-5c1bea3d0450', 'categorized');
INSERT INTO "words"."words" (id, word, syllables, frequency, category) VALUES (2513, 'volta', 2, 0.000741, NULL);
INSERT INTO "words"."words_lists" (word_id, list_id) VALUES (2513, 'aa179ebe-ee0e-4ee4-a90a-5c1bea3d0450');
INSERT INTO "words"."words" (id, word, syllables, frequency, category) VALUES (2514, 'pronto', 2, 0.0000776, NULL);
INSERT INTO "words"."words_lists" (word_id, list_id) VALUES (2514, 'aa179ebe-ee0e-4ee4-a90a-5c1bea3d0450');
INSERT INTO "words"."words" (id, word, syllables, frequency, category) VALUES (2515, 'stima', 2, 0.0000347, NULL);
INSERT INTO "words"."words_lists" (word_id, list_id) VALUES (2515, 'aa179ebe-ee0e-4ee4-a90a-5c1bea3d0450');
INSERT INTO "words"."words" (id, word, syllables, frequency, category) VALUES (2516, 'mente', 2, 0.000158, NULL);
INSERT INTO "words"."words_lists" (word_id, list_id) VALUES (2516, 'aa179ebe-ee0e-4ee4-a90a-5c1bea3d0450');
INSERT INTO "words"."words" (id, word, syllables, frequency, category) VALUES (2517, 'nove', 2, 0.0000479, NULL);
INSERT INTO "words"."words_lists" (word_id, list_id) VALUES (2517, 'aa179ebe-ee0e-4ee4-a90a-5c1bea3d0450');
INSERT INTO "words"."words" (id, word, syllables, frequency, category) VALUES (2518, 'sesso', 2, 0.000126, NULL);
INSERT INTO "words"."words_lists" (word_id, list_id) VALUES (2518, 'aa179ebe-ee0e-4ee4-a90a-5c1bea3d0450');
INSERT INTO "words"."words" (id, word, syllables, frequency, category) VALUES (2519, 'mago', 2, 0.0000107, NULL);
INSERT INTO "words"."words_lists" (word_id, list_id) VALUES (2519, 'aa179ebe-ee0e-4ee4-a90a-5c1bea3d0450');
INSERT INTO "words"."words" (id, word, syllables, frequency, category) VALUES (2520, 'Juventus', 2, 0.0000138, NULL);
INSERT INTO "words"."words_lists" (word_id, list_id) VALUES (2520, 'aa179ebe-ee0e-4ee4-a90a-5c1bea3d0450');
INSERT INTO "words"."words" (id, word, syllables, frequency, category) VALUES (2521, 'gesto', 2, 0.0000339, NULL);
INSERT INTO "words"."words_lists" (word_id, list_id) VALUES (2521, 'aa179ebe-ee0e-4ee4-a90a-5c1bea3d0450');
INSERT INTO "words"."words" (id, word, syllables, frequency, category) VALUES (2522, 'scuro', 2, 0.0000132, NULL);
INSERT INTO "words"."words_lists" (word_id, list_id) VALUES (2522, 'aa179ebe-ee0e-4ee4-a90a-5c1bea3d0450');
INSERT INTO "words"."words" (id, word, syllables, frequency, category) VALUES (2523, 'teste', 2, 0.0000224, NULL);
INSERT INTO "words"."words_lists" (word_id, list_id) VALUES (2523, 'aa179ebe-ee0e-4ee4-a90a-5c1bea3d0450');
INSERT INTO "words"."words" (id, word, syllables, frequency, category) VALUES (2524, 'lento', 2, 0.0000166, NULL);
INSERT INTO "words"."words_lists" (word_id, list_id) VALUES (2524, 'aa179ebe-ee0e-4ee4-a90a-5c1bea3d0450');
INSERT INTO "words"."words" (id, word, syllables, frequency, category) VALUES (2525, 'tipo', 2, 0.000417, NULL);
INSERT INTO "words"."words_lists" (word_id, list_id) VALUES (2525, 'aa179ebe-ee0e-4ee4-a90a-5c1bea3d0450');
INSERT INTO "words"."words" (id, word, syllables, frequency, category) VALUES (2526, 'cosa', 2, 0.00158, NULL);
INSERT INTO "words"."words_lists" (word_id, list_id) VALUES (2526, 'aa179ebe-ee0e-4ee4-a90a-5c1bea3d0450');
INSERT INTO "words"."words" (id, word, syllables, frequency, category) VALUES (2527, 'fibra', 2, 0.0000123, NULL);
INSERT INTO "words"."words_lists" (word_id, list_id) VALUES (2527, 'aa179ebe-ee0e-4ee4-a90a-5c1bea3d0450');
INSERT INTO "words"."words" (id, word, syllables, frequency, category) VALUES (2528, 'domanda', 3, 0.000195, NULL);
INSERT INTO "words"."words_lists" (word_id, list_id) VALUES (2528, 'aa179ebe-ee0e-4ee4-a90a-5c1bea3d0450');
INSERT INTO "words"."words" (id, word, syllables, frequency, category) VALUES (2529, 'scrittura', 3, 0.0000339, NULL);
INSERT INTO "words"."words_lists" (word_id, list_id) VALUES (2529, 'aa179ebe-ee0e-4ee4-a90a-5c1bea3d0450');
INSERT INTO "words"."words" (id, word, syllables, frequency, category) VALUES (2530, 'colloquio', 3, 0.0000162, NULL);
INSERT INTO "words"."words_lists" (word_id, list_id) VALUES (2530, 'aa179ebe-ee0e-4ee4-a90a-5c1bea3d0450');
INSERT INTO "words"."words" (id, word, syllables, frequency, category) VALUES (2531, 'certezza', 3, 0.0000275, NULL);
INSERT INTO "words"."words_lists" (word_id, list_id) VALUES (2531, 'aa179ebe-ee0e-4ee4-a90a-5c1bea3d0450');
INSERT INTO "words"."words" (id, word, syllables, frequency, category) VALUES (2532, 'attuale', 3, 0.0000912, NULL);
INSERT INTO "words"."words_lists" (word_id, list_id) VALUES (2532, 'aa179ebe-ee0e-4ee4-a90a-5c1bea3d0450');
INSERT INTO "words"."words" (id, word, syllables, frequency, category) VALUES (2533, 'mestiere', 3, 0.0000174, NULL);
INSERT INTO "words"."words_lists" (word_id, list_id) VALUES (2533, 'aa179ebe-ee0e-4ee4-a90a-5c1bea3d0450');
INSERT INTO "words"."words" (id, word, syllables, frequency, category) VALUES (2534, 'sonora', 3, 0.0000115, NULL);
INSERT INTO "words"."words_lists" (word_id, list_id) VALUES (2534, 'aa179ebe-ee0e-4ee4-a90a-5c1bea3d0450');
INSERT INTO "words"."words" (id, word, syllables, frequency, category) VALUES (2535, 'corrente', 3, 0.0000603, NULL);
INSERT INTO "words"."words_lists" (word_id, list_id) VALUES (2535, 'aa179ebe-ee0e-4ee4-a90a-5c1bea3d0450');
INSERT INTO "words"."words" (id, word, syllables, frequency, category) VALUES (2536, 'nipote', 3, 0.0000275, NULL);
INSERT INTO "words"."words_lists" (word_id, list_id) VALUES (2536, 'aa179ebe-ee0e-4ee4-a90a-5c1bea3d0450');
INSERT INTO "words"."words" (id, word, syllables, frequency, category) VALUES (2537, 'turismo', 3, 0.0000389, NULL);
INSERT INTO "words"."words_lists" (word_id, list_id) VALUES (2537, 'aa179ebe-ee0e-4ee4-a90a-5c1bea3d0450');
INSERT INTO "words"."words" (id, word, syllables, frequency, category) VALUES (2538, 'reale', 3, 0.000126, NULL);
INSERT INTO "words"."words_lists" (word_id, list_id) VALUES (2538, 'aa179ebe-ee0e-4ee4-a90a-5c1bea3d0450');
INSERT INTO "words"."words" (id, word, syllables, frequency, category) VALUES (2539, 'rottura', 3, 0.0000204, NULL);
INSERT INTO "words"."words_lists" (word_id, list_id) VALUES (2539, 'aa179ebe-ee0e-4ee4-a90a-5c1bea3d0450');
INSERT INTO "words"."words" (id, word, syllables, frequency, category) VALUES (2540, 'eletto', 3, 0.0000372, NULL);
INSERT INTO "words"."words_lists" (word_id, list_id) VALUES (2540, 'aa179ebe-ee0e-4ee4-a90a-5c1bea3d0450');
INSERT INTO "words"."words" (id, word, syllables, frequency, category) VALUES (2541, 'vincente', 3, 0.000011, NULL);
INSERT INTO "words"."words_lists" (word_id, list_id) VALUES (2541, 'aa179ebe-ee0e-4ee4-a90a-5c1bea3d0450');
INSERT INTO "words"."words" (id, word, syllables, frequency, category) VALUES (2542, 'provincia', 3, 0.000135, NULL);
INSERT INTO "words"."words_lists" (word_id, list_id) VALUES (2542, 'aa179ebe-ee0e-4ee4-a90a-5c1bea3d0450');
INSERT INTO "words"."words" (id, word, syllables, frequency, category) VALUES (2543, 'razzismo', 3, 0.0000316, NULL);
INSERT INTO "words"."words_lists" (word_id, list_id) VALUES (2543, 'aa179ebe-ee0e-4ee4-a90a-5c1bea3d0450');
INSERT INTO "words"."words" (id, word, syllables, frequency, category) VALUES (2544, 'montaggio', 3, 0.0000107, NULL);
INSERT INTO "words"."words_lists" (word_id, list_id) VALUES (2544, 'aa179ebe-ee0e-4ee4-a90a-5c1bea3d0450');
INSERT INTO "words"."words" (id, word, syllables, frequency, category) VALUES (2545, 'degrado', 3, 0.0000107, NULL);
INSERT INTO "words"."words_lists" (word_id, list_id) VALUES (2545, 'aa179ebe-ee0e-4ee4-a90a-5c1bea3d0450');
INSERT INTO "words"."words" (id, word, syllables, frequency, category) VALUES (2546, 'settore', 3, 0.000105, NULL);
INSERT INTO "words"."words_lists" (word_id, list_id) VALUES (2546, 'aa179ebe-ee0e-4ee4-a90a-5c1bea3d0450');
INSERT INTO "words"."words" (id, word, syllables, frequency, category) VALUES (2547, 'stagione', 3, 0.000129, NULL);
INSERT INTO "words"."words_lists" (word_id, list_id) VALUES (2547, 'aa179ebe-ee0e-4ee4-a90a-5c1bea3d0450');
INSERT INTO "words"."words" (id, word, syllables, frequency, category) VALUES (2548, 'funzione', 3, 0.0000813, NULL);
INSERT INTO "words"."words_lists" (word_id, list_id) VALUES (2548, 'aa179ebe-ee0e-4ee4-a90a-5c1bea3d0450');
INSERT INTO "words"."words" (id, word, syllables, frequency, category) VALUES (2549, 'promosso', 3, 0.00002, NULL);
INSERT INTO "words"."words_lists" (word_id, list_id) VALUES (2549, 'aa179ebe-ee0e-4ee4-a90a-5c1bea3d0450');
INSERT INTO "words"."words" (id, word, syllables, frequency, category) VALUES (2550, 'impianto', 3, 0.0000282, NULL);
INSERT INTO "words"."words_lists" (word_id, list_id) VALUES (2550, 'aa179ebe-ee0e-4ee4-a90a-5c1bea3d0450');
INSERT INTO "words"."words" (id, word, syllables, frequency, category) VALUES (2551, 'agire', 3, 0.0000316, NULL);
INSERT INTO "words"."words_lists" (word_id, list_id) VALUES (2551, 'aa179ebe-ee0e-4ee4-a90a-5c1bea3d0450');
INSERT INTO "words"."words" (id, word, syllables, frequency, category) VALUES (2552, 'contare', 3, 0.0000295, NULL);
INSERT INTO "words"."words_lists" (word_id, list_id) VALUES (2552, 'aa179ebe-ee0e-4ee4-a90a-5c1bea3d0450');
INSERT INTO "words"."words" (id, word, syllables, frequency, category) VALUES (2553, 'confronto', 3, 0.0000617, NULL);
INSERT INTO "words"."words_lists" (word_id, list_id) VALUES (2553, 'aa179ebe-ee0e-4ee4-a90a-5c1bea3d0450');
INSERT INTO "words"."words" (id, word, syllables, frequency, category) VALUES (2554, 'puntare', 3, 0.000012, NULL);
INSERT INTO "words"."words_lists" (word_id, list_id) VALUES (2554, 'aa179ebe-ee0e-4ee4-a90a-5c1bea3d0450');
INSERT INTO "words"."words" (id, word, syllables, frequency, category) VALUES (2555, 'trentino', 3, 0.0000141, NULL);
INSERT INTO "words"."words_lists" (word_id, list_id) VALUES (2555, 'aa179ebe-ee0e-4ee4-a90a-5c1bea3d0450');
INSERT INTO "words"."words" (id, word, syllables, frequency, category) VALUES (2556, 'mondiali', 3, 0.000038, NULL);
INSERT INTO "words"."words_lists" (word_id, list_id) VALUES (2556, 'aa179ebe-ee0e-4ee4-a90a-5c1bea3d0450');
INSERT INTO "words"."words" (id, word, syllables, frequency, category) VALUES (2557, 'progetto', 3, 0.000224, NULL);
INSERT INTO "words"."words_lists" (word_id, list_id) VALUES (2557, 'aa179ebe-ee0e-4ee4-a90a-5c1bea3d0450');
INSERT INTO "words"."words" (id, word, syllables, frequency, category) VALUES (2558, 'ancora', 3, 0.00117, NULL);
INSERT INTO "words"."words_lists" (word_id, list_id) VALUES (2558, 'aa179ebe-ee0e-4ee4-a90a-5c1bea3d0450');
INSERT INTO "words"."words" (id, word, syllables, frequency, category) VALUES (2559, 'teoria', 4, 0.0000708, NULL);
INSERT INTO "words"."words_lists" (word_id, list_id) VALUES (2559, 'aa179ebe-ee0e-4ee4-a90a-5c1bea3d0450');
INSERT INTO "words"."words" (id, word, syllables, frequency, category) VALUES (2560, 'mobilità', 4, 0.0000155, NULL);
INSERT INTO "words"."words_lists" (word_id, list_id) VALUES (2560, 'aa179ebe-ee0e-4ee4-a90a-5c1bea3d0450');
INSERT INTO "words"."words" (id, word, syllables, frequency, category) VALUES (2561, 'sentimento', 4, 0.0000269, NULL);
INSERT INTO "words"."words_lists" (word_id, list_id) VALUES (2561, 'aa179ebe-ee0e-4ee4-a90a-5c1bea3d0450');
INSERT INTO "words"."words" (id, word, syllables, frequency, category) VALUES (2562, 'evidenza', 4, 0.0000257, NULL);
INSERT INTO "words"."words_lists" (word_id, list_id) VALUES (2562, 'aa179ebe-ee0e-4ee4-a90a-5c1bea3d0450');
INSERT INTO "words"."words" (id, word, syllables, frequency, category) VALUES (2563, 'maratona', 4, 0.0000117, NULL);
INSERT INTO "words"."words_lists" (word_id, list_id) VALUES (2563, 'aa179ebe-ee0e-4ee4-a90a-5c1bea3d0450');
INSERT INTO "words"."words" (id, word, syllables, frequency, category) VALUES (2564, 'spazzatura', 4, 0.0000174, NULL);
INSERT INTO "words"."words_lists" (word_id, list_id) VALUES (2564, 'aa179ebe-ee0e-4ee4-a90a-5c1bea3d0450');
INSERT INTO "words"."words" (id, word, syllables, frequency, category) VALUES (2565, 'disperato', 4, 0.000012, NULL);
INSERT INTO "words"."words_lists" (word_id, list_id) VALUES (2565, 'aa179ebe-ee0e-4ee4-a90a-5c1bea3d0450');
INSERT INTO "words"."words" (id, word, syllables, frequency, category) VALUES (2566, 'confusione', 4, 0.000024, NULL);
INSERT INTO "words"."words_lists" (word_id, list_id) VALUES (2566, 'aa179ebe-ee0e-4ee4-a90a-5c1bea3d0450');
INSERT INTO "words"."words" (id, word, syllables, frequency, category) VALUES (2567, 'orgoglioso', 4, 0.000012, NULL);
INSERT INTO "words"."words_lists" (word_id, list_id) VALUES (2567, 'aa179ebe-ee0e-4ee4-a90a-5c1bea3d0450');
INSERT INTO "words"."words" (id, word, syllables, frequency, category) VALUES (2568, 'eleganza', 4, 0.0000102, NULL);
INSERT INTO "words"."words_lists" (word_id, list_id) VALUES (2568, 'aa179ebe-ee0e-4ee4-a90a-5c1bea3d0450');
INSERT INTO "words"."words" (id, word, syllables, frequency, category) VALUES (2569, 'svolgimento', 4, 0.0000166, NULL);
INSERT INTO "words"."words_lists" (word_id, list_id) VALUES (2569, 'aa179ebe-ee0e-4ee4-a90a-5c1bea3d0450');
INSERT INTO "words"."words" (id, word, syllables, frequency, category) VALUES (2570, 'avviato', 4, 0.0000115, NULL);
INSERT INTO "words"."words_lists" (word_id, list_id) VALUES (2570, 'aa179ebe-ee0e-4ee4-a90a-5c1bea3d0450');
INSERT INTO "words"."words" (id, word, syllables, frequency, category) VALUES (2571, 'specialità', 4, 0.0000112, NULL);
INSERT INTO "words"."words_lists" (word_id, list_id) VALUES (2571, 'aa179ebe-ee0e-4ee4-a90a-5c1bea3d0450');
INSERT INTO "words"."words" (id, word, syllables, frequency, category) VALUES (2572, 'consulenza', 4, 0.0000126, NULL);
INSERT INTO "words"."words_lists" (word_id, list_id) VALUES (2572, 'aa179ebe-ee0e-4ee4-a90a-5c1bea3d0450');
INSERT INTO "words"."words" (id, word, syllables, frequency, category) VALUES (2573, 'portoghese', 4, 0.0000148, NULL);
INSERT INTO "words"."words_lists" (word_id, list_id) VALUES (2573, 'aa179ebe-ee0e-4ee4-a90a-5c1bea3d0450');
INSERT INTO "words"."words" (id, word, syllables, frequency, category) VALUES (2574, 'razionale', 4, 0.0000129, NULL);
INSERT INTO "words"."words_lists" (word_id, list_id) VALUES (2574, 'aa179ebe-ee0e-4ee4-a90a-5c1bea3d0450');
INSERT INTO "words"."words" (id, word, syllables, frequency, category) VALUES (2575, 'funzionare', 4, 0.0000229, NULL);
INSERT INTO "words"."words_lists" (word_id, list_id) VALUES (2575, 'aa179ebe-ee0e-4ee4-a90a-5c1bea3d0450');
INSERT INTO "words"."words" (id, word, syllables, frequency, category) VALUES (2576, 'elementare', 5, 0.0000174, NULL);
INSERT INTO "words"."words_lists" (word_id, list_id) VALUES (2576, 'aa179ebe-ee0e-4ee4-a90a-5c1bea3d0450');
INSERT INTO "words"."lists" (id, type) VALUES ('a2d4e1da-2fe5-46e9-a787-722ddbf3c67a', 'categorized');
INSERT INTO "words"."words" (id, word, syllables, frequency, category) VALUES (2577, 'rame', 2, 0.0000115, NULL);
INSERT INTO "words"."words_lists" (word_id, list_id) VALUES (2577, 'a2d4e1da-2fe5-46e9-a787-722ddbf3c67a');
INSERT INTO "words"."words" (id, word, syllables, frequency, category) VALUES (2578, 'paga', 2, 0.0000398, NULL);
INSERT INTO "words"."words_lists" (word_id, list_id) VALUES (2578, 'a2d4e1da-2fe5-46e9-a787-722ddbf3c67a');
INSERT INTO "words"."words" (id, word, syllables, frequency, category) VALUES (2579, 'Liguria', 2, 0.0000155, NULL);
INSERT INTO "words"."words_lists" (word_id, list_id) VALUES (2579, 'a2d4e1da-2fe5-46e9-a787-722ddbf3c67a');
INSERT INTO "words"."words" (id, word, syllables, frequency, category) VALUES (2580, 'strage', 2, 0.0000145, NULL);
INSERT INTO "words"."words_lists" (word_id, list_id) VALUES (2580, 'a2d4e1da-2fe5-46e9-a787-722ddbf3c67a');
INSERT INTO "words"."words" (id, word, syllables, frequency, category) VALUES (2581, 'classe', 2, 0.000155, NULL);
INSERT INTO "words"."words_lists" (word_id, list_id) VALUES (2581, 'a2d4e1da-2fe5-46e9-a787-722ddbf3c67a');
INSERT INTO "words"."words" (id, word, syllables, frequency, category) VALUES (2582, 'terzo', 2, 0.000126, NULL);
INSERT INTO "words"."words_lists" (word_id, list_id) VALUES (2582, 'a2d4e1da-2fe5-46e9-a787-722ddbf3c67a');
INSERT INTO "words"."words" (id, word, syllables, frequency, category) VALUES (2583, 'villa', 2, 0.0000575, NULL);
INSERT INTO "words"."words_lists" (word_id, list_id) VALUES (2583, 'a2d4e1da-2fe5-46e9-a787-722ddbf3c67a');
INSERT INTO "words"."words" (id, word, syllables, frequency, category) VALUES (2584, 'lana', 2, 0.0000148, NULL);
INSERT INTO "words"."words_lists" (word_id, list_id) VALUES (2584, 'a2d4e1da-2fe5-46e9-a787-722ddbf3c67a');
INSERT INTO "words"."words" (id, word, syllables, frequency, category) VALUES (2585, 'bel', 2, 0.000141, NULL);
INSERT INTO "words"."words_lists" (word_id, list_id) VALUES (2585, 'a2d4e1da-2fe5-46e9-a787-722ddbf3c67a');
INSERT INTO "words"."words" (id, word, syllables, frequency, category) VALUES (2586, 'odio', 2, 0.0000832, NULL);
INSERT INTO "words"."words_lists" (word_id, list_id) VALUES (2586, 'a2d4e1da-2fe5-46e9-a787-722ddbf3c67a');
INSERT INTO "words"."words" (id, word, syllables, frequency, category) VALUES (2587, 'pepe', 2, 0.0000112, NULL);
INSERT INTO "words"."words_lists" (word_id, list_id) VALUES (2587, 'a2d4e1da-2fe5-46e9-a787-722ddbf3c67a');
INSERT INTO "words"."words" (id, word, syllables, frequency, category) VALUES (2588, 'babbo', 2, 0.0000126, NULL);
INSERT INTO "words"."words_lists" (word_id, list_id) VALUES (2588, 'a2d4e1da-2fe5-46e9-a787-722ddbf3c67a');
INSERT INTO "words"."words" (id, word, syllables, frequency, category) VALUES (2589, 'salto', 2, 0.0000275, NULL);
INSERT INTO "words"."words_lists" (word_id, list_id) VALUES (2589, 'a2d4e1da-2fe5-46e9-a787-722ddbf3c67a');
INSERT INTO "words"."words" (id, word, syllables, frequency, category) VALUES (2590, 'olio', 2, 0.0000479, NULL);
INSERT INTO "words"."words_lists" (word_id, list_id) VALUES (2590, 'a2d4e1da-2fe5-46e9-a787-722ddbf3c67a');
INSERT INTO "words"."words" (id, word, syllables, frequency, category) VALUES (2591, 'marco', 2, 0.0000776, NULL);
INSERT INTO "words"."words_lists" (word_id, list_id) VALUES (2591, 'a2d4e1da-2fe5-46e9-a787-722ddbf3c67a');
INSERT INTO "words"."words" (id, word, syllables, frequency, category) VALUES (2592, 'libro', 2, 0.000229, NULL);
INSERT INTO "words"."words_lists" (word_id, list_id) VALUES (2592, 'a2d4e1da-2fe5-46e9-a787-722ddbf3c67a');
INSERT INTO "words"."words" (id, word, syllables, frequency, category) VALUES (2593, 'alfa', 2, 0.000011, NULL);
INSERT INTO "words"."words_lists" (word_id, list_id) VALUES (2593, 'a2d4e1da-2fe5-46e9-a787-722ddbf3c67a');
INSERT INTO "words"."words" (id, word, syllables, frequency, category) VALUES (2594, 'nipote', 3, 0.0000275, NULL);
INSERT INTO "words"."words_lists" (word_id, list_id) VALUES (2594, 'a2d4e1da-2fe5-46e9-a787-722ddbf3c67a');
INSERT INTO "words"."words" (id, word, syllables, frequency, category) VALUES (2595, 'esposto', 3, 0.0000166, NULL);
INSERT INTO "words"."words_lists" (word_id, list_id) VALUES (2595, 'a2d4e1da-2fe5-46e9-a787-722ddbf3c67a');
INSERT INTO "words"."words" (id, word, syllables, frequency, category) VALUES (2596, 'partenza', 3, 0.0000501, NULL);
INSERT INTO "words"."words_lists" (word_id, list_id) VALUES (2596, 'a2d4e1da-2fe5-46e9-a787-722ddbf3c67a');
INSERT INTO "words"."words" (id, word, syllables, frequency, category) VALUES (2597, 'inverno', 3, 0.0000339, NULL);
INSERT INTO "words"."words_lists" (word_id, list_id) VALUES (2597, 'a2d4e1da-2fe5-46e9-a787-722ddbf3c67a');
INSERT INTO "words"."words" (id, word, syllables, frequency, category) VALUES (2598, 'contea', 3, 0.0000126, NULL);
INSERT INTO "words"."words_lists" (word_id, list_id) VALUES (2598, 'a2d4e1da-2fe5-46e9-a787-722ddbf3c67a');
INSERT INTO "words"."words" (id, word, syllables, frequency, category) VALUES (2599, 'terreno', 3, 0.000055, NULL);
INSERT INTO "words"."words_lists" (word_id, list_id) VALUES (2599, 'a2d4e1da-2fe5-46e9-a787-722ddbf3c67a');
INSERT INTO "words"."words" (id, word, syllables, frequency, category) VALUES (2600, 'nazista', 3, 0.000012, NULL);
INSERT INTO "words"."words_lists" (word_id, list_id) VALUES (2600, 'a2d4e1da-2fe5-46e9-a787-722ddbf3c67a');
INSERT INTO "words"."words" (id, word, syllables, frequency, category) VALUES (2601, 'moderno', 3, 0.0000316, NULL);
INSERT INTO "words"."words_lists" (word_id, list_id) VALUES (2601, 'a2d4e1da-2fe5-46e9-a787-722ddbf3c67a');
INSERT INTO "words"."words" (id, word, syllables, frequency, category) VALUES (2602, 'potente', 3, 0.0000447, NULL);
INSERT INTO "words"."words_lists" (word_id, list_id) VALUES (2602, 'a2d4e1da-2fe5-46e9-a787-722ddbf3c67a');
INSERT INTO "words"."words" (id, word, syllables, frequency, category) VALUES (2603, 'regalo', 3, 0.0000437, NULL);
INSERT INTO "words"."words_lists" (word_id, list_id) VALUES (2603, 'a2d4e1da-2fe5-46e9-a787-722ddbf3c67a');
INSERT INTO "words"."words" (id, word, syllables, frequency, category) VALUES (2604, 'augusto', 3, 0.0000129, NULL);
INSERT INTO "words"."words_lists" (word_id, list_id) VALUES (2604, 'a2d4e1da-2fe5-46e9-a787-722ddbf3c67a');
INSERT INTO "words"."words" (id, word, syllables, frequency, category) VALUES (2605, 'padrone', 3, 0.0000269, NULL);
INSERT INTO "words"."words_lists" (word_id, list_id) VALUES (2605, 'a2d4e1da-2fe5-46e9-a787-722ddbf3c67a');
INSERT INTO "words"."words" (id, word, syllables, frequency, category) VALUES (2606, 'rapida', 3, 0.0000219, NULL);
INSERT INTO "words"."words_lists" (word_id, list_id) VALUES (2606, 'a2d4e1da-2fe5-46e9-a787-722ddbf3c67a');
INSERT INTO "words"."words" (id, word, syllables, frequency, category) VALUES (2607, 'lezione', 3, 0.0000525, NULL);
INSERT INTO "words"."words_lists" (word_id, list_id) VALUES (2607, 'a2d4e1da-2fe5-46e9-a787-722ddbf3c67a');
INSERT INTO "words"."words" (id, word, syllables, frequency, category) VALUES (2608, 'invio', 3, 0.0000126, NULL);
INSERT INTO "words"."words_lists" (word_id, list_id) VALUES (2608, 'a2d4e1da-2fe5-46e9-a787-722ddbf3c67a');
INSERT INTO "words"."words" (id, word, syllables, frequency, category) VALUES (2609, 'archivio', 3, 0.000024, NULL);
INSERT INTO "words"."words_lists" (word_id, list_id) VALUES (2609, 'a2d4e1da-2fe5-46e9-a787-722ddbf3c67a');
INSERT INTO "words"."words" (id, word, syllables, frequency, category) VALUES (2610, 'solido', 3, 0.0000107, NULL);
INSERT INTO "words"."words_lists" (word_id, list_id) VALUES (2610, 'a2d4e1da-2fe5-46e9-a787-722ddbf3c67a');
INSERT INTO "words"."words" (id, word, syllables, frequency, category) VALUES (2611, 'mattina', 3, 0.000105, NULL);
INSERT INTO "words"."words_lists" (word_id, list_id) VALUES (2611, 'a2d4e1da-2fe5-46e9-a787-722ddbf3c67a');
INSERT INTO "words"."words" (id, word, syllables, frequency, category) VALUES (2612, 'rendersi', 3, 0.0000115, NULL);
INSERT INTO "words"."words_lists" (word_id, list_id) VALUES (2612, 'a2d4e1da-2fe5-46e9-a787-722ddbf3c67a');
INSERT INTO "words"."words" (id, word, syllables, frequency, category) VALUES (2613, 'inferno', 3, 0.0000174, NULL);
INSERT INTO "words"."words_lists" (word_id, list_id) VALUES (2613, 'a2d4e1da-2fe5-46e9-a787-722ddbf3c67a');
INSERT INTO "words"."words" (id, word, syllables, frequency, category) VALUES (2614, 'ridurre', 3, 0.0000417, NULL);
INSERT INTO "words"."words_lists" (word_id, list_id) VALUES (2614, 'a2d4e1da-2fe5-46e9-a787-722ddbf3c67a');
INSERT INTO "words"."words" (id, word, syllables, frequency, category) VALUES (2615, 'quindici', 3, 0.0000219, NULL);
INSERT INTO "words"."words_lists" (word_id, list_id) VALUES (2615, 'a2d4e1da-2fe5-46e9-a787-722ddbf3c67a');
INSERT INTO "words"."words" (id, word, syllables, frequency, category) VALUES (2616, 'entità', 3, 0.000024, NULL);
INSERT INTO "words"."words_lists" (word_id, list_id) VALUES (2616, 'a2d4e1da-2fe5-46e9-a787-722ddbf3c67a');
INSERT INTO "words"."words" (id, word, syllables, frequency, category) VALUES (2617, 'idiota', 3, 0.0000219, NULL);
INSERT INTO "words"."words_lists" (word_id, list_id) VALUES (2617, 'a2d4e1da-2fe5-46e9-a787-722ddbf3c67a');
INSERT INTO "words"."words" (id, word, syllables, frequency, category) VALUES (2618, 'pubblico', 3, 0.000251, NULL);
INSERT INTO "words"."words_lists" (word_id, list_id) VALUES (2618, 'a2d4e1da-2fe5-46e9-a787-722ddbf3c67a');
INSERT INTO "words"."words" (id, word, syllables, frequency, category) VALUES (2619, 'stazione', 3, 0.0000741, NULL);
INSERT INTO "words"."words_lists" (word_id, list_id) VALUES (2619, 'a2d4e1da-2fe5-46e9-a787-722ddbf3c67a');
INSERT INTO "words"."words" (id, word, syllables, frequency, category) VALUES (2620, 'miniera', 3, 0.0000105, NULL);
INSERT INTO "words"."words_lists" (word_id, list_id) VALUES (2620, 'a2d4e1da-2fe5-46e9-a787-722ddbf3c67a');
INSERT INTO "words"."words" (id, word, syllables, frequency, category) VALUES (2621, 'ospite', 3, 0.0000275, NULL);
INSERT INTO "words"."words_lists" (word_id, list_id) VALUES (2621, 'a2d4e1da-2fe5-46e9-a787-722ddbf3c67a');
INSERT INTO "words"."words" (id, word, syllables, frequency, category) VALUES (2622, 'pistola', 3, 0.0000219, NULL);
INSERT INTO "words"."words_lists" (word_id, list_id) VALUES (2622, 'a2d4e1da-2fe5-46e9-a787-722ddbf3c67a');
INSERT INTO "words"."words" (id, word, syllables, frequency, category) VALUES (2623, 'diploma', 3, 0.0000178, NULL);
INSERT INTO "words"."words_lists" (word_id, list_id) VALUES (2623, 'a2d4e1da-2fe5-46e9-a787-722ddbf3c67a');
INSERT INTO "words"."words" (id, word, syllables, frequency, category) VALUES (2624, 'colazione', 4, 0.0000398, NULL);
INSERT INTO "words"."words_lists" (word_id, list_id) VALUES (2624, 'a2d4e1da-2fe5-46e9-a787-722ddbf3c67a');
INSERT INTO "words"."words" (id, word, syllables, frequency, category) VALUES (2625, 'trasparente', 4, 0.000012, NULL);
INSERT INTO "words"."words_lists" (word_id, list_id) VALUES (2625, 'a2d4e1da-2fe5-46e9-a787-722ddbf3c67a');
INSERT INTO "words"."words" (id, word, syllables, frequency, category) VALUES (2626, 'assumere', 4, 0.0000316, NULL);
INSERT INTO "words"."words_lists" (word_id, list_id) VALUES (2626, 'a2d4e1da-2fe5-46e9-a787-722ddbf3c67a');
INSERT INTO "words"."words" (id, word, syllables, frequency, category) VALUES (2627, 'razionale', 4, 0.0000129, NULL);
INSERT INTO "words"."words_lists" (word_id, list_id) VALUES (2627, 'a2d4e1da-2fe5-46e9-a787-722ddbf3c67a');
INSERT INTO "words"."words" (id, word, syllables, frequency, category) VALUES (2628, 'complicato', 4, 0.0000186, NULL);
INSERT INTO "words"."words_lists" (word_id, list_id) VALUES (2628, 'a2d4e1da-2fe5-46e9-a787-722ddbf3c67a');
INSERT INTO "words"."words" (id, word, syllables, frequency, category) VALUES (2629, 'efficiente', 4, 0.0000123, NULL);
INSERT INTO "words"."words_lists" (word_id, list_id) VALUES (2629, 'a2d4e1da-2fe5-46e9-a787-722ddbf3c67a');
INSERT INTO "words"."words" (id, word, syllables, frequency, category) VALUES (2630, 'intendere', 4, 0.000012, NULL);
INSERT INTO "words"."words_lists" (word_id, list_id) VALUES (2630, 'a2d4e1da-2fe5-46e9-a787-722ddbf3c67a');
INSERT INTO "words"."words" (id, word, syllables, frequency, category) VALUES (2631, 'accadere', 4, 0.0000148, NULL);
INSERT INTO "words"."words_lists" (word_id, list_id) VALUES (2631, 'a2d4e1da-2fe5-46e9-a787-722ddbf3c67a');
INSERT INTO "words"."words" (id, word, syllables, frequency, category) VALUES (2632, 'raccogliere', 4, 0.0000316, NULL);
INSERT INTO "words"."words_lists" (word_id, list_id) VALUES (2632, 'a2d4e1da-2fe5-46e9-a787-722ddbf3c67a');
INSERT INTO "words"."words" (id, word, syllables, frequency, category) VALUES (2633, 'assistito', 4, 0.0000148, NULL);
INSERT INTO "words"."words_lists" (word_id, list_id) VALUES (2633, 'a2d4e1da-2fe5-46e9-a787-722ddbf3c67a');
INSERT INTO "words"."words" (id, word, syllables, frequency, category) VALUES (2634, 'piacevole', 4, 0.0000204, NULL);
INSERT INTO "words"."words_lists" (word_id, list_id) VALUES (2634, 'a2d4e1da-2fe5-46e9-a787-722ddbf3c67a');
INSERT INTO "words"."words" (id, word, syllables, frequency, category) VALUES (2635, 'ragazzino', 4, 0.0000174, NULL);
INSERT INTO "words"."words_lists" (word_id, list_id) VALUES (2635, 'a2d4e1da-2fe5-46e9-a787-722ddbf3c67a');
INSERT INTO "words"."words" (id, word, syllables, frequency, category) VALUES (2636, 'costruire', 4, 0.000055, NULL);
INSERT INTO "words"."words_lists" (word_id, list_id) VALUES (2636, 'a2d4e1da-2fe5-46e9-a787-722ddbf3c67a');
INSERT INTO "words"."words" (id, word, syllables, frequency, category) VALUES (2637, 'Ungheria', 4, 0.0000158, NULL);
INSERT INTO "words"."words_lists" (word_id, list_id) VALUES (2637, 'a2d4e1da-2fe5-46e9-a787-722ddbf3c67a');
INSERT INTO "words"."words" (id, word, syllables, frequency, category) VALUES (2638, 'fortemente', 4, 0.0000372, NULL);
INSERT INTO "words"."words_lists" (word_id, list_id) VALUES (2638, 'a2d4e1da-2fe5-46e9-a787-722ddbf3c67a');
INSERT INTO "words"."words" (id, word, syllables, frequency, category) VALUES (2639, 'difensore', 4, 0.0000178, NULL);
INSERT INTO "words"."words_lists" (word_id, list_id) VALUES (2639, 'a2d4e1da-2fe5-46e9-a787-722ddbf3c67a');
INSERT INTO "words"."words" (id, word, syllables, frequency, category) VALUES (2640, 'integrazione', 5, 0.0000295, NULL);
INSERT INTO "words"."words_lists" (word_id, list_id) VALUES (2640, 'a2d4e1da-2fe5-46e9-a787-722ddbf3c67a');
INSERT INTO "words"."lists" (id, type) VALUES ('90510fca-5891-4db3-9f2c-5e05492fb417', 'categorized');
INSERT INTO "words"."words" (id, word, syllables, frequency, category) VALUES (2641, 'caro', 2, 0.0000631, NULL);
INSERT INTO "words"."words_lists" (word_id, list_id) VALUES (2641, '90510fca-5891-4db3-9f2c-5e05492fb417');
INSERT INTO "words"."words" (id, word, syllables, frequency, category) VALUES (2642, 'età', 2, 0.000129, NULL);
INSERT INTO "words"."words_lists" (word_id, list_id) VALUES (2642, '90510fca-5891-4db3-9f2c-5e05492fb417');
INSERT INTO "words"."words" (id, word, syllables, frequency, category) VALUES (2643, 'giunta', 2, 0.0000447, NULL);
INSERT INTO "words"."words_lists" (word_id, list_id) VALUES (2643, '90510fca-5891-4db3-9f2c-5e05492fb417');
INSERT INTO "words"."words" (id, word, syllables, frequency, category) VALUES (2644, 'caso', 2, 0.000631, NULL);
INSERT INTO "words"."words_lists" (word_id, list_id) VALUES (2644, '90510fca-5891-4db3-9f2c-5e05492fb417');
INSERT INTO "words"."words" (id, word, syllables, frequency, category) VALUES (2645, 'bis', 2, 0.0000166, NULL);
INSERT INTO "words"."words_lists" (word_id, list_id) VALUES (2645, '90510fca-5891-4db3-9f2c-5e05492fb417');
INSERT INTO "words"."words" (id, word, syllables, frequency, category) VALUES (2646, 'neve', 2, 0.0000288, NULL);
INSERT INTO "words"."words_lists" (word_id, list_id) VALUES (2646, '90510fca-5891-4db3-9f2c-5e05492fb417');
INSERT INTO "words"."words" (id, word, syllables, frequency, category) VALUES (2647, 'viola', 2, 0.000024, NULL);
INSERT INTO "words"."words_lists" (word_id, list_id) VALUES (2647, '90510fca-5891-4db3-9f2c-5e05492fb417');
INSERT INTO "words"."words" (id, word, syllables, frequency, category) VALUES (2648, 'presa', 2, 0.0000912, NULL);
INSERT INTO "words"."words_lists" (word_id, list_id) VALUES (2648, '90510fca-5891-4db3-9f2c-5e05492fb417');
INSERT INTO "words"."words" (id, word, syllables, frequency, category) VALUES (2649, 'farsi', 2, 0.0000912, NULL);
INSERT INTO "words"."words_lists" (word_id, list_id) VALUES (2649, '90510fca-5891-4db3-9f2c-5e05492fb417');
INSERT INTO "words"."words" (id, word, syllables, frequency, category) VALUES (2650, 'petto', 2, 0.0000234, NULL);
INSERT INTO "words"."words_lists" (word_id, list_id) VALUES (2650, '90510fca-5891-4db3-9f2c-5e05492fb417');
INSERT INTO "words"."words" (id, word, syllables, frequency, category) VALUES (2651, 'storia', 2, 0.000537, NULL);
INSERT INTO "words"."words_lists" (word_id, list_id) VALUES (2651, '90510fca-5891-4db3-9f2c-5e05492fb417');
INSERT INTO "words"."words" (id, word, syllables, frequency, category) VALUES (2652, 'borsa', 2, 0.0000427, NULL);
INSERT INTO "words"."words_lists" (word_id, list_id) VALUES (2652, '90510fca-5891-4db3-9f2c-5e05492fb417');
INSERT INTO "words"."words" (id, word, syllables, frequency, category) VALUES (2653, 'paga', 2, 0.0000398, NULL);
INSERT INTO "words"."words_lists" (word_id, list_id) VALUES (2653, '90510fca-5891-4db3-9f2c-5e05492fb417');
INSERT INTO "words"."words" (id, word, syllables, frequency, category) VALUES (2654, 'pelle', 2, 0.0000708, NULL);
INSERT INTO "words"."words_lists" (word_id, list_id) VALUES (2654, '90510fca-5891-4db3-9f2c-5e05492fb417');
INSERT INTO "words"."words" (id, word, syllables, frequency, category) VALUES (2655, 'fila', 2, 0.0000468, NULL);
INSERT INTO "words"."words_lists" (word_id, list_id) VALUES (2655, '90510fca-5891-4db3-9f2c-5e05492fb417');
INSERT INTO "words"."words" (id, word, syllables, frequency, category) VALUES (2656, 'schiena', 2, 0.0000251, NULL);
INSERT INTO "words"."words_lists" (word_id, list_id) VALUES (2656, '90510fca-5891-4db3-9f2c-5e05492fb417');
INSERT INTO "words"."words" (id, word, syllables, frequency, category) VALUES (2657, 'cifra', 2, 0.0000282, NULL);
INSERT INTO "words"."words_lists" (word_id, list_id) VALUES (2657, '90510fca-5891-4db3-9f2c-5e05492fb417');
INSERT INTO "words"."words" (id, word, syllables, frequency, category) VALUES (2658, 'visto', 2, 0.000513, NULL);
INSERT INTO "words"."words_lists" (word_id, list_id) VALUES (2658, '90510fca-5891-4db3-9f2c-5e05492fb417');
INSERT INTO "words"."words" (id, word, syllables, frequency, category) VALUES (2659, 'mistero', 3, 0.0000257, NULL);
INSERT INTO "words"."words_lists" (word_id, list_id) VALUES (2659, '90510fca-5891-4db3-9f2c-5e05492fb417');
INSERT INTO "words"."words" (id, word, syllables, frequency, category) VALUES (2660, 'leggenda', 3, 0.0000224, NULL);
INSERT INTO "words"."words_lists" (word_id, list_id) VALUES (2660, '90510fca-5891-4db3-9f2c-5e05492fb417');
INSERT INTO "words"."words" (id, word, syllables, frequency, category) VALUES (2661, 'presente', 3, 0.000195, NULL);
INSERT INTO "words"."words_lists" (word_id, list_id) VALUES (2661, '90510fca-5891-4db3-9f2c-5e05492fb417');
INSERT INTO "words"."words" (id, word, syllables, frequency, category) VALUES (2662, 'circolo', 3, 0.0000245, NULL);
INSERT INTO "words"."words_lists" (word_id, list_id) VALUES (2662, '90510fca-5891-4db3-9f2c-5e05492fb417');
INSERT INTO "words"."words" (id, word, syllables, frequency, category) VALUES (2663, 'dottrina', 3, 0.0000135, NULL);
INSERT INTO "words"."words_lists" (word_id, list_id) VALUES (2663, '90510fca-5891-4db3-9f2c-5e05492fb417');
INSERT INTO "words"."words" (id, word, syllables, frequency, category) VALUES (2664, 'postale', 3, 0.0000129, NULL);
INSERT INTO "words"."words_lists" (word_id, list_id) VALUES (2664, '90510fca-5891-4db3-9f2c-5e05492fb417');
INSERT INTO "words"."words" (id, word, syllables, frequency, category) VALUES (2665, 'ripresa', 3, 0.0000363, NULL);
INSERT INTO "words"."words_lists" (word_id, list_id) VALUES (2665, '90510fca-5891-4db3-9f2c-5e05492fb417');
INSERT INTO "words"."words" (id, word, syllables, frequency, category) VALUES (2666, 'oggetto', 3, 0.0000813, NULL);
INSERT INTO "words"."words_lists" (word_id, list_id) VALUES (2666, '90510fca-5891-4db3-9f2c-5e05492fb417');
INSERT INTO "words"."words" (id, word, syllables, frequency, category) VALUES (2667, 'prendersi', 3, 0.0000191, NULL);
INSERT INTO "words"."words_lists" (word_id, list_id) VALUES (2667, '90510fca-5891-4db3-9f2c-5e05492fb417');
INSERT INTO "words"."words" (id, word, syllables, frequency, category) VALUES (2668, 'richiesta', 3, 0.0000955, NULL);
INSERT INTO "words"."words_lists" (word_id, list_id) VALUES (2668, '90510fca-5891-4db3-9f2c-5e05492fb417');
INSERT INTO "words"."words" (id, word, syllables, frequency, category) VALUES (2669, 'scoprire', 3, 0.0000589, NULL);
INSERT INTO "words"."words_lists" (word_id, list_id) VALUES (2669, '90510fca-5891-4db3-9f2c-5e05492fb417');
INSERT INTO "words"."words" (id, word, syllables, frequency, category) VALUES (2670, 'attuale', 3, 0.0000912, NULL);
INSERT INTO "words"."words_lists" (word_id, list_id) VALUES (2670, '90510fca-5891-4db3-9f2c-5e05492fb417');
INSERT INTO "words"."words" (id, word, syllables, frequency, category) VALUES (2671, 'cervello', 3, 0.0000617, NULL);
INSERT INTO "words"."words_lists" (word_id, list_id) VALUES (2671, '90510fca-5891-4db3-9f2c-5e05492fb417');
INSERT INTO "words"."words" (id, word, syllables, frequency, category) VALUES (2672, 'sentirsi', 3, 0.0000263, NULL);
INSERT INTO "words"."words_lists" (word_id, list_id) VALUES (2672, '90510fca-5891-4db3-9f2c-5e05492fb417');
INSERT INTO "words"."words" (id, word, syllables, frequency, category) VALUES (2673, 'Parigi', 3, 0.0000724, NULL);
INSERT INTO "words"."words_lists" (word_id, list_id) VALUES (2673, '90510fca-5891-4db3-9f2c-5e05492fb417');
INSERT INTO "words"."words" (id, word, syllables, frequency, category) VALUES (2674, 'scomparso', 3, 0.0000151, NULL);
INSERT INTO "words"."words_lists" (word_id, list_id) VALUES (2674, '90510fca-5891-4db3-9f2c-5e05492fb417');
INSERT INTO "words"."words" (id, word, syllables, frequency, category) VALUES (2675, 'rivolta', 3, 0.0000355, NULL);
INSERT INTO "words"."words_lists" (word_id, list_id) VALUES (2675, '90510fca-5891-4db3-9f2c-5e05492fb417');
INSERT INTO "words"."words" (id, word, syllables, frequency, category) VALUES (2676, 'seguire', 3, 0.0000933, NULL);
INSERT INTO "words"."words_lists" (word_id, list_id) VALUES (2676, '90510fca-5891-4db3-9f2c-5e05492fb417');
INSERT INTO "words"."words" (id, word, syllables, frequency, category) VALUES (2677, 'Giappone', 3, 0.0000575, NULL);
INSERT INTO "words"."words_lists" (word_id, list_id) VALUES (2677, '90510fca-5891-4db3-9f2c-5e05492fb417');
INSERT INTO "words"."words" (id, word, syllables, frequency, category) VALUES (2678, 'cattura', 3, 0.0000117, NULL);
INSERT INTO "words"."words_lists" (word_id, list_id) VALUES (2678, '90510fca-5891-4db3-9f2c-5e05492fb417');
INSERT INTO "words"."words" (id, word, syllables, frequency, category) VALUES (2679, 'palese', 3, 0.0000102, NULL);
INSERT INTO "words"."words_lists" (word_id, list_id) VALUES (2679, '90510fca-5891-4db3-9f2c-5e05492fb417');
INSERT INTO "words"."words" (id, word, syllables, frequency, category) VALUES (2680, 'migliore', 3, 0.000251, NULL);
INSERT INTO "words"."words_lists" (word_id, list_id) VALUES (2680, '90510fca-5891-4db3-9f2c-5e05492fb417');
INSERT INTO "words"."words" (id, word, syllables, frequency, category) VALUES (2681, 'agente', 3, 0.0000347, NULL);
INSERT INTO "words"."words_lists" (word_id, list_id) VALUES (2681, '90510fca-5891-4db3-9f2c-5e05492fb417');
INSERT INTO "words"."words" (id, word, syllables, frequency, category) VALUES (2682, 'maestà', 3, 0.000011, NULL);
INSERT INTO "words"."words_lists" (word_id, list_id) VALUES (2682, '90510fca-5891-4db3-9f2c-5e05492fb417');
INSERT INTO "words"."words" (id, word, syllables, frequency, category) VALUES (2683, 'angelo', 3, 0.0000437, NULL);
INSERT INTO "words"."words_lists" (word_id, list_id) VALUES (2683, '90510fca-5891-4db3-9f2c-5e05492fb417');
INSERT INTO "words"."words" (id, word, syllables, frequency, category) VALUES (2684, 'sindrome', 3, 0.0000141, NULL);
INSERT INTO "words"."words_lists" (word_id, list_id) VALUES (2684, '90510fca-5891-4db3-9f2c-5e05492fb417');
INSERT INTO "words"."words" (id, word, syllables, frequency, category) VALUES (2685, 'epoca', 3, 0.0000417, NULL);
INSERT INTO "words"."words_lists" (word_id, list_id) VALUES (2685, '90510fca-5891-4db3-9f2c-5e05492fb417');
INSERT INTO "words"."words" (id, word, syllables, frequency, category) VALUES (2686, 'fallito', 3, 0.0000229, NULL);
INSERT INTO "words"."words_lists" (word_id, list_id) VALUES (2686, '90510fca-5891-4db3-9f2c-5e05492fb417');
INSERT INTO "words"."words" (id, word, syllables, frequency, category) VALUES (2687, 'prezioso', 3, 0.0000162, NULL);
INSERT INTO "words"."words_lists" (word_id, list_id) VALUES (2687, '90510fca-5891-4db3-9f2c-5e05492fb417');
INSERT INTO "words"."words" (id, word, syllables, frequency, category) VALUES (2688, 'ritratto', 3, 0.0000245, NULL);
INSERT INTO "words"."words_lists" (word_id, list_id) VALUES (2688, '90510fca-5891-4db3-9f2c-5e05492fb417');
INSERT INTO "words"."words" (id, word, syllables, frequency, category) VALUES (2689, 'dimostrare', 4, 0.0000447, NULL);
INSERT INTO "words"."words_lists" (word_id, list_id) VALUES (2689, '90510fca-5891-4db3-9f2c-5e05492fb417');
INSERT INTO "words"."words" (id, word, syllables, frequency, category) VALUES (2690, 'cimitero', 4, 0.0000141, NULL);
INSERT INTO "words"."words_lists" (word_id, list_id) VALUES (2690, '90510fca-5891-4db3-9f2c-5e05492fb417');
INSERT INTO "words"."words" (id, word, syllables, frequency, category) VALUES (2691, 'meraviglia', 4, 0.000017, NULL);
INSERT INTO "words"."words_lists" (word_id, list_id) VALUES (2691, '90510fca-5891-4db3-9f2c-5e05492fb417');
INSERT INTO "words"."words" (id, word, syllables, frequency, category) VALUES (2692, 'pienamente', 4, 0.0000191, NULL);
INSERT INTO "words"."words_lists" (word_id, list_id) VALUES (2692, '90510fca-5891-4db3-9f2c-5e05492fb417');
INSERT INTO "words"."words" (id, word, syllables, frequency, category) VALUES (2693, 'infinito', 4, 0.0000141, NULL);
INSERT INTO "words"."words_lists" (word_id, list_id) VALUES (2693, '90510fca-5891-4db3-9f2c-5e05492fb417');
INSERT INTO "words"."words" (id, word, syllables, frequency, category) VALUES (2694, 'uniforme', 4, 0.0000132, NULL);
INSERT INTO "words"."words_lists" (word_id, list_id) VALUES (2694, '90510fca-5891-4db3-9f2c-5e05492fb417');
INSERT INTO "words"."words" (id, word, syllables, frequency, category) VALUES (2695, 'strettamente', 4, 0.0000214, NULL);
INSERT INTO "words"."words_lists" (word_id, list_id) VALUES (2695, '90510fca-5891-4db3-9f2c-5e05492fb417');
INSERT INTO "words"."words" (id, word, syllables, frequency, category) VALUES (2696, 'pubblicità', 4, 0.0000617, NULL);
INSERT INTO "words"."words_lists" (word_id, list_id) VALUES (2696, '90510fca-5891-4db3-9f2c-5e05492fb417');
INSERT INTO "words"."words" (id, word, syllables, frequency, category) VALUES (2697, 'divinità', 4, 0.0000129, NULL);
INSERT INTO "words"."words_lists" (word_id, list_id) VALUES (2697, '90510fca-5891-4db3-9f2c-5e05492fb417');
INSERT INTO "words"."words" (id, word, syllables, frequency, category) VALUES (2698, 'attaccato', 4, 0.0000224, NULL);
INSERT INTO "words"."words_lists" (word_id, list_id) VALUES (2698, '90510fca-5891-4db3-9f2c-5e05492fb417');
INSERT INTO "words"."words" (id, word, syllables, frequency, category) VALUES (2699, 'spettacolo', 4, 0.0000692, NULL);
INSERT INTO "words"."words_lists" (word_id, list_id) VALUES (2699, '90510fca-5891-4db3-9f2c-5e05492fb417');
INSERT INTO "words"."words" (id, word, syllables, frequency, category) VALUES (2700, 'ignorare', 4, 0.0000138, NULL);
INSERT INTO "words"."words_lists" (word_id, list_id) VALUES (2700, '90510fca-5891-4db3-9f2c-5e05492fb417');
INSERT INTO "words"."words" (id, word, syllables, frequency, category) VALUES (2701, 'arrivare', 4, 0.00012, NULL);
INSERT INTO "words"."words_lists" (word_id, list_id) VALUES (2701, '90510fca-5891-4db3-9f2c-5e05492fb417');
INSERT INTO "words"."words" (id, word, syllables, frequency, category) VALUES (2702, 'personale', 4, 0.00017, NULL);
INSERT INTO "words"."words_lists" (word_id, list_id) VALUES (2702, '90510fca-5891-4db3-9f2c-5e05492fb417');
INSERT INTO "words"."words" (id, word, syllables, frequency, category) VALUES (2703, 'protocollo', 4, 0.0000155, NULL);
INSERT INTO "words"."words_lists" (word_id, list_id) VALUES (2703, '90510fca-5891-4db3-9f2c-5e05492fb417');
INSERT INTO "words"."words" (id, word, syllables, frequency, category) VALUES (2704, 'garanzia', 4, 0.0000316, NULL);
INSERT INTO "words"."words_lists" (word_id, list_id) VALUES (2704, '90510fca-5891-4db3-9f2c-5e05492fb417');
INSERT INTO "words"."lists" (id, type) VALUES ('9beb2c0d-ed8f-4c66-ad79-3538994c03b6', 'categorized');
INSERT INTO "words"."words" (id, word, syllables, frequency, category) VALUES (2705, 'destra', 2, 0.000126, NULL);
INSERT INTO "words"."words_lists" (word_id, list_id) VALUES (2705, '9beb2c0d-ed8f-4c66-ad79-3538994c03b6');
INSERT INTO "words"."words" (id, word, syllables, frequency, category) VALUES (2706, 'forse', 2, 0.000468, NULL);
INSERT INTO "words"."words_lists" (word_id, list_id) VALUES (2706, '9beb2c0d-ed8f-4c66-ad79-3538994c03b6');
INSERT INTO "words"."words" (id, word, syllables, frequency, category) VALUES (2707, 'prendere', 3, 0.000224, NULL);
INSERT INTO "words"."words_lists" (word_id, list_id) VALUES (2707, '9beb2c0d-ed8f-4c66-ad79-3538994c03b6');
INSERT INTO "words"."words" (id, word, syllables, frequency, category) VALUES (2708, 'disposto', 3, 0.0000275, NULL);
INSERT INTO "words"."words_lists" (word_id, list_id) VALUES (2708, '9beb2c0d-ed8f-4c66-ad79-3538994c03b6');
INSERT INTO "words"."words" (id, word, syllables, frequency, category) VALUES (2709, 'docente', 3, 0.0000178, NULL);
INSERT INTO "words"."words_lists" (word_id, list_id) VALUES (2709, '9beb2c0d-ed8f-4c66-ad79-3538994c03b6');
INSERT INTO "words"."words" (id, word, syllables, frequency, category) VALUES (2710, 'razzismo', 3, 0.0000316, NULL);
INSERT INTO "words"."words_lists" (word_id, list_id) VALUES (2710, '9beb2c0d-ed8f-4c66-ad79-3538994c03b6');
INSERT INTO "words"."words" (id, word, syllables, frequency, category) VALUES (2711, 'valore', 3, 0.000145, NULL);
INSERT INTO "words"."words_lists" (word_id, list_id) VALUES (2711, '9beb2c0d-ed8f-4c66-ad79-3538994c03b6');
INSERT INTO "words"."words" (id, word, syllables, frequency, category) VALUES (2712, 'monte', 2, 0.0000631, NULL);
INSERT INTO "words"."words_lists" (word_id, list_id) VALUES (2712, '9beb2c0d-ed8f-4c66-ad79-3538994c03b6');
INSERT INTO "words"."words" (id, word, syllables, frequency, category) VALUES (2713, 'senato', 3, 0.0000479, NULL);
INSERT INTO "words"."words_lists" (word_id, list_id) VALUES (2713, '9beb2c0d-ed8f-4c66-ad79-3538994c03b6');
INSERT INTO "words"."words" (id, word, syllables, frequency, category) VALUES (2714, 'mondiali', 3, 0.000038, NULL);
INSERT INTO "words"."words_lists" (word_id, list_id) VALUES (2714, '9beb2c0d-ed8f-4c66-ad79-3538994c03b6');
INSERT INTO "words"."words" (id, word, syllables, frequency, category) VALUES (2715, 'banco', 2, 0.0000214, NULL);
INSERT INTO "words"."words_lists" (word_id, list_id) VALUES (2715, '9beb2c0d-ed8f-4c66-ad79-3538994c03b6');
INSERT INTO "words"."words" (id, word, syllables, frequency, category) VALUES (2716, 'vivo', 2, 0.000107, NULL);
INSERT INTO "words"."words_lists" (word_id, list_id) VALUES (2716, '9beb2c0d-ed8f-4c66-ad79-3538994c03b6');
INSERT INTO "words"."words" (id, word, syllables, frequency, category) VALUES (2717, 'vuoto', 2, 0.0000407, NULL);
INSERT INTO "words"."words_lists" (word_id, list_id) VALUES (2717, '9beb2c0d-ed8f-4c66-ad79-3538994c03b6');
INSERT INTO "words"."words" (id, word, syllables, frequency, category) VALUES (2718, 'coprire', 3, 0.00002, NULL);
INSERT INTO "words"."words_lists" (word_id, list_id) VALUES (2718, '9beb2c0d-ed8f-4c66-ad79-3538994c03b6');
INSERT INTO "words"."words" (id, word, syllables, frequency, category) VALUES (2719, 'versione', 3, 0.000126, NULL);
INSERT INTO "words"."words_lists" (word_id, list_id) VALUES (2719, '9beb2c0d-ed8f-4c66-ad79-3538994c03b6');
INSERT INTO "words"."words" (id, word, syllables, frequency, category) VALUES (2720, 'miglioramento', 5, 0.0000251, NULL);
INSERT INTO "words"."words_lists" (word_id, list_id) VALUES (2720, '9beb2c0d-ed8f-4c66-ad79-3538994c03b6');
INSERT INTO "words"."words" (id, word, syllables, frequency, category) VALUES (2721, 'creatura', 3, 0.0000135, NULL);
INSERT INTO "words"."words_lists" (word_id, list_id) VALUES (2721, '9beb2c0d-ed8f-4c66-ad79-3538994c03b6');
INSERT INTO "words"."words" (id, word, syllables, frequency, category) VALUES (2722, 'intensità', 4, 0.0000151, NULL);
INSERT INTO "words"."words_lists" (word_id, list_id) VALUES (2722, '9beb2c0d-ed8f-4c66-ad79-3538994c03b6');
INSERT INTO "words"."words" (id, word, syllables, frequency, category) VALUES (2723, 'greca', 2, 0.00002, NULL);
INSERT INTO "words"."words_lists" (word_id, list_id) VALUES (2723, '9beb2c0d-ed8f-4c66-ad79-3538994c03b6');
INSERT INTO "words"."words" (id, word, syllables, frequency, category) VALUES (2724, 'scopo', 2, 0.000117, NULL);
INSERT INTO "words"."words_lists" (word_id, list_id) VALUES (2724, '9beb2c0d-ed8f-4c66-ad79-3538994c03b6');
INSERT INTO "words"."words" (id, word, syllables, frequency, category) VALUES (2725, 'dominio', 3, 0.0000407, NULL);
INSERT INTO "words"."words_lists" (word_id, list_id) VALUES (2725, '9beb2c0d-ed8f-4c66-ad79-3538994c03b6');
INSERT INTO "words"."words" (id, word, syllables, frequency, category) VALUES (2726, 'colombo', 3, 0.0000126, NULL);
INSERT INTO "words"."words_lists" (word_id, list_id) VALUES (2726, '9beb2c0d-ed8f-4c66-ad79-3538994c03b6');
INSERT INTO "words"."words" (id, word, syllables, frequency, category) VALUES (2727, 'cerchio', 2, 0.0000162, NULL);
INSERT INTO "words"."words_lists" (word_id, list_id) VALUES (2727, '9beb2c0d-ed8f-4c66-ad79-3538994c03b6');
INSERT INTO "words"."words" (id, word, syllables, frequency, category) VALUES (2728, 'deriva', 3, 0.0000309, NULL);
INSERT INTO "words"."words_lists" (word_id, list_id) VALUES (2728, '9beb2c0d-ed8f-4c66-ad79-3538994c03b6');
INSERT INTO "words"."words" (id, word, syllables, frequency, category) VALUES (2729, 'cento', 2, 0.0000661, NULL);
INSERT INTO "words"."words_lists" (word_id, list_id) VALUES (2729, '9beb2c0d-ed8f-4c66-ad79-3538994c03b6');
INSERT INTO "words"."words" (id, word, syllables, frequency, category) VALUES (2730, 'martello', 3, 0.00001, NULL);
INSERT INTO "words"."words_lists" (word_id, list_id) VALUES (2730, '9beb2c0d-ed8f-4c66-ad79-3538994c03b6');
INSERT INTO "words"."words" (id, word, syllables, frequency, category) VALUES (2731, 'mutande', 3, 0.0000105, NULL);
INSERT INTO "words"."words_lists" (word_id, list_id) VALUES (2731, '9beb2c0d-ed8f-4c66-ad79-3538994c03b6');
INSERT INTO "words"."words" (id, word, syllables, frequency, category) VALUES (2732, 'finale', 3, 0.000115, NULL);
INSERT INTO "words"."words_lists" (word_id, list_id) VALUES (2732, '9beb2c0d-ed8f-4c66-ad79-3538994c03b6');
INSERT INTO "words"."words" (id, word, syllables, frequency, category) VALUES (2733, 'posta', 2, 0.0000661, NULL);
INSERT INTO "words"."words_lists" (word_id, list_id) VALUES (2733, '9beb2c0d-ed8f-4c66-ad79-3538994c03b6');
INSERT INTO "words"."words" (id, word, syllables, frequency, category) VALUES (2734, 'riparo', 3, 0.0000102, NULL);
INSERT INTO "words"."words_lists" (word_id, list_id) VALUES (2734, '9beb2c0d-ed8f-4c66-ad79-3538994c03b6');
INSERT INTO "words"."words" (id, word, syllables, frequency, category) VALUES (2735, 'Pescara', 2, 0.0000123, NULL);
INSERT INTO "words"."words_lists" (word_id, list_id) VALUES (2735, '9beb2c0d-ed8f-4c66-ad79-3538994c03b6');
INSERT INTO "words"."words" (id, word, syllables, frequency, category) VALUES (2736, 'previsione', 4, 0.0000138, NULL);
INSERT INTO "words"."words_lists" (word_id, list_id) VALUES (2736, '9beb2c0d-ed8f-4c66-ad79-3538994c03b6');
INSERT INTO "words"."lists" (id, type) VALUES ('9c683d83-9cc1-45b2-8cc3-cc3503ee601e', 'categorized');
INSERT INTO "words"."words" (id, word, syllables, frequency, category) VALUES (2737, 'sport', 2, 0.0000891, NULL);
INSERT INTO "words"."words_lists" (word_id, list_id) VALUES (2737, '9c683d83-9cc1-45b2-8cc3-cc3503ee601e');
INSERT INTO "words"."words" (id, word, syllables, frequency, category) VALUES (2738, 'patria', 2, 0.0000363, NULL);
INSERT INTO "words"."words_lists" (word_id, list_id) VALUES (2738, '9c683d83-9cc1-45b2-8cc3-cc3503ee601e');
INSERT INTO "words"."words" (id, word, syllables, frequency, category) VALUES (2739, 'cattura', 3, 0.0000117, NULL);
INSERT INTO "words"."words_lists" (word_id, list_id) VALUES (2739, '9c683d83-9cc1-45b2-8cc3-cc3503ee601e');
INSERT INTO "words"."words" (id, word, syllables, frequency, category) VALUES (2740, 'competente', 4, 0.0000141, NULL);
INSERT INTO "words"."words_lists" (word_id, list_id) VALUES (2740, '9c683d83-9cc1-45b2-8cc3-cc3503ee601e');
INSERT INTO "words"."words" (id, word, syllables, frequency, category) VALUES (2741, 'autore', 3, 0.000107, NULL);
INSERT INTO "words"."words_lists" (word_id, list_id) VALUES (2741, '9c683d83-9cc1-45b2-8cc3-cc3503ee601e');
INSERT INTO "words"."words" (id, word, syllables, frequency, category) VALUES (2742, 'pasqua', 2, 0.0000145, NULL);
INSERT INTO "words"."words_lists" (word_id, list_id) VALUES (2742, '9c683d83-9cc1-45b2-8cc3-cc3503ee601e');
INSERT INTO "words"."words" (id, word, syllables, frequency, category) VALUES (2743, 'menzione', 3, 0.0000102, NULL);
INSERT INTO "words"."words_lists" (word_id, list_id) VALUES (2743, '9c683d83-9cc1-45b2-8cc3-cc3503ee601e');
INSERT INTO "words"."words" (id, word, syllables, frequency, category) VALUES (2744, 'impianto', 3, 0.0000282, NULL);
INSERT INTO "words"."words_lists" (word_id, list_id) VALUES (2744, '9c683d83-9cc1-45b2-8cc3-cc3503ee601e');
INSERT INTO "words"."words" (id, word, syllables, frequency, category) VALUES (2745, 'estratto', 3, 0.0000224, NULL);
INSERT INTO "words"."words_lists" (word_id, list_id) VALUES (2745, '9c683d83-9cc1-45b2-8cc3-cc3503ee601e');
INSERT INTO "words"."words" (id, word, syllables, frequency, category) VALUES (2746, 'animo', 3, 0.0000141, NULL);
INSERT INTO "words"."words_lists" (word_id, list_id) VALUES (2746, '9c683d83-9cc1-45b2-8cc3-cc3503ee601e');
INSERT INTO "words"."words" (id, word, syllables, frequency, category) VALUES (2747, 'differente', 5, 0.00002, NULL);
INSERT INTO "words"."words_lists" (word_id, list_id) VALUES (2747, '9c683d83-9cc1-45b2-8cc3-cc3503ee601e');
INSERT INTO "words"."words" (id, word, syllables, frequency, category) VALUES (2748, 'marina', 3, 0.0000447, NULL);
INSERT INTO "words"."words_lists" (word_id, list_id) VALUES (2748, '9c683d83-9cc1-45b2-8cc3-cc3503ee601e');
INSERT INTO "words"."words" (id, word, syllables, frequency, category) VALUES (2749, 'lanciare', 3, 0.000017, NULL);
INSERT INTO "words"."words_lists" (word_id, list_id) VALUES (2749, '9c683d83-9cc1-45b2-8cc3-cc3503ee601e');
INSERT INTO "words"."words" (id, word, syllables, frequency, category) VALUES (2750, 'notizia', 3, 0.000112, NULL);
INSERT INTO "words"."words_lists" (word_id, list_id) VALUES (2750, '9c683d83-9cc1-45b2-8cc3-cc3503ee601e');
INSERT INTO "words"."words" (id, word, syllables, frequency, category) VALUES (2751, 'porno', 2, 0.0000282, NULL);
INSERT INTO "words"."words_lists" (word_id, list_id) VALUES (2751, '9c683d83-9cc1-45b2-8cc3-cc3503ee601e');
INSERT INTO "words"."words" (id, word, syllables, frequency, category) VALUES (2752, 'grigio', 2, 0.0000182, NULL);
INSERT INTO "words"."words_lists" (word_id, list_id) VALUES (2752, '9c683d83-9cc1-45b2-8cc3-cc3503ee601e');
INSERT INTO "words"."words" (id, word, syllables, frequency, category) VALUES (2753, 'prato', 2, 0.0000224, NULL);
INSERT INTO "words"."words_lists" (word_id, list_id) VALUES (2753, '9c683d83-9cc1-45b2-8cc3-cc3503ee601e');
INSERT INTO "words"."words" (id, word, syllables, frequency, category) VALUES (2754, 'bambino', 3, 0.000123, NULL);
INSERT INTO "words"."words_lists" (word_id, list_id) VALUES (2754, '9c683d83-9cc1-45b2-8cc3-cc3503ee601e');
INSERT INTO "words"."words" (id, word, syllables, frequency, category) VALUES (2755, 'isola', 3, 0.0000661, NULL);
INSERT INTO "words"."words_lists" (word_id, list_id) VALUES (2755, '9c683d83-9cc1-45b2-8cc3-cc3503ee601e');
INSERT INTO "words"."words" (id, word, syllables, frequency, category) VALUES (2756, 'Danimarca', 3, 0.0000126, NULL);
INSERT INTO "words"."words_lists" (word_id, list_id) VALUES (2756, '9c683d83-9cc1-45b2-8cc3-cc3503ee601e');
INSERT INTO "words"."words" (id, word, syllables, frequency, category) VALUES (2757, 'cattivo', 3, 0.0000316, NULL);
INSERT INTO "words"."words_lists" (word_id, list_id) VALUES (2757, '9c683d83-9cc1-45b2-8cc3-cc3503ee601e');
INSERT INTO "words"."words" (id, word, syllables, frequency, category) VALUES (2758, 'dimensione', 4, 0.0000288, NULL);
INSERT INTO "words"."words_lists" (word_id, list_id) VALUES (2758, '9c683d83-9cc1-45b2-8cc3-cc3503ee601e');
INSERT INTO "words"."words" (id, word, syllables, frequency, category) VALUES (2759, 'bacio', 2, 0.0000257, NULL);
INSERT INTO "words"."words_lists" (word_id, list_id) VALUES (2759, '9c683d83-9cc1-45b2-8cc3-cc3503ee601e');
INSERT INTO "words"."words" (id, word, syllables, frequency, category) VALUES (2760, 'pari', 2, 0.00011, NULL);
INSERT INTO "words"."words_lists" (word_id, list_id) VALUES (2760, '9c683d83-9cc1-45b2-8cc3-cc3503ee601e');
INSERT INTO "words"."words" (id, word, syllables, frequency, category) VALUES (2761, 'tipologia', 5, 0.0000123, NULL);
INSERT INTO "words"."words_lists" (word_id, list_id) VALUES (2761, '9c683d83-9cc1-45b2-8cc3-cc3503ee601e');
INSERT INTO "words"."words" (id, word, syllables, frequency, category) VALUES (2762, 'sparire', 3, 0.000012, NULL);
INSERT INTO "words"."words_lists" (word_id, list_id) VALUES (2762, '9c683d83-9cc1-45b2-8cc3-cc3503ee601e');
INSERT INTO "words"."words" (id, word, syllables, frequency, category) VALUES (2763, 'Irlanda', 3, 0.0000138, NULL);
INSERT INTO "words"."words_lists" (word_id, list_id) VALUES (2763, '9c683d83-9cc1-45b2-8cc3-cc3503ee601e');
INSERT INTO "words"."words" (id, word, syllables, frequency, category) VALUES (2764, 'musica', 3, 0.000186, NULL);
INSERT INTO "words"."words_lists" (word_id, list_id) VALUES (2764, '9c683d83-9cc1-45b2-8cc3-cc3503ee601e');
INSERT INTO "words"."words" (id, word, syllables, frequency, category) VALUES (2765, 'tentare', 3, 0.0000182, NULL);
INSERT INTO "words"."words_lists" (word_id, list_id) VALUES (2765, '9c683d83-9cc1-45b2-8cc3-cc3503ee601e');
INSERT INTO "words"."words" (id, word, syllables, frequency, category) VALUES (2766, 'golfo', 2, 0.0000174, NULL);
INSERT INTO "words"."words_lists" (word_id, list_id) VALUES (2766, '9c683d83-9cc1-45b2-8cc3-cc3503ee601e');
INSERT INTO "words"."words" (id, word, syllables, frequency, category) VALUES (2767, 'squadra', 2, 0.000155, NULL);
INSERT INTO "words"."words_lists" (word_id, list_id) VALUES (2767, '9c683d83-9cc1-45b2-8cc3-cc3503ee601e');
INSERT INTO "words"."words" (id, word, syllables, frequency, category) VALUES (2768, 'operativo', 5, 0.0000186, NULL);
INSERT INTO "words"."words_lists" (word_id, list_id) VALUES (2768, '9c683d83-9cc1-45b2-8cc3-cc3503ee601e');
INSERT INTO "words"."lists" (id, type) VALUES ('1e1d37e9-36a8-4b73-b617-c95ac156ef52', 'categorized');
INSERT INTO "words"."words" (id, word, syllables, frequency, category) VALUES (2769, 'ora', 4, 0.00105, NULL);
INSERT INTO "words"."words_lists" (word_id, list_id) VALUES (2769, '1e1d37e9-36a8-4b73-b617-c95ac156ef52');
INSERT INTO "words"."words" (id, word, syllables, frequency, category) VALUES (2770, 'attore', 3, 0.0000302, NULL);
INSERT INTO "words"."words_lists" (word_id, list_id) VALUES (2770, '1e1d37e9-36a8-4b73-b617-c95ac156ef52');
INSERT INTO "words"."words" (id, word, syllables, frequency, category) VALUES (2771, 'portato', 3, 0.000126, NULL);
INSERT INTO "words"."words_lists" (word_id, list_id) VALUES (2771, '1e1d37e9-36a8-4b73-b617-c95ac156ef52');
INSERT INTO "words"."words" (id, word, syllables, frequency, category) VALUES (2772, 'pregare', 3, 0.000011, NULL);
INSERT INTO "words"."words_lists" (word_id, list_id) VALUES (2772, '1e1d37e9-36a8-4b73-b617-c95ac156ef52');
INSERT INTO "words"."words" (id, word, syllables, frequency, category) VALUES (2773, 'profitto', 3, 0.0000174, NULL);
INSERT INTO "words"."words_lists" (word_id, list_id) VALUES (2773, '1e1d37e9-36a8-4b73-b617-c95ac156ef52');
INSERT INTO "words"."words" (id, word, syllables, frequency, category) VALUES (2774, 'trentino', 3, 0.0000141, NULL);
INSERT INTO "words"."words_lists" (word_id, list_id) VALUES (2774, '1e1d37e9-36a8-4b73-b617-c95ac156ef52');
INSERT INTO "words"."words" (id, word, syllables, frequency, category) VALUES (2775, 'popolarità', 5, 0.000012, NULL);
INSERT INTO "words"."words_lists" (word_id, list_id) VALUES (2775, '1e1d37e9-36a8-4b73-b617-c95ac156ef52');
INSERT INTO "words"."words" (id, word, syllables, frequency, category) VALUES (2776, 'visione', 3, 0.0000661, NULL);
INSERT INTO "words"."words_lists" (word_id, list_id) VALUES (2776, '1e1d37e9-36a8-4b73-b617-c95ac156ef52');
INSERT INTO "words"."words" (id, word, syllables, frequency, category) VALUES (2777, 'composta', 3, 0.0000288, NULL);
INSERT INTO "words"."words_lists" (word_id, list_id) VALUES (2777, '1e1d37e9-36a8-4b73-b617-c95ac156ef52');
INSERT INTO "words"."words" (id, word, syllables, frequency, category) VALUES (2778, 'esercitare', 5, 0.0000145, NULL);
INSERT INTO "words"."words_lists" (word_id, list_id) VALUES (2778, '1e1d37e9-36a8-4b73-b617-c95ac156ef52');
INSERT INTO "words"."words" (id, word, syllables, frequency, category) VALUES (2779, 'bordo', 2, 0.0000468, NULL);
INSERT INTO "words"."words_lists" (word_id, list_id) VALUES (2779, '1e1d37e9-36a8-4b73-b617-c95ac156ef52');
INSERT INTO "words"."words" (id, word, syllables, frequency, category) VALUES (2780, 'giudiziario', 4, 0.0000132, NULL);
INSERT INTO "words"."words_lists" (word_id, list_id) VALUES (2780, '1e1d37e9-36a8-4b73-b617-c95ac156ef52');
INSERT INTO "words"."words" (id, word, syllables, frequency, category) VALUES (2781, 'costoso', 3, 0.0000105, NULL);
INSERT INTO "words"."words_lists" (word_id, list_id) VALUES (2781, '1e1d37e9-36a8-4b73-b617-c95ac156ef52');
INSERT INTO "words"."words" (id, word, syllables, frequency, category) VALUES (2782, 'tacere', 3, 0.0000126, NULL);
INSERT INTO "words"."words_lists" (word_id, list_id) VALUES (2782, '1e1d37e9-36a8-4b73-b617-c95ac156ef52');
INSERT INTO "words"."words" (id, word, syllables, frequency, category) VALUES (2783, 'neve', 2, 0.0000288, NULL);
INSERT INTO "words"."words_lists" (word_id, list_id) VALUES (2783, '1e1d37e9-36a8-4b73-b617-c95ac156ef52');
INSERT INTO "words"."words" (id, word, syllables, frequency, category) VALUES (2784, 'conserva', 3, 0.0000129, NULL);
INSERT INTO "words"."words_lists" (word_id, list_id) VALUES (2784, '1e1d37e9-36a8-4b73-b617-c95ac156ef52');
INSERT INTO "words"."words" (id, word, syllables, frequency, category) VALUES (2785, 'vertice', 3, 0.0000126, NULL);
INSERT INTO "words"."words_lists" (word_id, list_id) VALUES (2785, '1e1d37e9-36a8-4b73-b617-c95ac156ef52');
INSERT INTO "words"."words" (id, word, syllables, frequency, category) VALUES (2786, 'pronto', 2, 0.0000776, NULL);
INSERT INTO "words"."words_lists" (word_id, list_id) VALUES (2786, '1e1d37e9-36a8-4b73-b617-c95ac156ef52');
INSERT INTO "words"."words" (id, word, syllables, frequency, category) VALUES (2787, 'destro', 2, 0.000024, NULL);
INSERT INTO "words"."words_lists" (word_id, list_id) VALUES (2787, '1e1d37e9-36a8-4b73-b617-c95ac156ef52');
INSERT INTO "words"."words" (id, word, syllables, frequency, category) VALUES (2788, 'nuoto', 2, 0.0000107, NULL);
INSERT INTO "words"."words_lists" (word_id, list_id) VALUES (2788, '1e1d37e9-36a8-4b73-b617-c95ac156ef52');
INSERT INTO "words"."words" (id, word, syllables, frequency, category) VALUES (2789, 'morire', 3, 0.0000955, NULL);
INSERT INTO "words"."words_lists" (word_id, list_id) VALUES (2789, '1e1d37e9-36a8-4b73-b617-c95ac156ef52');
INSERT INTO "words"."words" (id, word, syllables, frequency, category) VALUES (2790, 'celebre', 3, 0.0000251, NULL);
INSERT INTO "words"."words_lists" (word_id, list_id) VALUES (2790, '1e1d37e9-36a8-4b73-b617-c95ac156ef52');
INSERT INTO "words"."words" (id, word, syllables, frequency, category) VALUES (2791, 'esperto', 3, 0.0000324, NULL);
INSERT INTO "words"."words_lists" (word_id, list_id) VALUES (2791, '1e1d37e9-36a8-4b73-b617-c95ac156ef52');
INSERT INTO "words"."words" (id, word, syllables, frequency, category) VALUES (2792, 'frequenza', 3, 0.0000251, NULL);
INSERT INTO "words"."words_lists" (word_id, list_id) VALUES (2792, '1e1d37e9-36a8-4b73-b617-c95ac156ef52');
INSERT INTO "words"."words" (id, word, syllables, frequency, category) VALUES (2793, 'solare', 3, 0.0000263, NULL);
INSERT INTO "words"."words_lists" (word_id, list_id) VALUES (2793, '1e1d37e9-36a8-4b73-b617-c95ac156ef52');
INSERT INTO "words"."words" (id, word, syllables, frequency, category) VALUES (2794, 'gruppo', 2, 0.000372, NULL);
INSERT INTO "words"."words_lists" (word_id, list_id) VALUES (2794, '1e1d37e9-36a8-4b73-b617-c95ac156ef52');
INSERT INTO "words"."words" (id, word, syllables, frequency, category) VALUES (2795, 'amico', 3, 0.00017, NULL);
INSERT INTO "words"."words_lists" (word_id, list_id) VALUES (2795, '1e1d37e9-36a8-4b73-b617-c95ac156ef52');
INSERT INTO "words"."words" (id, word, syllables, frequency, category) VALUES (2796, 'escluso', 3, 0.0000148, NULL);
INSERT INTO "words"."words_lists" (word_id, list_id) VALUES (2796, '1e1d37e9-36a8-4b73-b617-c95ac156ef52');
INSERT INTO "words"."words" (id, word, syllables, frequency, category) VALUES (2797, 'proseguire', 4, 0.0000155, NULL);
INSERT INTO "words"."words_lists" (word_id, list_id) VALUES (2797, '1e1d37e9-36a8-4b73-b617-c95ac156ef52');
INSERT INTO "words"."words" (id, word, syllables, frequency, category) VALUES (2798, 'possibile', 4, 0.000331, NULL);
INSERT INTO "words"."words_lists" (word_id, list_id) VALUES (2798, '1e1d37e9-36a8-4b73-b617-c95ac156ef52');
INSERT INTO "words"."words" (id, word, syllables, frequency, category) VALUES (2799, 'servire', 3, 0.0000251, NULL);
INSERT INTO "words"."words_lists" (word_id, list_id) VALUES (2799, '1e1d37e9-36a8-4b73-b617-c95ac156ef52');
INSERT INTO "words"."words" (id, word, syllables, frequency, category) VALUES (2800, 'sosta', 2, 0.0000123, NULL);
INSERT INTO "words"."words_lists" (word_id, list_id) VALUES (2800, '1e1d37e9-36a8-4b73-b617-c95ac156ef52');
INSERT INTO "words"."lists" (id, type) VALUES ('60dae96d-e615-43db-b2f7-2ae5654e9df2', 'categorized');
INSERT INTO "words"."words" (id, word, syllables, frequency, category) VALUES (2801, 'depressione', 4, 0.00002, NULL);
INSERT INTO "words"."words_lists" (word_id, list_id) VALUES (2801, '60dae96d-e615-43db-b2f7-2ae5654e9df2');
INSERT INTO "words"."words" (id, word, syllables, frequency, category) VALUES (2802, 'differenza', 4, 0.000112, NULL);
INSERT INTO "words"."words_lists" (word_id, list_id) VALUES (2802, '60dae96d-e615-43db-b2f7-2ae5654e9df2');
INSERT INTO "words"."words" (id, word, syllables, frequency, category) VALUES (2803, 'preparato', 4, 0.0000251, NULL);
INSERT INTO "words"."words_lists" (word_id, list_id) VALUES (2803, '60dae96d-e615-43db-b2f7-2ae5654e9df2');
INSERT INTO "words"."words" (id, word, syllables, frequency, category) VALUES (2804, 'ritmo', 2, 0.0000214, NULL);
INSERT INTO "words"."words_lists" (word_id, list_id) VALUES (2804, '60dae96d-e615-43db-b2f7-2ae5654e9df2');
INSERT INTO "words"."words" (id, word, syllables, frequency, category) VALUES (2805, 'manco', 2, 0.0000355, NULL);
INSERT INTO "words"."words_lists" (word_id, list_id) VALUES (2805, '60dae96d-e615-43db-b2f7-2ae5654e9df2');
INSERT INTO "words"."words" (id, word, syllables, frequency, category) VALUES (2806, 'intorno', 3, 0.000112, NULL);
INSERT INTO "words"."words_lists" (word_id, list_id) VALUES (2806, '60dae96d-e615-43db-b2f7-2ae5654e9df2');
INSERT INTO "words"."words" (id, word, syllables, frequency, category) VALUES (2807, 'novecento', 4, 0.0000105, NULL);
INSERT INTO "words"."words_lists" (word_id, list_id) VALUES (2807, '60dae96d-e615-43db-b2f7-2ae5654e9df2');
INSERT INTO "words"."words" (id, word, syllables, frequency, category) VALUES (2808, 'destino', 3, 0.0000407, NULL);
INSERT INTO "words"."words_lists" (word_id, list_id) VALUES (2808, '60dae96d-e615-43db-b2f7-2ae5654e9df2');
INSERT INTO "words"."words" (id, word, syllables, frequency, category) VALUES (2809, 'brutto', 2, 0.0000501, NULL);
INSERT INTO "words"."words_lists" (word_id, list_id) VALUES (2809, '60dae96d-e615-43db-b2f7-2ae5654e9df2');
INSERT INTO "words"."words" (id, word, syllables, frequency, category) VALUES (2810, 'mettersi', 3, 0.0000257, NULL);
INSERT INTO "words"."words_lists" (word_id, list_id) VALUES (2810, '60dae96d-e615-43db-b2f7-2ae5654e9df2');
INSERT INTO "words"."words" (id, word, syllables, frequency, category) VALUES (2811, 'tuo', 2, 0.000537, NULL);
INSERT INTO "words"."words_lists" (word_id, list_id) VALUES (2811, '60dae96d-e615-43db-b2f7-2ae5654e9df2');
INSERT INTO "words"."words" (id, word, syllables, frequency, category) VALUES (2812, 'infantile', 4, 0.0000117, NULL);
INSERT INTO "words"."words_lists" (word_id, list_id) VALUES (2812, '60dae96d-e615-43db-b2f7-2ae5654e9df2');
INSERT INTO "words"."words" (id, word, syllables, frequency, category) VALUES (2813, 'formaggio', 3, 0.0000186, NULL);
INSERT INTO "words"."words_lists" (word_id, list_id) VALUES (2813, '60dae96d-e615-43db-b2f7-2ae5654e9df2');
INSERT INTO "words"."words" (id, word, syllables, frequency, category) VALUES (2814, 'chiamato', 3, 0.000102, NULL);
INSERT INTO "words"."words_lists" (word_id, list_id) VALUES (2814, '60dae96d-e615-43db-b2f7-2ae5654e9df2');
INSERT INTO "words"."words" (id, word, syllables, frequency, category) VALUES (2815, 'femminile', 4, 0.0000661, NULL);
INSERT INTO "words"."words_lists" (word_id, list_id) VALUES (2815, '60dae96d-e615-43db-b2f7-2ae5654e9df2');
INSERT INTO "words"."words" (id, word, syllables, frequency, category) VALUES (2816, 'rotta', 2, 0.0000251, NULL);
INSERT INTO "words"."words_lists" (word_id, list_id) VALUES (2816, '60dae96d-e615-43db-b2f7-2ae5654e9df2');
INSERT INTO "words"."words" (id, word, syllables, frequency, category) VALUES (2817, 'puntata', 3, 0.0000427, NULL);
INSERT INTO "words"."words_lists" (word_id, list_id) VALUES (2817, '60dae96d-e615-43db-b2f7-2ae5654e9df2');
INSERT INTO "words"."words" (id, word, syllables, frequency, category) VALUES (2818, 'insieme', 3, 0.000417, NULL);
INSERT INTO "words"."words_lists" (word_id, list_id) VALUES (2818, '60dae96d-e615-43db-b2f7-2ae5654e9df2');
INSERT INTO "words"."words" (id, word, syllables, frequency, category) VALUES (2819, 'magazzino', 4, 0.0000141, NULL);
INSERT INTO "words"."words_lists" (word_id, list_id) VALUES (2819, '60dae96d-e615-43db-b2f7-2ae5654e9df2');
INSERT INTO "words"."words" (id, word, syllables, frequency, category) VALUES (2820, 'Novara', 3, 0.0000107, NULL);
INSERT INTO "words"."words_lists" (word_id, list_id) VALUES (2820, '60dae96d-e615-43db-b2f7-2ae5654e9df2');
INSERT INTO "words"."words" (id, word, syllables, frequency, category) VALUES (2821, 'tramite', 3, 0.000138, NULL);
INSERT INTO "words"."words_lists" (word_id, list_id) VALUES (2821, '60dae96d-e615-43db-b2f7-2ae5654e9df2');
INSERT INTO "words"."words" (id, word, syllables, frequency, category) VALUES (2822, 'arte', 2, 0.000151, NULL);
INSERT INTO "words"."words_lists" (word_id, list_id) VALUES (2822, '60dae96d-e615-43db-b2f7-2ae5654e9df2');
INSERT INTO "words"."words" (id, word, syllables, frequency, category) VALUES (2823, 'feci', 2, 0.0000117, NULL);
INSERT INTO "words"."words_lists" (word_id, list_id) VALUES (2823, '60dae96d-e615-43db-b2f7-2ae5654e9df2');
INSERT INTO "words"."words" (id, word, syllables, frequency, category) VALUES (2824, 'preparare', 4, 0.0000269, NULL);
INSERT INTO "words"."words_lists" (word_id, list_id) VALUES (2824, '60dae96d-e615-43db-b2f7-2ae5654e9df2');
INSERT INTO "words"."words" (id, word, syllables, frequency, category) VALUES (2825, 'terme', 2, 0.000012, NULL);
INSERT INTO "words"."words_lists" (word_id, list_id) VALUES (2825, '60dae96d-e615-43db-b2f7-2ae5654e9df2');
INSERT INTO "words"."words" (id, word, syllables, frequency, category) VALUES (2826, 'positiva', 4, 0.0000282, NULL);
INSERT INTO "words"."words_lists" (word_id, list_id) VALUES (2826, '60dae96d-e615-43db-b2f7-2ae5654e9df2');
INSERT INTO "words"."words" (id, word, syllables, frequency, category) VALUES (2827, 'proposito', 4, 0.0000832, NULL);
INSERT INTO "words"."words_lists" (word_id, list_id) VALUES (2827, '60dae96d-e615-43db-b2f7-2ae5654e9df2');
INSERT INTO "words"."words" (id, word, syllables, frequency, category) VALUES (2828, 'ristorante', 4, 0.0000457, NULL);
INSERT INTO "words"."words_lists" (word_id, list_id) VALUES (2828, '60dae96d-e615-43db-b2f7-2ae5654e9df2');
INSERT INTO "words"."words" (id, word, syllables, frequency, category) VALUES (2829, 'scoperto', 3, 0.0001, NULL);
INSERT INTO "words"."words_lists" (word_id, list_id) VALUES (2829, '60dae96d-e615-43db-b2f7-2ae5654e9df2');
INSERT INTO "words"."words" (id, word, syllables, frequency, category) VALUES (2830, 'profumo', 3, 0.0000191, NULL);
INSERT INTO "words"."words_lists" (word_id, list_id) VALUES (2830, '60dae96d-e615-43db-b2f7-2ae5654e9df2');
INSERT INTO "words"."words" (id, word, syllables, frequency, category) VALUES (2831, 'truffa', 2, 0.0000135, NULL);
INSERT INTO "words"."words_lists" (word_id, list_id) VALUES (2831, '60dae96d-e615-43db-b2f7-2ae5654e9df2');
INSERT INTO "words"."words" (id, word, syllables, frequency, category) VALUES (2832, 'frequente', 3, 0.0000126, NULL);
INSERT INTO "words"."words_lists" (word_id, list_id) VALUES (2832, '60dae96d-e615-43db-b2f7-2ae5654e9df2');
INSERT INTO "words"."lists" (id, type) VALUES ('4a662ab9-bd53-46c9-a3b8-bea01180116f', 'categorized');
INSERT INTO "words"."words" (id, word, syllables, frequency, category) VALUES (2833, 'creato', 3, 0.0000759, NULL);
INSERT INTO "words"."words_lists" (word_id, list_id) VALUES (2833, '4a662ab9-bd53-46c9-a3b8-bea01180116f');
INSERT INTO "words"."words" (id, word, syllables, frequency, category) VALUES (2834, 'maschera', 3, 0.0000219, NULL);
INSERT INTO "words"."words_lists" (word_id, list_id) VALUES (2834, '4a662ab9-bd53-46c9-a3b8-bea01180116f');
INSERT INTO "words"."words" (id, word, syllables, frequency, category) VALUES (2835, 'materia', 3, 0.0000741, NULL);
INSERT INTO "words"."words_lists" (word_id, list_id) VALUES (2835, '4a662ab9-bd53-46c9-a3b8-bea01180116f');
INSERT INTO "words"."words" (id, word, syllables, frequency, category) VALUES (2836, 'segretario', 4, 0.0000513, NULL);
INSERT INTO "words"."words_lists" (word_id, list_id) VALUES (2836, '4a662ab9-bd53-46c9-a3b8-bea01180116f');
INSERT INTO "words"."words" (id, word, syllables, frequency, category) VALUES (2837, 'esperienza', 4, 0.000155, NULL);
INSERT INTO "words"."words_lists" (word_id, list_id) VALUES (2837, '4a662ab9-bd53-46c9-a3b8-bea01180116f');
INSERT INTO "words"."words" (id, word, syllables, frequency, category) VALUES (2838, 'dipendente', 4, 0.0000229, NULL);
INSERT INTO "words"."words_lists" (word_id, list_id) VALUES (2838, '4a662ab9-bd53-46c9-a3b8-bea01180116f');
INSERT INTO "words"."words" (id, word, syllables, frequency, category) VALUES (2839, 'era', 2, 0.00178, NULL);
INSERT INTO "words"."words_lists" (word_id, list_id) VALUES (2839, '4a662ab9-bd53-46c9-a3b8-bea01180116f');
INSERT INTO "words"."words" (id, word, syllables, frequency, category) VALUES (2840, 'investire', 4, 0.0000178, NULL);
INSERT INTO "words"."words_lists" (word_id, list_id) VALUES (2840, '4a662ab9-bd53-46c9-a3b8-bea01180116f');
INSERT INTO "words"."words" (id, word, syllables, frequency, category) VALUES (2841, 'volante', 3, 0.0000148, NULL);
INSERT INTO "words"."words_lists" (word_id, list_id) VALUES (2841, '4a662ab9-bd53-46c9-a3b8-bea01180116f');
INSERT INTO "words"."words" (id, word, syllables, frequency, category) VALUES (2842, 'carabinieri', 5, 0.0000316, NULL);
INSERT INTO "words"."words_lists" (word_id, list_id) VALUES (2842, '4a662ab9-bd53-46c9-a3b8-bea01180116f');
INSERT INTO "words"."words" (id, word, syllables, frequency, category) VALUES (2843, 'edilizia', 4, 0.0000126, NULL);
INSERT INTO "words"."words_lists" (word_id, list_id) VALUES (2843, '4a662ab9-bd53-46c9-a3b8-bea01180116f');
INSERT INTO "words"."words" (id, word, syllables, frequency, category) VALUES (2844, 'presso', 2, 0.000234, NULL);
INSERT INTO "words"."words_lists" (word_id, list_id) VALUES (2844, '4a662ab9-bd53-46c9-a3b8-bea01180116f');
INSERT INTO "words"."words" (id, word, syllables, frequency, category) VALUES (2845, 'preghiera', 3, 0.0000234, NULL);
INSERT INTO "words"."words_lists" (word_id, list_id) VALUES (2845, '4a662ab9-bd53-46c9-a3b8-bea01180116f');
INSERT INTO "words"."words" (id, word, syllables, frequency, category) VALUES (2846, 'fascino', 3, 0.0000145, NULL);
INSERT INTO "words"."words_lists" (word_id, list_id) VALUES (2846, '4a662ab9-bd53-46c9-a3b8-bea01180116f');
INSERT INTO "words"."words" (id, word, syllables, frequency, category) VALUES (2847, 'escluso', 3, 0.0000148, NULL);
INSERT INTO "words"."words_lists" (word_id, list_id) VALUES (2847, '4a662ab9-bd53-46c9-a3b8-bea01180116f');
INSERT INTO "words"."words" (id, word, syllables, frequency, category) VALUES (2848, 'occidente', 4, 0.0000195, NULL);
INSERT INTO "words"."words_lists" (word_id, list_id) VALUES (2848, '4a662ab9-bd53-46c9-a3b8-bea01180116f');
INSERT INTO "words"."words" (id, word, syllables, frequency, category) VALUES (2849, 'unità', 3, 0.0000794, NULL);
INSERT INTO "words"."words_lists" (word_id, list_id) VALUES (2849, '4a662ab9-bd53-46c9-a3b8-bea01180116f');
INSERT INTO "words"."words" (id, word, syllables, frequency, category) VALUES (2850, 'controllo', 3, 0.000174, NULL);
INSERT INTO "words"."words_lists" (word_id, list_id) VALUES (2850, '4a662ab9-bd53-46c9-a3b8-bea01180116f');
INSERT INTO "words"."words" (id, word, syllables, frequency, category) VALUES (2851, 'fisica', 3, 0.0000708, NULL);
INSERT INTO "words"."words_lists" (word_id, list_id) VALUES (2851, '4a662ab9-bd53-46c9-a3b8-bea01180116f');
INSERT INTO "words"."words" (id, word, syllables, frequency, category) VALUES (2852, 'bloccare', 3, 0.0000178, NULL);
INSERT INTO "words"."words_lists" (word_id, list_id) VALUES (2852, '4a662ab9-bd53-46c9-a3b8-bea01180116f');
INSERT INTO "words"."words" (id, word, syllables, frequency, category) VALUES (2853, 'tagliare', 3, 0.0000214, NULL);
INSERT INTO "words"."words_lists" (word_id, list_id) VALUES (2853, '4a662ab9-bd53-46c9-a3b8-bea01180116f');
INSERT INTO "words"."words" (id, word, syllables, frequency, category) VALUES (2854, 'dipinto', 3, 0.0000182, NULL);
INSERT INTO "words"."words_lists" (word_id, list_id) VALUES (2854, '4a662ab9-bd53-46c9-a3b8-bea01180116f');
INSERT INTO "words"."words" (id, word, syllables, frequency, category) VALUES (2855, 'esilio', 4, 0.0000102, NULL);
INSERT INTO "words"."words_lists" (word_id, list_id) VALUES (2855, '4a662ab9-bd53-46c9-a3b8-bea01180116f');
INSERT INTO "words"."words" (id, word, syllables, frequency, category) VALUES (2856, 'annuale', 4, 0.0000251, NULL);
INSERT INTO "words"."words_lists" (word_id, list_id) VALUES (2856, '4a662ab9-bd53-46c9-a3b8-bea01180116f');
INSERT INTO "words"."words" (id, word, syllables, frequency, category) VALUES (2857, 'chiedere', 3, 0.00011, NULL);
INSERT INTO "words"."words_lists" (word_id, list_id) VALUES (2857, '4a662ab9-bd53-46c9-a3b8-bea01180116f');
INSERT INTO "words"."words" (id, word, syllables, frequency, category) VALUES (2858, 'candidato', 4, 0.000038, NULL);
INSERT INTO "words"."words_lists" (word_id, list_id) VALUES (2858, '4a662ab9-bd53-46c9-a3b8-bea01180116f');
INSERT INTO "words"."words" (id, word, syllables, frequency, category) VALUES (2859, 'eccessivo', 4, 0.0000112, NULL);
INSERT INTO "words"."words_lists" (word_id, list_id) VALUES (2859, '4a662ab9-bd53-46c9-a3b8-bea01180116f');
INSERT INTO "words"."words" (id, word, syllables, frequency, category) VALUES (2860, 'numero', 3, 0.00038, NULL);
INSERT INTO "words"."words_lists" (word_id, list_id) VALUES (2860, '4a662ab9-bd53-46c9-a3b8-bea01180116f');
INSERT INTO "words"."words" (id, word, syllables, frequency, category) VALUES (2861, 'esterno', 3, 0.0000355, NULL);
INSERT INTO "words"."words_lists" (word_id, list_id) VALUES (2861, '4a662ab9-bd53-46c9-a3b8-bea01180116f');
INSERT INTO "words"."words" (id, word, syllables, frequency, category) VALUES (2862, 'volontà', 3, 0.0000631, NULL);
INSERT INTO "words"."words_lists" (word_id, list_id) VALUES (2862, '4a662ab9-bd53-46c9-a3b8-bea01180116f');
INSERT INTO "words"."words" (id, word, syllables, frequency, category) VALUES (2863, 'impedire', 4, 0.0000282, NULL);
INSERT INTO "words"."words_lists" (word_id, list_id) VALUES (2863, '4a662ab9-bd53-46c9-a3b8-bea01180116f');
INSERT INTO "words"."words" (id, word, syllables, frequency, category) VALUES (2864, 'maestà', 3, 0.000011, NULL);
INSERT INTO "words"."words_lists" (word_id, list_id) VALUES (2864, '4a662ab9-bd53-46c9-a3b8-bea01180116f');
INSERT INTO "words"."lists" (id, type) VALUES ('37ebd9b9-45a8-46fc-8633-a431dfc761d6', 'categorized');
INSERT INTO "words"."words" (id, word, syllables, frequency, category) VALUES (2865, 'ponte', 2, 0.0000603, NULL);
INSERT INTO "words"."words_lists" (word_id, list_id) VALUES (2865, '37ebd9b9-45a8-46fc-8633-a431dfc761d6');
INSERT INTO "words"."words" (id, word, syllables, frequency, category) VALUES (2866, 'divino', 3, 0.0000105, NULL);
INSERT INTO "words"."words_lists" (word_id, list_id) VALUES (2866, '37ebd9b9-45a8-46fc-8633-a431dfc761d6');
INSERT INTO "words"."words" (id, word, syllables, frequency, category) VALUES (2867, 'lasciare', 3, 0.0000933, NULL);
INSERT INTO "words"."words_lists" (word_id, list_id) VALUES (2867, '37ebd9b9-45a8-46fc-8633-a431dfc761d6');
INSERT INTO "words"."words" (id, word, syllables, frequency, category) VALUES (2868, 'estero', 3, 0.0000158, NULL);
INSERT INTO "words"."words_lists" (word_id, list_id) VALUES (2868, '37ebd9b9-45a8-46fc-8633-a431dfc761d6');
INSERT INTO "words"."words" (id, word, syllables, frequency, category) VALUES (2869, 'regola', 3, 0.0000513, NULL);
INSERT INTO "words"."words_lists" (word_id, list_id) VALUES (2869, '37ebd9b9-45a8-46fc-8633-a431dfc761d6');
INSERT INTO "words"."words" (id, word, syllables, frequency, category) VALUES (2870, 'faccenda', 3, 0.0000148, NULL);
INSERT INTO "words"."words_lists" (word_id, list_id) VALUES (2870, '37ebd9b9-45a8-46fc-8633-a431dfc761d6');
INSERT INTO "words"."words" (id, word, syllables, frequency, category) VALUES (2871, 'ferito', 3, 0.000024, NULL);
INSERT INTO "words"."words_lists" (word_id, list_id) VALUES (2871, '37ebd9b9-45a8-46fc-8633-a431dfc761d6');
INSERT INTO "words"."words" (id, word, syllables, frequency, category) VALUES (2872, 'ritratto', 3, 0.0000245, NULL);
INSERT INTO "words"."words_lists" (word_id, list_id) VALUES (2872, '37ebd9b9-45a8-46fc-8633-a431dfc761d6');
INSERT INTO "words"."words" (id, word, syllables, frequency, category) VALUES (2873, 'anteriore', 4, 0.0000182, NULL);
INSERT INTO "words"."words_lists" (word_id, list_id) VALUES (2873, '37ebd9b9-45a8-46fc-8633-a431dfc761d6');
INSERT INTO "words"."words" (id, word, syllables, frequency, category) VALUES (2874, 'udienza', 3, 0.0000126, NULL);
INSERT INTO "words"."words_lists" (word_id, list_id) VALUES (2874, '37ebd9b9-45a8-46fc-8633-a431dfc761d6');
INSERT INTO "words"."words" (id, word, syllables, frequency, category) VALUES (2875, 'vangelo', 3, 0.0000138, NULL);
INSERT INTO "words"."words_lists" (word_id, list_id) VALUES (2875, '37ebd9b9-45a8-46fc-8633-a431dfc761d6');
INSERT INTO "words"."words" (id, word, syllables, frequency, category) VALUES (2876, 'sorta', 2, 0.0000537, NULL);
INSERT INTO "words"."words_lists" (word_id, list_id) VALUES (2876, '37ebd9b9-45a8-46fc-8633-a431dfc761d6');
INSERT INTO "words"."words" (id, word, syllables, frequency, category) VALUES (2877, 'costante', 3, 0.0000468, NULL);
INSERT INTO "words"."words_lists" (word_id, list_id) VALUES (2877, '37ebd9b9-45a8-46fc-8633-a431dfc761d6');
INSERT INTO "words"."words" (id, word, syllables, frequency, category) VALUES (2878, 'pallone', 3, 0.0000126, NULL);
INSERT INTO "words"."words_lists" (word_id, list_id) VALUES (2878, '37ebd9b9-45a8-46fc-8633-a431dfc761d6');
INSERT INTO "words"."words" (id, word, syllables, frequency, category) VALUES (2879, 'forma', 2, 0.000229, NULL);
INSERT INTO "words"."words_lists" (word_id, list_id) VALUES (2879, '37ebd9b9-45a8-46fc-8633-a431dfc761d6');
INSERT INTO "words"."words" (id, word, syllables, frequency, category) VALUES (2880, 'fuga', 2, 0.0000437, NULL);
INSERT INTO "words"."words_lists" (word_id, list_id) VALUES (2880, '37ebd9b9-45a8-46fc-8633-a431dfc761d6');
INSERT INTO "words"."words" (id, word, syllables, frequency, category) VALUES (2881, 'figlio', 2, 0.000224, NULL);
INSERT INTO "words"."words_lists" (word_id, list_id) VALUES (2881, '37ebd9b9-45a8-46fc-8633-a431dfc761d6');
INSERT INTO "words"."words" (id, word, syllables, frequency, category) VALUES (2882, 'presto', 2, 0.000145, NULL);
INSERT INTO "words"."words_lists" (word_id, list_id) VALUES (2882, '37ebd9b9-45a8-46fc-8633-a431dfc761d6');
INSERT INTO "words"."words" (id, word, syllables, frequency, category) VALUES (2883, 'bontà', 2, 0.0000105, NULL);
INSERT INTO "words"."words_lists" (word_id, list_id) VALUES (2883, '37ebd9b9-45a8-46fc-8633-a431dfc761d6');
INSERT INTO "words"."words" (id, word, syllables, frequency, category) VALUES (2884, 'formato', 3, 0.0000525, NULL);
INSERT INTO "words"."words_lists" (word_id, list_id) VALUES (2884, '37ebd9b9-45a8-46fc-8633-a431dfc761d6');
INSERT INTO "words"."words" (id, word, syllables, frequency, category) VALUES (2885, 'invidia', 3, 0.0000107, NULL);
INSERT INTO "words"."words_lists" (word_id, list_id) VALUES (2885, '37ebd9b9-45a8-46fc-8633-a431dfc761d6');
INSERT INTO "words"."words" (id, word, syllables, frequency, category) VALUES (2886, 'sforzo', 2, 0.0000288, NULL);
INSERT INTO "words"."words_lists" (word_id, list_id) VALUES (2886, '37ebd9b9-45a8-46fc-8633-a431dfc761d6');
INSERT INTO "words"."words" (id, word, syllables, frequency, category) VALUES (2887, 'assunto', 3, 0.0000339, NULL);
INSERT INTO "words"."words_lists" (word_id, list_id) VALUES (2887, '37ebd9b9-45a8-46fc-8633-a431dfc761d6');
INSERT INTO "words"."words" (id, word, syllables, frequency, category) VALUES (2888, 'campana', 3, 0.0000102, NULL);
INSERT INTO "words"."words_lists" (word_id, list_id) VALUES (2888, '37ebd9b9-45a8-46fc-8633-a431dfc761d6');
INSERT INTO "words"."words" (id, word, syllables, frequency, category) VALUES (2889, 'forno', 2, 0.0000182, NULL);
INSERT INTO "words"."words_lists" (word_id, list_id) VALUES (2889, '37ebd9b9-45a8-46fc-8633-a431dfc761d6');
INSERT INTO "words"."words" (id, word, syllables, frequency, category) VALUES (2890, 'nato', 2, 0.0001, NULL);
INSERT INTO "words"."words_lists" (word_id, list_id) VALUES (2890, '37ebd9b9-45a8-46fc-8633-a431dfc761d6');
INSERT INTO "words"."words" (id, word, syllables, frequency, category) VALUES (2891, 'finanza', 3, 0.0000269, NULL);
INSERT INTO "words"."words_lists" (word_id, list_id) VALUES (2891, '37ebd9b9-45a8-46fc-8633-a431dfc761d6');
INSERT INTO "words"."words" (id, word, syllables, frequency, category) VALUES (2892, 'operare', 4, 0.0000178, NULL);
INSERT INTO "words"."words_lists" (word_id, list_id) VALUES (2892, '37ebd9b9-45a8-46fc-8633-a431dfc761d6');
INSERT INTO "words"."words" (id, word, syllables, frequency, category) VALUES (2893, 'lanciare', 3, 0.000017, NULL);
INSERT INTO "words"."words_lists" (word_id, list_id) VALUES (2893, '37ebd9b9-45a8-46fc-8633-a431dfc761d6');
INSERT INTO "words"."words" (id, word, syllables, frequency, category) VALUES (2894, 'pensare', 3, 0.000186, NULL);
INSERT INTO "words"."words_lists" (word_id, list_id) VALUES (2894, '37ebd9b9-45a8-46fc-8633-a431dfc761d6');
INSERT INTO "words"."words" (id, word, syllables, frequency, category) VALUES (2895, 'tradimento', 4, 0.0000162, NULL);
INSERT INTO "words"."words_lists" (word_id, list_id) VALUES (2895, '37ebd9b9-45a8-46fc-8633-a431dfc761d6');
INSERT INTO "words"."words" (id, word, syllables, frequency, category) VALUES (2896, 'adesso', 3, 0.000324, NULL);
INSERT INTO "words"."words_lists" (word_id, list_id) VALUES (2896, '37ebd9b9-45a8-46fc-8633-a431dfc761d6');
INSERT INTO "words"."lists" (id, type) VALUES ('4a985fcc-daef-4d5e-96a6-1f239bcfbbff', 'categorized');
INSERT INTO "words"."words" (id, word, syllables, frequency, category) VALUES (2897, 'leggero', 3, 0.0000214, NULL);
INSERT INTO "words"."words_lists" (word_id, list_id) VALUES (2897, '4a985fcc-daef-4d5e-96a6-1f239bcfbbff');
INSERT INTO "words"."words" (id, word, syllables, frequency, category) VALUES (2898, 'dibattito', 4, 0.0000347, NULL);
INSERT INTO "words"."words_lists" (word_id, list_id) VALUES (2898, '4a985fcc-daef-4d5e-96a6-1f239bcfbbff');
INSERT INTO "words"."words" (id, word, syllables, frequency, category) VALUES (2899, 'palazzo', 3, 0.0000871, NULL);
INSERT INTO "words"."words_lists" (word_id, list_id) VALUES (2899, '4a985fcc-daef-4d5e-96a6-1f239bcfbbff');
INSERT INTO "words"."words" (id, word, syllables, frequency, category) VALUES (2900, 'partito', 3, 0.000204, NULL);
INSERT INTO "words"."words_lists" (word_id, list_id) VALUES (2900, '4a985fcc-daef-4d5e-96a6-1f239bcfbbff');
INSERT INTO "words"."words" (id, word, syllables, frequency, category) VALUES (2901, 'dominante', 4, 0.0000135, NULL);
INSERT INTO "words"."words_lists" (word_id, list_id) VALUES (2901, '4a985fcc-daef-4d5e-96a6-1f239bcfbbff');
INSERT INTO "words"."words" (id, word, syllables, frequency, category) VALUES (2902, 'pausa', 2, 0.0000316, NULL);
INSERT INTO "words"."words_lists" (word_id, list_id) VALUES (2902, '4a985fcc-daef-4d5e-96a6-1f239bcfbbff');
INSERT INTO "words"."words" (id, word, syllables, frequency, category) VALUES (2903, 'ricorrere', 4, 0.0000145, NULL);
INSERT INTO "words"."words_lists" (word_id, list_id) VALUES (2903, '4a985fcc-daef-4d5e-96a6-1f239bcfbbff');
INSERT INTO "words"."words" (id, word, syllables, frequency, category) VALUES (2904, 'accento', 3, 0.0000141, NULL);
INSERT INTO "words"."words_lists" (word_id, list_id) VALUES (2904, '4a985fcc-daef-4d5e-96a6-1f239bcfbbff');
INSERT INTO "words"."words" (id, word, syllables, frequency, category) VALUES (2905, 'togliere', 3, 0.0000316, NULL);
INSERT INTO "words"."words_lists" (word_id, list_id) VALUES (2905, '4a985fcc-daef-4d5e-96a6-1f239bcfbbff');
INSERT INTO "words"."words" (id, word, syllables, frequency, category) VALUES (2906, 'missione', 3, 0.0000661, NULL);
INSERT INTO "words"."words_lists" (word_id, list_id) VALUES (2906, '4a985fcc-daef-4d5e-96a6-1f239bcfbbff');
INSERT INTO "words"."words" (id, word, syllables, frequency, category) VALUES (2907, 'Bari', 2, 0.0000372, NULL);
INSERT INTO "words"."words_lists" (word_id, list_id) VALUES (2907, '4a985fcc-daef-4d5e-96a6-1f239bcfbbff');
INSERT INTO "words"."words" (id, word, syllables, frequency, category) VALUES (2908, 'sequenza', 3, 0.0000123, NULL);
INSERT INTO "words"."words_lists" (word_id, list_id) VALUES (2908, '4a985fcc-daef-4d5e-96a6-1f239bcfbbff');
INSERT INTO "words"."words" (id, word, syllables, frequency, category) VALUES (2909, 'puntata', 3, 0.0000427, NULL);
INSERT INTO "words"."words_lists" (word_id, list_id) VALUES (2909, '4a985fcc-daef-4d5e-96a6-1f239bcfbbff');
INSERT INTO "words"."words" (id, word, syllables, frequency, category) VALUES (2910, 'chiamare', 3, 0.0000468, NULL);
INSERT INTO "words"."words_lists" (word_id, list_id) VALUES (2910, '4a985fcc-daef-4d5e-96a6-1f239bcfbbff');
INSERT INTO "words"."words" (id, word, syllables, frequency, category) VALUES (2911, 'esclusiva', 4, 0.0000209, NULL);
INSERT INTO "words"."words_lists" (word_id, list_id) VALUES (2911, '4a985fcc-daef-4d5e-96a6-1f239bcfbbff');
INSERT INTO "words"."words" (id, word, syllables, frequency, category) VALUES (2912, 'movimento', 4, 0.000132, NULL);
INSERT INTO "words"."words_lists" (word_id, list_id) VALUES (2912, '4a985fcc-daef-4d5e-96a6-1f239bcfbbff');
INSERT INTO "words"."words" (id, word, syllables, frequency, category) VALUES (2913, 'avvio', 3, 0.000012, NULL);
INSERT INTO "words"."words_lists" (word_id, list_id) VALUES (2913, '4a985fcc-daef-4d5e-96a6-1f239bcfbbff');
INSERT INTO "words"."words" (id, word, syllables, frequency, category) VALUES (2914, 'monopolio', 4, 0.00001, NULL);
INSERT INTO "words"."words_lists" (word_id, list_id) VALUES (2914, '4a985fcc-daef-4d5e-96a6-1f239bcfbbff');
INSERT INTO "words"."words" (id, word, syllables, frequency, category) VALUES (2915, 'dotato', 3, 0.0000214, NULL);
INSERT INTO "words"."words_lists" (word_id, list_id) VALUES (2915, '4a985fcc-daef-4d5e-96a6-1f239bcfbbff');
INSERT INTO "words"."words" (id, word, syllables, frequency, category) VALUES (2916, 'podio', 2, 0.0000107, NULL);
INSERT INTO "words"."words_lists" (word_id, list_id) VALUES (2916, '4a985fcc-daef-4d5e-96a6-1f239bcfbbff');
INSERT INTO "words"."words" (id, word, syllables, frequency, category) VALUES (2917, 'federazione', 5, 0.0000224, NULL);
INSERT INTO "words"."words_lists" (word_id, list_id) VALUES (2917, '4a985fcc-daef-4d5e-96a6-1f239bcfbbff');
INSERT INTO "words"."words" (id, word, syllables, frequency, category) VALUES (2918, 'canone', 3, 0.0000141, NULL);
INSERT INTO "words"."words_lists" (word_id, list_id) VALUES (2918, '4a985fcc-daef-4d5e-96a6-1f239bcfbbff');
INSERT INTO "words"."words" (id, word, syllables, frequency, category) VALUES (2919, 'contratto', 3, 0.000112, NULL);
INSERT INTO "words"."words_lists" (word_id, list_id) VALUES (2919, '4a985fcc-daef-4d5e-96a6-1f239bcfbbff');
INSERT INTO "words"."words" (id, word, syllables, frequency, category) VALUES (2920, 'gomma', 2, 0.0000158, NULL);
INSERT INTO "words"."words_lists" (word_id, list_id) VALUES (2920, '4a985fcc-daef-4d5e-96a6-1f239bcfbbff');
INSERT INTO "words"."words" (id, word, syllables, frequency, category) VALUES (2921, 'mondiali', 3, 0.000038, NULL);
INSERT INTO "words"."words_lists" (word_id, list_id) VALUES (2921, '4a985fcc-daef-4d5e-96a6-1f239bcfbbff');
INSERT INTO "words"."words" (id, word, syllables, frequency, category) VALUES (2922, 'vicinanza', 4, 0.0000112, NULL);
INSERT INTO "words"."words_lists" (word_id, list_id) VALUES (2922, '4a985fcc-daef-4d5e-96a6-1f239bcfbbff');
INSERT INTO "words"."words" (id, word, syllables, frequency, category) VALUES (2923, 'letterario', 4, 0.0000162, NULL);
INSERT INTO "words"."words_lists" (word_id, list_id) VALUES (2923, '4a985fcc-daef-4d5e-96a6-1f239bcfbbff');
INSERT INTO "words"."words" (id, word, syllables, frequency, category) VALUES (2924, 'guardia', 2, 0.0000562, NULL);
INSERT INTO "words"."words_lists" (word_id, list_id) VALUES (2924, '4a985fcc-daef-4d5e-96a6-1f239bcfbbff');
INSERT INTO "words"."words" (id, word, syllables, frequency, category) VALUES (2925, 'appartenente', 5, 0.0000107, NULL);
INSERT INTO "words"."words_lists" (word_id, list_id) VALUES (2925, '4a985fcc-daef-4d5e-96a6-1f239bcfbbff');
INSERT INTO "words"."words" (id, word, syllables, frequency, category) VALUES (2926, 'frase', 2, 0.0000537, NULL);
INSERT INTO "words"."words_lists" (word_id, list_id) VALUES (2926, '4a985fcc-daef-4d5e-96a6-1f239bcfbbff');
INSERT INTO "words"."words" (id, word, syllables, frequency, category) VALUES (2927, 'mostrare', 3, 0.0000295, NULL);
INSERT INTO "words"."words_lists" (word_id, list_id) VALUES (2927, '4a985fcc-daef-4d5e-96a6-1f239bcfbbff');
INSERT INTO "words"."words" (id, word, syllables, frequency, category) VALUES (2928, 'libertà', 3, 0.000145, NULL);
INSERT INTO "words"."words_lists" (word_id, list_id) VALUES (2928, '4a985fcc-daef-4d5e-96a6-1f239bcfbbff');
INSERT INTO "words"."lists" (id, type) VALUES ('00662255-0e4a-43a0-a2b8-dc44a80155c9', 'categorized');
INSERT INTO "words"."words" (id, word, syllables, frequency, category) VALUES (2929, 'fissare', 3, 0.0000112, NULL);
INSERT INTO "words"."words_lists" (word_id, list_id) VALUES (2929, '00662255-0e4a-43a0-a2b8-dc44a80155c9');
INSERT INTO "words"."words" (id, word, syllables, frequency, category) VALUES (2930, 'ragionamento', 5, 0.0000132, NULL);
INSERT INTO "words"."words_lists" (word_id, list_id) VALUES (2930, '00662255-0e4a-43a0-a2b8-dc44a80155c9');
INSERT INTO "words"."words" (id, word, syllables, frequency, category) VALUES (2931, 'ragionare', 4, 0.00001, NULL);
INSERT INTO "words"."words_lists" (word_id, list_id) VALUES (2931, '00662255-0e4a-43a0-a2b8-dc44a80155c9');
INSERT INTO "words"."words" (id, word, syllables, frequency, category) VALUES (2932, 'gestione', 3, 0.0000776, NULL);
INSERT INTO "words"."words_lists" (word_id, list_id) VALUES (2932, '00662255-0e4a-43a0-a2b8-dc44a80155c9');
INSERT INTO "words"."words" (id, word, syllables, frequency, category) VALUES (2933, 'mostro', 2, 0.00002, NULL);
INSERT INTO "words"."words_lists" (word_id, list_id) VALUES (2933, '00662255-0e4a-43a0-a2b8-dc44a80155c9');
INSERT INTO "words"."words" (id, word, syllables, frequency, category) VALUES (2934, 'risoluzione', 5, 0.0000288, NULL);
INSERT INTO "words"."words_lists" (word_id, list_id) VALUES (2934, '00662255-0e4a-43a0-a2b8-dc44a80155c9');
INSERT INTO "words"."words" (id, word, syllables, frequency, category) VALUES (2935, 'formare', 3, 0.0000269, NULL);
INSERT INTO "words"."words_lists" (word_id, list_id) VALUES (2935, '00662255-0e4a-43a0-a2b8-dc44a80155c9');
INSERT INTO "words"."words" (id, word, syllables, frequency, category) VALUES (2936, 'armonia', 4, 0.0000129, NULL);
INSERT INTO "words"."words_lists" (word_id, list_id) VALUES (2936, '00662255-0e4a-43a0-a2b8-dc44a80155c9');
INSERT INTO "words"."words" (id, word, syllables, frequency, category) VALUES (2937, 'proposto', 3, 0.0000372, NULL);
INSERT INTO "words"."words_lists" (word_id, list_id) VALUES (2937, '00662255-0e4a-43a0-a2b8-dc44a80155c9');
INSERT INTO "words"."words" (id, word, syllables, frequency, category) VALUES (2938, 'colombo', 3, 0.0000126, NULL);
INSERT INTO "words"."words_lists" (word_id, list_id) VALUES (2938, '00662255-0e4a-43a0-a2b8-dc44a80155c9');
INSERT INTO "words"."words" (id, word, syllables, frequency, category) VALUES (2939, 'rispetto', 3, 0.000331, NULL);
INSERT INTO "words"."words_lists" (word_id, list_id) VALUES (2939, '00662255-0e4a-43a0-a2b8-dc44a80155c9');
INSERT INTO "words"."words" (id, word, syllables, frequency, category) VALUES (2940, 'andare', 3, 0.000417, NULL);
INSERT INTO "words"."words_lists" (word_id, list_id) VALUES (2940, '00662255-0e4a-43a0-a2b8-dc44a80155c9');
INSERT INTO "words"."words" (id, word, syllables, frequency, category) VALUES (2941, 'rendersi', 3, 0.0000115, NULL);
INSERT INTO "words"."words_lists" (word_id, list_id) VALUES (2941, '00662255-0e4a-43a0-a2b8-dc44a80155c9');
INSERT INTO "words"."words" (id, word, syllables, frequency, category) VALUES (2942, 'soccorso', 3, 0.000038, NULL);
INSERT INTO "words"."words_lists" (word_id, list_id) VALUES (2942, '00662255-0e4a-43a0-a2b8-dc44a80155c9');
INSERT INTO "words"."words" (id, word, syllables, frequency, category) VALUES (2943, 'organismo', 4, 0.0000117, NULL);
INSERT INTO "words"."words_lists" (word_id, list_id) VALUES (2943, '00662255-0e4a-43a0-a2b8-dc44a80155c9');
INSERT INTO "words"."words" (id, word, syllables, frequency, category) VALUES (2944, 'bloccato', 3, 0.0000295, NULL);
INSERT INTO "words"."words_lists" (word_id, list_id) VALUES (2944, '00662255-0e4a-43a0-a2b8-dc44a80155c9');
INSERT INTO "words"."words" (id, word, syllables, frequency, category) VALUES (2945, 'distretto', 3, 0.0000417, NULL);
INSERT INTO "words"."words_lists" (word_id, list_id) VALUES (2945, '00662255-0e4a-43a0-a2b8-dc44a80155c9');
INSERT INTO "words"."words" (id, word, syllables, frequency, category) VALUES (2946, 'navigazione', 5, 0.0000178, NULL);
INSERT INTO "words"."words_lists" (word_id, list_id) VALUES (2946, '00662255-0e4a-43a0-a2b8-dc44a80155c9');
INSERT INTO "words"."words" (id, word, syllables, frequency, category) VALUES (2947, 'fare', 2, 0.00141, NULL);
INSERT INTO "words"."words_lists" (word_id, list_id) VALUES (2947, '00662255-0e4a-43a0-a2b8-dc44a80155c9');
INSERT INTO "words"."words" (id, word, syllables, frequency, category) VALUES (2948, 'addetto', 3, 0.0000129, NULL);
INSERT INTO "words"."words_lists" (word_id, list_id) VALUES (2948, '00662255-0e4a-43a0-a2b8-dc44a80155c9');
INSERT INTO "words"."words" (id, word, syllables, frequency, category) VALUES (2949, 'assistito', 4, 0.0000148, NULL);
INSERT INTO "words"."words_lists" (word_id, list_id) VALUES (2949, '00662255-0e4a-43a0-a2b8-dc44a80155c9');
INSERT INTO "words"."words" (id, word, syllables, frequency, category) VALUES (2950, 'silenzio', 3, 0.0000794, NULL);
INSERT INTO "words"."words_lists" (word_id, list_id) VALUES (2950, '00662255-0e4a-43a0-a2b8-dc44a80155c9');
INSERT INTO "words"."words" (id, word, syllables, frequency, category) VALUES (2951, 'periodo', 4, 0.000219, NULL);
INSERT INTO "words"."words_lists" (word_id, list_id) VALUES (2951, '00662255-0e4a-43a0-a2b8-dc44a80155c9');
INSERT INTO "words"."words" (id, word, syllables, frequency, category) VALUES (2952, 'morto', 2, 0.00011, NULL);
INSERT INTO "words"."words_lists" (word_id, list_id) VALUES (2952, '00662255-0e4a-43a0-a2b8-dc44a80155c9');
INSERT INTO "words"."words" (id, word, syllables, frequency, category) VALUES (2953, 'corrispondente', 5, 0.0000204, NULL);
INSERT INTO "words"."words_lists" (word_id, list_id) VALUES (2953, '00662255-0e4a-43a0-a2b8-dc44a80155c9');
INSERT INTO "words"."words" (id, word, syllables, frequency, category) VALUES (2954, 'soggetto', 3, 0.0000513, NULL);
INSERT INTO "words"."words_lists" (word_id, list_id) VALUES (2954, '00662255-0e4a-43a0-a2b8-dc44a80155c9');
INSERT INTO "words"."words" (id, word, syllables, frequency, category) VALUES (2955, 'fegato', 3, 0.0000155, NULL);
INSERT INTO "words"."words_lists" (word_id, list_id) VALUES (2955, '00662255-0e4a-43a0-a2b8-dc44a80155c9');
INSERT INTO "words"."words" (id, word, syllables, frequency, category) VALUES (2956, 'chiaro', 2, 0.000123, NULL);
INSERT INTO "words"."words_lists" (word_id, list_id) VALUES (2956, '00662255-0e4a-43a0-a2b8-dc44a80155c9');
INSERT INTO "words"."words" (id, word, syllables, frequency, category) VALUES (2957, 'ironia', 4, 0.0000186, NULL);
INSERT INTO "words"."words_lists" (word_id, list_id) VALUES (2957, '00662255-0e4a-43a0-a2b8-dc44a80155c9');
INSERT INTO "words"."words" (id, word, syllables, frequency, category) VALUES (2958, 'cotta', 2, 0.0000102, NULL);
INSERT INTO "words"."words_lists" (word_id, list_id) VALUES (2958, '00662255-0e4a-43a0-a2b8-dc44a80155c9');
INSERT INTO "words"."words" (id, word, syllables, frequency, category) VALUES (2959, 'individuo', 4, 0.00002, NULL);
INSERT INTO "words"."words_lists" (word_id, list_id) VALUES (2959, '00662255-0e4a-43a0-a2b8-dc44a80155c9');
INSERT INTO "words"."words" (id, word, syllables, frequency, category) VALUES (2960, 'diretta', 3, 0.000107, NULL);
INSERT INTO "words"."words_lists" (word_id, list_id) VALUES (2960, '00662255-0e4a-43a0-a2b8-dc44a80155c9');
INSERT INTO "words"."lists" (id, type) VALUES ('fdaeb1dc-e305-41a0-9aba-248712ac0790', 'categorized');
INSERT INTO "words"."words" (id, word, syllables, frequency, category) VALUES (2961, 'turismo', 3, 0.0000389, NULL);
INSERT INTO "words"."words_lists" (word_id, list_id) VALUES (2961, 'fdaeb1dc-e305-41a0-9aba-248712ac0790');
INSERT INTO "words"."words" (id, word, syllables, frequency, category) VALUES (2962, 'gesto', 2, 0.0000339, NULL);
INSERT INTO "words"."words_lists" (word_id, list_id) VALUES (2962, 'fdaeb1dc-e305-41a0-9aba-248712ac0790');
INSERT INTO "words"."words" (id, word, syllables, frequency, category) VALUES (2963, 'ancora', 3, 0.00117, NULL);
INSERT INTO "words"."words_lists" (word_id, list_id) VALUES (2963, 'fdaeb1dc-e305-41a0-9aba-248712ac0790');
INSERT INTO "words"."words" (id, word, syllables, frequency, category) VALUES (2964, 'orgoglioso', 4, 0.000012, NULL);
INSERT INTO "words"."words_lists" (word_id, list_id) VALUES (2964, 'fdaeb1dc-e305-41a0-9aba-248712ac0790');
INSERT INTO "words"."words" (id, word, syllables, frequency, category) VALUES (2965, 'mestiere', 3, 0.0000174, NULL);
INSERT INTO "words"."words_lists" (word_id, list_id) VALUES (2965, 'fdaeb1dc-e305-41a0-9aba-248712ac0790');
INSERT INTO "words"."words" (id, word, syllables, frequency, category) VALUES (2966, 'confronto', 3, 0.0000617, NULL);
INSERT INTO "words"."words_lists" (word_id, list_id) VALUES (2966, 'fdaeb1dc-e305-41a0-9aba-248712ac0790');
INSERT INTO "words"."words" (id, word, syllables, frequency, category) VALUES (2967, 'colloquio', 3, 0.0000162, NULL);
INSERT INTO "words"."words_lists" (word_id, list_id) VALUES (2967, 'fdaeb1dc-e305-41a0-9aba-248712ac0790');
INSERT INTO "words"."words" (id, word, syllables, frequency, category) VALUES (2968, 'mago', 2, 0.0000107, NULL);
INSERT INTO "words"."words_lists" (word_id, list_id) VALUES (2968, 'fdaeb1dc-e305-41a0-9aba-248712ac0790');
INSERT INTO "words"."words" (id, word, syllables, frequency, category) VALUES (2969, 'volta', 2, 0.000741, NULL);
INSERT INTO "words"."words_lists" (word_id, list_id) VALUES (2969, 'fdaeb1dc-e305-41a0-9aba-248712ac0790');
INSERT INTO "words"."words" (id, word, syllables, frequency, category) VALUES (2970, 'razionale', 4, 0.0000129, NULL);
INSERT INTO "words"."words_lists" (word_id, list_id) VALUES (2970, 'fdaeb1dc-e305-41a0-9aba-248712ac0790');
INSERT INTO "words"."words" (id, word, syllables, frequency, category) VALUES (2971, 'attuale', 3, 0.0000912, NULL);
INSERT INTO "words"."words_lists" (word_id, list_id) VALUES (2971, 'fdaeb1dc-e305-41a0-9aba-248712ac0790');
INSERT INTO "words"."words" (id, word, syllables, frequency, category) VALUES (2972, 'evidenza', 4, 0.0000257, NULL);
INSERT INTO "words"."words_lists" (word_id, list_id) VALUES (2972, 'fdaeb1dc-e305-41a0-9aba-248712ac0790');
INSERT INTO "words"."words" (id, word, syllables, frequency, category) VALUES (2973, 'stagione', 3, 0.000129, NULL);
INSERT INTO "words"."words_lists" (word_id, list_id) VALUES (2973, 'fdaeb1dc-e305-41a0-9aba-248712ac0790');
INSERT INTO "words"."words" (id, word, syllables, frequency, category) VALUES (2974, 'tipo', 2, 0.000417, NULL);
INSERT INTO "words"."words_lists" (word_id, list_id) VALUES (2974, 'fdaeb1dc-e305-41a0-9aba-248712ac0790');
INSERT INTO "words"."words" (id, word, syllables, frequency, category) VALUES (2975, 'avviato', 4, 0.0000115, NULL);
INSERT INTO "words"."words_lists" (word_id, list_id) VALUES (2975, 'fdaeb1dc-e305-41a0-9aba-248712ac0790');
INSERT INTO "words"."words" (id, word, syllables, frequency, category) VALUES (2976, 'corrente', 3, 0.0000603, NULL);
INSERT INTO "words"."words_lists" (word_id, list_id) VALUES (2976, 'fdaeb1dc-e305-41a0-9aba-248712ac0790');
INSERT INTO "words"."words" (id, word, syllables, frequency, category) VALUES (2977, 'montaggio', 3, 0.0000107, NULL);
INSERT INTO "words"."words_lists" (word_id, list_id) VALUES (2977, 'fdaeb1dc-e305-41a0-9aba-248712ac0790');
INSERT INTO "words"."words" (id, word, syllables, frequency, category) VALUES (2978, 'consulenza', 4, 0.0000126, NULL);
INSERT INTO "words"."words_lists" (word_id, list_id) VALUES (2978, 'fdaeb1dc-e305-41a0-9aba-248712ac0790');
INSERT INTO "words"."words" (id, word, syllables, frequency, category) VALUES (2979, 'scrittura', 3, 0.0000339, NULL);
INSERT INTO "words"."words_lists" (word_id, list_id) VALUES (2979, 'fdaeb1dc-e305-41a0-9aba-248712ac0790');
INSERT INTO "words"."words" (id, word, syllables, frequency, category) VALUES (2980, 'nove', 2, 0.0000479, NULL);
INSERT INTO "words"."words_lists" (word_id, list_id) VALUES (2980, 'fdaeb1dc-e305-41a0-9aba-248712ac0790');
INSERT INTO "words"."words" (id, word, syllables, frequency, category) VALUES (2981, 'sonora', 3, 0.0000115, NULL);
INSERT INTO "words"."words_lists" (word_id, list_id) VALUES (2981, 'fdaeb1dc-e305-41a0-9aba-248712ac0790');
INSERT INTO "words"."words" (id, word, syllables, frequency, category) VALUES (2982, 'teste', 2, 0.0000224, NULL);
INSERT INTO "words"."words_lists" (word_id, list_id) VALUES (2982, 'fdaeb1dc-e305-41a0-9aba-248712ac0790');
INSERT INTO "words"."words" (id, word, syllables, frequency, category) VALUES (2983, 'funzione', 3, 0.0000813, NULL);
INSERT INTO "words"."words_lists" (word_id, list_id) VALUES (2983, 'fdaeb1dc-e305-41a0-9aba-248712ac0790');
INSERT INTO "words"."words" (id, word, syllables, frequency, category) VALUES (2984, 'sentimento', 4, 0.0000269, NULL);
INSERT INTO "words"."words_lists" (word_id, list_id) VALUES (2984, 'fdaeb1dc-e305-41a0-9aba-248712ac0790');
INSERT INTO "words"."words" (id, word, syllables, frequency, category) VALUES (2985, 'pronto', 2, 0.0000776, NULL);
INSERT INTO "words"."words_lists" (word_id, list_id) VALUES (2985, 'fdaeb1dc-e305-41a0-9aba-248712ac0790');
INSERT INTO "words"."words" (id, word, syllables, frequency, category) VALUES (2986, 'eleganza', 4, 0.0000102, NULL);
INSERT INTO "words"."words_lists" (word_id, list_id) VALUES (2986, 'fdaeb1dc-e305-41a0-9aba-248712ac0790');
INSERT INTO "words"."words" (id, word, syllables, frequency, category) VALUES (2987, 'scuro', 2, 0.0000132, NULL);
INSERT INTO "words"."words_lists" (word_id, list_id) VALUES (2987, 'fdaeb1dc-e305-41a0-9aba-248712ac0790');
INSERT INTO "words"."words" (id, word, syllables, frequency, category) VALUES (2988, 'mondiali', 3, 0.000038, NULL);
INSERT INTO "words"."words_lists" (word_id, list_id) VALUES (2988, 'fdaeb1dc-e305-41a0-9aba-248712ac0790');
INSERT INTO "words"."words" (id, word, syllables, frequency, category) VALUES (2989, 'disperato', 4, 0.000012, NULL);
INSERT INTO "words"."words_lists" (word_id, list_id) VALUES (2989, 'fdaeb1dc-e305-41a0-9aba-248712ac0790');
INSERT INTO "words"."words" (id, word, syllables, frequency, category) VALUES (2990, 'Juventus', 2, 0.0000138, NULL);
INSERT INTO "words"."words_lists" (word_id, list_id) VALUES (2990, 'fdaeb1dc-e305-41a0-9aba-248712ac0790');
INSERT INTO "words"."words" (id, word, syllables, frequency, category) VALUES (2991, 'trentino', 3, 0.0000141, NULL);
INSERT INTO "words"."words_lists" (word_id, list_id) VALUES (2991, 'fdaeb1dc-e305-41a0-9aba-248712ac0790');
INSERT INTO "words"."words" (id, word, syllables, frequency, category) VALUES (2992, 'maratona', 4, 0.0000117, NULL);
INSERT INTO "words"."words_lists" (word_id, list_id) VALUES (2992, 'fdaeb1dc-e305-41a0-9aba-248712ac0790');
INSERT INTO "words"."lists" (id, type) VALUES ('5f9c21bd-f917-45c3-a267-09007313bfa6', 'categorized');
INSERT INTO "words"."words" (id, word, syllables, frequency, category) VALUES (2993, 'trasparente', 4, 0.000012, NULL);
INSERT INTO "words"."words_lists" (word_id, list_id) VALUES (2993, '5f9c21bd-f917-45c3-a267-09007313bfa6');
INSERT INTO "words"."words" (id, word, syllables, frequency, category) VALUES (2994, 'ospite', 3, 0.0000275, NULL);
INSERT INTO "words"."words_lists" (word_id, list_id) VALUES (2994, '5f9c21bd-f917-45c3-a267-09007313bfa6');
INSERT INTO "words"."words" (id, word, syllables, frequency, category) VALUES (2995, 'assumere', 4, 0.0000316, NULL);
INSERT INTO "words"."words_lists" (word_id, list_id) VALUES (2995, '5f9c21bd-f917-45c3-a267-09007313bfa6');
INSERT INTO "words"."words" (id, word, syllables, frequency, category) VALUES (2996, 'babbo', 2, 0.0000126, NULL);
INSERT INTO "words"."words_lists" (word_id, list_id) VALUES (2996, '5f9c21bd-f917-45c3-a267-09007313bfa6');
INSERT INTO "words"."words" (id, word, syllables, frequency, category) VALUES (2997, 'salto', 2, 0.0000275, NULL);
INSERT INTO "words"."words_lists" (word_id, list_id) VALUES (2997, '5f9c21bd-f917-45c3-a267-09007313bfa6');
INSERT INTO "words"."words" (id, word, syllables, frequency, category) VALUES (2998, 'ragazzino', 4, 0.0000174, NULL);
INSERT INTO "words"."words_lists" (word_id, list_id) VALUES (2998, '5f9c21bd-f917-45c3-a267-09007313bfa6');
INSERT INTO "words"."words" (id, word, syllables, frequency, category) VALUES (2999, 'nazista', 3, 0.000012, NULL);
INSERT INTO "words"."words_lists" (word_id, list_id) VALUES (2999, '5f9c21bd-f917-45c3-a267-09007313bfa6');
INSERT INTO "words"."words" (id, word, syllables, frequency, category) VALUES (3000, 'partenza', 3, 0.0000501, NULL);
INSERT INTO "words"."words_lists" (word_id, list_id) VALUES (3000, '5f9c21bd-f917-45c3-a267-09007313bfa6');
INSERT INTO "words"."words" (id, word, syllables, frequency, category) VALUES (3001, 'classe', 2, 0.000155, NULL);
INSERT INTO "words"."words_lists" (word_id, list_id) VALUES (3001, '5f9c21bd-f917-45c3-a267-09007313bfa6');
INSERT INTO "words"."words" (id, word, syllables, frequency, category) VALUES (3002, 'rendersi', 3, 0.0000115, NULL);
INSERT INTO "words"."words_lists" (word_id, list_id) VALUES (3002, '5f9c21bd-f917-45c3-a267-09007313bfa6');
INSERT INTO "words"."words" (id, word, syllables, frequency, category) VALUES (3003, 'costruire', 4, 0.000055, NULL);
INSERT INTO "words"."words_lists" (word_id, list_id) VALUES (3003, '5f9c21bd-f917-45c3-a267-09007313bfa6');
INSERT INTO "words"."words" (id, word, syllables, frequency, category) VALUES (3004, 'piacevole', 4, 0.0000204, NULL);
INSERT INTO "words"."words_lists" (word_id, list_id) VALUES (3004, '5f9c21bd-f917-45c3-a267-09007313bfa6');
INSERT INTO "words"."words" (id, word, syllables, frequency, category) VALUES (3005, 'marco', 2, 0.0000776, NULL);
INSERT INTO "words"."words_lists" (word_id, list_id) VALUES (3005, '5f9c21bd-f917-45c3-a267-09007313bfa6');
INSERT INTO "words"."words" (id, word, syllables, frequency, category) VALUES (3006, 'rame', 2, 0.0000115, NULL);
INSERT INTO "words"."words_lists" (word_id, list_id) VALUES (3006, '5f9c21bd-f917-45c3-a267-09007313bfa6');
INSERT INTO "words"."words" (id, word, syllables, frequency, category) VALUES (3007, 'odio', 2, 0.0000832, NULL);
INSERT INTO "words"."words_lists" (word_id, list_id) VALUES (3007, '5f9c21bd-f917-45c3-a267-09007313bfa6');
INSERT INTO "words"."words" (id, word, syllables, frequency, category) VALUES (3008, 'razionale', 4, 0.0000129, NULL);
INSERT INTO "words"."words_lists" (word_id, list_id) VALUES (3008, '5f9c21bd-f917-45c3-a267-09007313bfa6');
INSERT INTO "words"."words" (id, word, syllables, frequency, category) VALUES (3009, 'bel', 2, 0.000141, NULL);
INSERT INTO "words"."words_lists" (word_id, list_id) VALUES (3009, '5f9c21bd-f917-45c3-a267-09007313bfa6');
INSERT INTO "words"."words" (id, word, syllables, frequency, category) VALUES (3010, 'alfa', 2, 0.000011, NULL);
INSERT INTO "words"."words_lists" (word_id, list_id) VALUES (3010, '5f9c21bd-f917-45c3-a267-09007313bfa6');
INSERT INTO "words"."words" (id, word, syllables, frequency, category) VALUES (3011, 'archivio', 3, 0.000024, NULL);
INSERT INTO "words"."words_lists" (word_id, list_id) VALUES (3011, '5f9c21bd-f917-45c3-a267-09007313bfa6');
INSERT INTO "words"."words" (id, word, syllables, frequency, category) VALUES (3012, 'contea', 3, 0.0000126, NULL);
INSERT INTO "words"."words_lists" (word_id, list_id) VALUES (3012, '5f9c21bd-f917-45c3-a267-09007313bfa6');
INSERT INTO "words"."words" (id, word, syllables, frequency, category) VALUES (3013, 'complicato', 4, 0.0000186, NULL);
INSERT INTO "words"."words_lists" (word_id, list_id) VALUES (3013, '5f9c21bd-f917-45c3-a267-09007313bfa6');
INSERT INTO "words"."words" (id, word, syllables, frequency, category) VALUES (3014, 'fortemente', 4, 0.0000372, NULL);
INSERT INTO "words"."words_lists" (word_id, list_id) VALUES (3014, '5f9c21bd-f917-45c3-a267-09007313bfa6');
INSERT INTO "words"."words" (id, word, syllables, frequency, category) VALUES (3015, 'pistola', 3, 0.0000219, NULL);
INSERT INTO "words"."words_lists" (word_id, list_id) VALUES (3015, '5f9c21bd-f917-45c3-a267-09007313bfa6');
INSERT INTO "words"."words" (id, word, syllables, frequency, category) VALUES (3016, 'intendere', 4, 0.000012, NULL);
INSERT INTO "words"."words_lists" (word_id, list_id) VALUES (3016, '5f9c21bd-f917-45c3-a267-09007313bfa6');
INSERT INTO "words"."words" (id, word, syllables, frequency, category) VALUES (3017, 'diploma', 3, 0.0000178, NULL);
INSERT INTO "words"."words_lists" (word_id, list_id) VALUES (3017, '5f9c21bd-f917-45c3-a267-09007313bfa6');
INSERT INTO "words"."words" (id, word, syllables, frequency, category) VALUES (3018, 'mattina', 3, 0.000105, NULL);
INSERT INTO "words"."words_lists" (word_id, list_id) VALUES (3018, '5f9c21bd-f917-45c3-a267-09007313bfa6');
INSERT INTO "words"."words" (id, word, syllables, frequency, category) VALUES (3019, 'idiota', 3, 0.0000219, NULL);
INSERT INTO "words"."words_lists" (word_id, list_id) VALUES (3019, '5f9c21bd-f917-45c3-a267-09007313bfa6');
INSERT INTO "words"."words" (id, word, syllables, frequency, category) VALUES (3020, 'augusto', 3, 0.0000129, NULL);
INSERT INTO "words"."words_lists" (word_id, list_id) VALUES (3020, '5f9c21bd-f917-45c3-a267-09007313bfa6');
INSERT INTO "words"."words" (id, word, syllables, frequency, category) VALUES (3021, 'villa', 2, 0.0000575, NULL);
INSERT INTO "words"."words_lists" (word_id, list_id) VALUES (3021, '5f9c21bd-f917-45c3-a267-09007313bfa6');
INSERT INTO "words"."words" (id, word, syllables, frequency, category) VALUES (3022, 'terreno', 3, 0.000055, NULL);
INSERT INTO "words"."words_lists" (word_id, list_id) VALUES (3022, '5f9c21bd-f917-45c3-a267-09007313bfa6');
INSERT INTO "words"."words" (id, word, syllables, frequency, category) VALUES (3023, 'pubblico', 3, 0.000251, NULL);
INSERT INTO "words"."words_lists" (word_id, list_id) VALUES (3023, '5f9c21bd-f917-45c3-a267-09007313bfa6');
INSERT INTO "words"."words" (id, word, syllables, frequency, category) VALUES (3024, 'raccogliere', 4, 0.0000316, NULL);
INSERT INTO "words"."words_lists" (word_id, list_id) VALUES (3024, '5f9c21bd-f917-45c3-a267-09007313bfa6');
INSERT INTO "words"."lists" (id, type) VALUES ('231e7a0e-a823-4d52-99d6-707ac50dae66', 'categorized');
INSERT INTO "words"."words" (id, word, syllables, frequency, category) VALUES (3025, 'mistero', 3, 0.0000257, NULL);
INSERT INTO "words"."words_lists" (word_id, list_id) VALUES (3025, '231e7a0e-a823-4d52-99d6-707ac50dae66');
INSERT INTO "words"."words" (id, word, syllables, frequency, category) VALUES (3026, 'cifra', 2, 0.0000282, NULL);
INSERT INTO "words"."words_lists" (word_id, list_id) VALUES (3026, '231e7a0e-a823-4d52-99d6-707ac50dae66');
INSERT INTO "words"."words" (id, word, syllables, frequency, category) VALUES (3027, 'ritratto', 3, 0.0000245, NULL);
INSERT INTO "words"."words_lists" (word_id, list_id) VALUES (3027, '231e7a0e-a823-4d52-99d6-707ac50dae66');
INSERT INTO "words"."words" (id, word, syllables, frequency, category) VALUES (3028, 'borsa', 2, 0.0000427, NULL);
INSERT INTO "words"."words_lists" (word_id, list_id) VALUES (3028, '231e7a0e-a823-4d52-99d6-707ac50dae66');
INSERT INTO "words"."words" (id, word, syllables, frequency, category) VALUES (3029, 'postale', 3, 0.0000129, NULL);
INSERT INTO "words"."words_lists" (word_id, list_id) VALUES (3029, '231e7a0e-a823-4d52-99d6-707ac50dae66');
INSERT INTO "words"."words" (id, word, syllables, frequency, category) VALUES (3030, 'fila', 2, 0.0000468, NULL);
INSERT INTO "words"."words_lists" (word_id, list_id) VALUES (3030, '231e7a0e-a823-4d52-99d6-707ac50dae66');
INSERT INTO "words"."words" (id, word, syllables, frequency, category) VALUES (3031, 'oggetto', 3, 0.0000813, NULL);
INSERT INTO "words"."words_lists" (word_id, list_id) VALUES (3031, '231e7a0e-a823-4d52-99d6-707ac50dae66');
INSERT INTO "words"."words" (id, word, syllables, frequency, category) VALUES (3032, 'dottrina', 3, 0.0000135, NULL);
INSERT INTO "words"."words_lists" (word_id, list_id) VALUES (3032, '231e7a0e-a823-4d52-99d6-707ac50dae66');
INSERT INTO "words"."words" (id, word, syllables, frequency, category) VALUES (3033, 'maestà', 3, 0.000011, NULL);
INSERT INTO "words"."words_lists" (word_id, list_id) VALUES (3033, '231e7a0e-a823-4d52-99d6-707ac50dae66');
INSERT INTO "words"."words" (id, word, syllables, frequency, category) VALUES (3034, 'scoprire', 3, 0.0000589, NULL);
INSERT INTO "words"."words_lists" (word_id, list_id) VALUES (3034, '231e7a0e-a823-4d52-99d6-707ac50dae66');
INSERT INTO "words"."words" (id, word, syllables, frequency, category) VALUES (3035, 'personale', 4, 0.00017, NULL);
INSERT INTO "words"."words_lists" (word_id, list_id) VALUES (3035, '231e7a0e-a823-4d52-99d6-707ac50dae66');
INSERT INTO "words"."words" (id, word, syllables, frequency, category) VALUES (3036, 'ripresa', 3, 0.0000363, NULL);
INSERT INTO "words"."words_lists" (word_id, list_id) VALUES (3036, '231e7a0e-a823-4d52-99d6-707ac50dae66');
INSERT INTO "words"."words" (id, word, syllables, frequency, category) VALUES (3037, 'visto', 2, 0.000513, NULL);
INSERT INTO "words"."words_lists" (word_id, list_id) VALUES (3037, '231e7a0e-a823-4d52-99d6-707ac50dae66');
INSERT INTO "words"."words" (id, word, syllables, frequency, category) VALUES (3038, 'angelo', 3, 0.0000437, NULL);
INSERT INTO "words"."words_lists" (word_id, list_id) VALUES (3038, '231e7a0e-a823-4d52-99d6-707ac50dae66');
INSERT INTO "words"."words" (id, word, syllables, frequency, category) VALUES (3039, 'prendersi', 3, 0.0000191, NULL);
INSERT INTO "words"."words_lists" (word_id, list_id) VALUES (3039, '231e7a0e-a823-4d52-99d6-707ac50dae66');
INSERT INTO "words"."words" (id, word, syllables, frequency, category) VALUES (3040, 'caro', 2, 0.0000631, NULL);
INSERT INTO "words"."words_lists" (word_id, list_id) VALUES (3040, '231e7a0e-a823-4d52-99d6-707ac50dae66');
INSERT INTO "words"."words" (id, word, syllables, frequency, category) VALUES (3041, 'leggenda', 3, 0.0000224, NULL);
INSERT INTO "words"."words_lists" (word_id, list_id) VALUES (3041, '231e7a0e-a823-4d52-99d6-707ac50dae66');
INSERT INTO "words"."words" (id, word, syllables, frequency, category) VALUES (3042, 'presa', 2, 0.0000912, NULL);
INSERT INTO "words"."words_lists" (word_id, list_id) VALUES (3042, '231e7a0e-a823-4d52-99d6-707ac50dae66');
INSERT INTO "words"."words" (id, word, syllables, frequency, category) VALUES (3043, 'meraviglia', 4, 0.000017, NULL);
INSERT INTO "words"."words_lists" (word_id, list_id) VALUES (3043, '231e7a0e-a823-4d52-99d6-707ac50dae66');
INSERT INTO "words"."words" (id, word, syllables, frequency, category) VALUES (3044, 'Parigi', 3, 0.0000724, NULL);
INSERT INTO "words"."words_lists" (word_id, list_id) VALUES (3044, '231e7a0e-a823-4d52-99d6-707ac50dae66');
INSERT INTO "words"."words" (id, word, syllables, frequency, category) VALUES (3045, 'storia', 2, 0.000537, NULL);
INSERT INTO "words"."words_lists" (word_id, list_id) VALUES (3045, '231e7a0e-a823-4d52-99d6-707ac50dae66');
INSERT INTO "words"."words" (id, word, syllables, frequency, category) VALUES (3046, 'protocollo', 4, 0.0000155, NULL);
INSERT INTO "words"."words_lists" (word_id, list_id) VALUES (3046, '231e7a0e-a823-4d52-99d6-707ac50dae66');
INSERT INTO "words"."words" (id, word, syllables, frequency, category) VALUES (3047, 'scomparso', 3, 0.0000151, NULL);
INSERT INTO "words"."words_lists" (word_id, list_id) VALUES (3047, '231e7a0e-a823-4d52-99d6-707ac50dae66');
INSERT INTO "words"."words" (id, word, syllables, frequency, category) VALUES (3048, 'attuale', 3, 0.0000912, NULL);
INSERT INTO "words"."words_lists" (word_id, list_id) VALUES (3048, '231e7a0e-a823-4d52-99d6-707ac50dae66');
INSERT INTO "words"."words" (id, word, syllables, frequency, category) VALUES (3049, 'pienamente', 4, 0.0000191, NULL);
INSERT INTO "words"."words_lists" (word_id, list_id) VALUES (3049, '231e7a0e-a823-4d52-99d6-707ac50dae66');
INSERT INTO "words"."words" (id, word, syllables, frequency, category) VALUES (3050, 'garanzia', 4, 0.0000316, NULL);
INSERT INTO "words"."words_lists" (word_id, list_id) VALUES (3050, '231e7a0e-a823-4d52-99d6-707ac50dae66');
INSERT INTO "words"."words" (id, word, syllables, frequency, category) VALUES (3051, 'uniforme', 4, 0.0000132, NULL);
INSERT INTO "words"."words_lists" (word_id, list_id) VALUES (3051, '231e7a0e-a823-4d52-99d6-707ac50dae66');
INSERT INTO "words"."words" (id, word, syllables, frequency, category) VALUES (3052, 'attaccato', 4, 0.0000224, NULL);
INSERT INTO "words"."words_lists" (word_id, list_id) VALUES (3052, '231e7a0e-a823-4d52-99d6-707ac50dae66');
INSERT INTO "words"."words" (id, word, syllables, frequency, category) VALUES (3053, 'rivolta', 3, 0.0000355, NULL);
INSERT INTO "words"."words_lists" (word_id, list_id) VALUES (3053, '231e7a0e-a823-4d52-99d6-707ac50dae66');
INSERT INTO "words"."words" (id, word, syllables, frequency, category) VALUES (3054, 'petto', 2, 0.0000234, NULL);
INSERT INTO "words"."words_lists" (word_id, list_id) VALUES (3054, '231e7a0e-a823-4d52-99d6-707ac50dae66');
INSERT INTO "words"."words" (id, word, syllables, frequency, category) VALUES (3055, 'divinità', 4, 0.0000129, NULL);
INSERT INTO "words"."words_lists" (word_id, list_id) VALUES (3055, '231e7a0e-a823-4d52-99d6-707ac50dae66');
INSERT INTO "words"."words" (id, word, syllables, frequency, category) VALUES (3056, 'ignorare', 4, 0.0000138, NULL);
INSERT INTO "words"."words_lists" (word_id, list_id) VALUES (3056, '231e7a0e-a823-4d52-99d6-707ac50dae66');
INSERT INTO "words"."lists" (id, type) VALUES ('973ea1f2-9cf6-4338-9c5c-c8de3f40f1b3', 'categorized');
INSERT INTO "words"."words" (id, word, syllables, frequency, category) VALUES (3057, 'vuoto', 2, 0.0000407, NULL);
INSERT INTO "words"."words_lists" (word_id, list_id) VALUES (3057, '973ea1f2-9cf6-4338-9c5c-c8de3f40f1b3');
INSERT INTO "words"."words" (id, word, syllables, frequency, category) VALUES (3058, 'ottica', 3, 0.0000112, NULL);
INSERT INTO "words"."words_lists" (word_id, list_id) VALUES (3058, '973ea1f2-9cf6-4338-9c5c-c8de3f40f1b3');
INSERT INTO "words"."words" (id, word, syllables, frequency, category) VALUES (3059, 'dominio', 3, 0.0000407, NULL);
INSERT INTO "words"."words_lists" (word_id, list_id) VALUES (3059, '973ea1f2-9cf6-4338-9c5c-c8de3f40f1b3');
INSERT INTO "words"."words" (id, word, syllables, frequency, category) VALUES (3060, 'coprire', 3, 0.00002, NULL);
INSERT INTO "words"."words_lists" (word_id, list_id) VALUES (3060, '973ea1f2-9cf6-4338-9c5c-c8de3f40f1b3');
INSERT INTO "words"."words" (id, word, syllables, frequency, category) VALUES (3061, 'versione', 3, 0.000126, NULL);
INSERT INTO "words"."words_lists" (word_id, list_id) VALUES (3061, '973ea1f2-9cf6-4338-9c5c-c8de3f40f1b3');
INSERT INTO "words"."words" (id, word, syllables, frequency, category) VALUES (3062, 'valore', 3, 0.000145, NULL);
INSERT INTO "words"."words_lists" (word_id, list_id) VALUES (3062, '973ea1f2-9cf6-4338-9c5c-c8de3f40f1b3');
INSERT INTO "words"."words" (id, word, syllables, frequency, category) VALUES (3063, 'disposto', 3, 0.0000275, NULL);
INSERT INTO "words"."words_lists" (word_id, list_id) VALUES (3063, '973ea1f2-9cf6-4338-9c5c-c8de3f40f1b3');
INSERT INTO "words"."words" (id, word, syllables, frequency, category) VALUES (3064, 'trattare', 3, 0.0000251, NULL);
INSERT INTO "words"."words_lists" (word_id, list_id) VALUES (3064, '973ea1f2-9cf6-4338-9c5c-c8de3f40f1b3');
INSERT INTO "words"."words" (id, word, syllables, frequency, category) VALUES (3065, 'docente', 3, 0.0000178, NULL);
INSERT INTO "words"."words_lists" (word_id, list_id) VALUES (3065, '973ea1f2-9cf6-4338-9c5c-c8de3f40f1b3');
INSERT INTO "words"."words" (id, word, syllables, frequency, category) VALUES (3066, 'forse', 2, 0.000468, NULL);
INSERT INTO "words"."words_lists" (word_id, list_id) VALUES (3066, '973ea1f2-9cf6-4338-9c5c-c8de3f40f1b3');
INSERT INTO "words"."words" (id, word, syllables, frequency, category) VALUES (3067, 'miglioramento', 5, 0.0000251, NULL);
INSERT INTO "words"."words_lists" (word_id, list_id) VALUES (3067, '973ea1f2-9cf6-4338-9c5c-c8de3f40f1b3');
INSERT INTO "words"."words" (id, word, syllables, frequency, category) VALUES (3068, 'banda', 2, 0.0000324, NULL);
INSERT INTO "words"."words_lists" (word_id, list_id) VALUES (3068, '973ea1f2-9cf6-4338-9c5c-c8de3f40f1b3');
INSERT INTO "words"."words" (id, word, syllables, frequency, category) VALUES (3069, 'stanza', 2, 0.0000617, NULL);
INSERT INTO "words"."words_lists" (word_id, list_id) VALUES (3069, '973ea1f2-9cf6-4338-9c5c-c8de3f40f1b3');
INSERT INTO "words"."words" (id, word, syllables, frequency, category) VALUES (3070, 'martello', 3, 0.00001, NULL);
INSERT INTO "words"."words_lists" (word_id, list_id) VALUES (3070, '973ea1f2-9cf6-4338-9c5c-c8de3f40f1b3');
INSERT INTO "words"."words" (id, word, syllables, frequency, category) VALUES (3071, 'cento', 2, 0.0000661, NULL);
INSERT INTO "words"."words_lists" (word_id, list_id) VALUES (3071, '973ea1f2-9cf6-4338-9c5c-c8de3f40f1b3');
INSERT INTO "words"."words" (id, word, syllables, frequency, category) VALUES (3072, 'finale', 3, 0.000115, NULL);
INSERT INTO "words"."words_lists" (word_id, list_id) VALUES (3072, '973ea1f2-9cf6-4338-9c5c-c8de3f40f1b3');
INSERT INTO "words"."lists" (id, type) VALUES ('aa4ddc56-8821-4d38-91bb-33053f9bbff4', 'categorized');
INSERT INTO "words"."words" (id, word, syllables, frequency, category) VALUES (3073, 'musica', 3, 0.000186, NULL);
INSERT INTO "words"."words_lists" (word_id, list_id) VALUES (3073, 'aa4ddc56-8821-4d38-91bb-33053f9bbff4');
INSERT INTO "words"."words" (id, word, syllables, frequency, category) VALUES (3074, 'lanciare', 3, 0.000017, NULL);
INSERT INTO "words"."words_lists" (word_id, list_id) VALUES (3074, 'aa4ddc56-8821-4d38-91bb-33053f9bbff4');
INSERT INTO "words"."words" (id, word, syllables, frequency, category) VALUES (3075, 'sparire', 3, 0.000012, NULL);
INSERT INTO "words"."words_lists" (word_id, list_id) VALUES (3075, 'aa4ddc56-8821-4d38-91bb-33053f9bbff4');
INSERT INTO "words"."words" (id, word, syllables, frequency, category) VALUES (3076, 'tipologia', 5, 0.0000123, NULL);
INSERT INTO "words"."words_lists" (word_id, list_id) VALUES (3076, 'aa4ddc56-8821-4d38-91bb-33053f9bbff4');
INSERT INTO "words"."words" (id, word, syllables, frequency, category) VALUES (3077, 'tregua', 2, 0.000011, NULL);
INSERT INTO "words"."words_lists" (word_id, list_id) VALUES (3077, 'aa4ddc56-8821-4d38-91bb-33053f9bbff4');
INSERT INTO "words"."words" (id, word, syllables, frequency, category) VALUES (3078, 'simile', 3, 0.000117, NULL);
INSERT INTO "words"."words_lists" (word_id, list_id) VALUES (3078, 'aa4ddc56-8821-4d38-91bb-33053f9bbff4');
INSERT INTO "words"."words" (id, word, syllables, frequency, category) VALUES (3079, 'bacio', 2, 0.0000257, NULL);
INSERT INTO "words"."words_lists" (word_id, list_id) VALUES (3079, 'aa4ddc56-8821-4d38-91bb-33053f9bbff4');
INSERT INTO "words"."words" (id, word, syllables, frequency, category) VALUES (3080, 'pasqua', 2, 0.0000145, NULL);
INSERT INTO "words"."words_lists" (word_id, list_id) VALUES (3080, 'aa4ddc56-8821-4d38-91bb-33053f9bbff4');
INSERT INTO "words"."words" (id, word, syllables, frequency, category) VALUES (3081, 'sport', 2, 0.0000891, NULL);
INSERT INTO "words"."words_lists" (word_id, list_id) VALUES (3081, 'aa4ddc56-8821-4d38-91bb-33053f9bbff4');
INSERT INTO "words"."words" (id, word, syllables, frequency, category) VALUES (3082, 'tentare', 3, 0.0000182, NULL);
INSERT INTO "words"."words_lists" (word_id, list_id) VALUES (3082, 'aa4ddc56-8821-4d38-91bb-33053f9bbff4');
INSERT INTO "words"."words" (id, word, syllables, frequency, category) VALUES (3083, 'luigi', 2, 0.0000562, NULL);
INSERT INTO "words"."words_lists" (word_id, list_id) VALUES (3083, 'aa4ddc56-8821-4d38-91bb-33053f9bbff4');
INSERT INTO "words"."words" (id, word, syllables, frequency, category) VALUES (3084, 'verde', 2, 0.0000708, NULL);
INSERT INTO "words"."words_lists" (word_id, list_id) VALUES (3084, 'aa4ddc56-8821-4d38-91bb-33053f9bbff4');
INSERT INTO "words"."words" (id, word, syllables, frequency, category) VALUES (3085, 'produttore', 4, 0.000024, NULL);
INSERT INTO "words"."words_lists" (word_id, list_id) VALUES (3085, 'aa4ddc56-8821-4d38-91bb-33053f9bbff4');
INSERT INTO "words"."words" (id, word, syllables, frequency, category) VALUES (3086, 'pozzo', 2, 0.000012, NULL);
INSERT INTO "words"."words_lists" (word_id, list_id) VALUES (3086, 'aa4ddc56-8821-4d38-91bb-33053f9bbff4');
INSERT INTO "words"."words" (id, word, syllables, frequency, category) VALUES (3087, 'aziendale', 4, 0.0000158, NULL);
INSERT INTO "words"."words_lists" (word_id, list_id) VALUES (3087, 'aa4ddc56-8821-4d38-91bb-33053f9bbff4');
INSERT INTO "words"."words" (id, word, syllables, frequency, category) VALUES (3088, 'porta', 2, 0.000257, NULL);
INSERT INTO "words"."words_lists" (word_id, list_id) VALUES (3088, 'aa4ddc56-8821-4d38-91bb-33053f9bbff4');
INSERT INTO "words"."lists" (id, type) VALUES ('ea727865-f424-4d9c-b02b-d0c11cf89954', 'categorized');
INSERT INTO "words"."words" (id, word, syllables, frequency, category) VALUES (3089, 'porre', 2, 0.0000288, NULL);
INSERT INTO "words"."words_lists" (word_id, list_id) VALUES (3089, 'ea727865-f424-4d9c-b02b-d0c11cf89954');
INSERT INTO "words"."words" (id, word, syllables, frequency, category) VALUES (3090, 'versione', 3, 0.000126, NULL);
INSERT INTO "words"."words_lists" (word_id, list_id) VALUES (3090, 'ea727865-f424-4d9c-b02b-d0c11cf89954');
INSERT INTO "words"."words" (id, word, syllables, frequency, category) VALUES (3091, 'amico', 3, 0.00017, NULL);
INSERT INTO "words"."words_lists" (word_id, list_id) VALUES (3091, 'ea727865-f424-4d9c-b02b-d0c11cf89954');
INSERT INTO "words"."words" (id, word, syllables, frequency, category) VALUES (3092, 'programmazione', 5, 0.0000275, NULL);
INSERT INTO "words"."words_lists" (word_id, list_id) VALUES (3092, 'ea727865-f424-4d9c-b02b-d0c11cf89954');
INSERT INTO "words"."words" (id, word, syllables, frequency, category) VALUES (3093, 'composta', 3, 0.0000288, NULL);
INSERT INTO "words"."words_lists" (word_id, list_id) VALUES (3093, 'ea727865-f424-4d9c-b02b-d0c11cf89954');
INSERT INTO "words"."words" (id, word, syllables, frequency, category) VALUES (3094, 'rapina', 3, 0.0000105, NULL);
INSERT INTO "words"."words_lists" (word_id, list_id) VALUES (3094, 'ea727865-f424-4d9c-b02b-d0c11cf89954');
INSERT INTO "words"."words" (id, word, syllables, frequency, category) VALUES (3095, 'trattare', 3, 0.0000251, NULL);
INSERT INTO "words"."words_lists" (word_id, list_id) VALUES (3095, 'ea727865-f424-4d9c-b02b-d0c11cf89954');
INSERT INTO "words"."words" (id, word, syllables, frequency, category) VALUES (3096, 'costoso', 3, 0.0000105, NULL);
INSERT INTO "words"."words_lists" (word_id, list_id) VALUES (3096, 'ea727865-f424-4d9c-b02b-d0c11cf89954');
INSERT INTO "words"."words" (id, word, syllables, frequency, category) VALUES (3097, 'sosta', 2, 0.0000123, NULL);
INSERT INTO "words"."words_lists" (word_id, list_id) VALUES (3097, 'ea727865-f424-4d9c-b02b-d0c11cf89954');
INSERT INTO "words"."words" (id, word, syllables, frequency, category) VALUES (3098, 'tribunale', 4, 0.0000724, NULL);
INSERT INTO "words"."words_lists" (word_id, list_id) VALUES (3098, 'ea727865-f424-4d9c-b02b-d0c11cf89954');
INSERT INTO "words"."words" (id, word, syllables, frequency, category) VALUES (3099, 'fame', 2, 0.0000708, NULL);
INSERT INTO "words"."words_lists" (word_id, list_id) VALUES (3099, 'ea727865-f424-4d9c-b02b-d0c11cf89954');
INSERT INTO "words"."words" (id, word, syllables, frequency, category) VALUES (3100, 'profitto', 3, 0.0000174, NULL);
INSERT INTO "words"."words_lists" (word_id, list_id) VALUES (3100, 'ea727865-f424-4d9c-b02b-d0c11cf89954');
INSERT INTO "words"."words" (id, word, syllables, frequency, category) VALUES (3101, 'frega', 2, 0.0000372, NULL);
INSERT INTO "words"."words_lists" (word_id, list_id) VALUES (3101, 'ea727865-f424-4d9c-b02b-d0c11cf89954');
INSERT INTO "words"."words" (id, word, syllables, frequency, category) VALUES (3102, 'concilio', 3, 0.0000107, NULL);
INSERT INTO "words"."words_lists" (word_id, list_id) VALUES (3102, 'ea727865-f424-4d9c-b02b-d0c11cf89954');
INSERT INTO "words"."words" (id, word, syllables, frequency, category) VALUES (3103, 'felice', 3, 0.000135, NULL);
INSERT INTO "words"."words_lists" (word_id, list_id) VALUES (3103, 'ea727865-f424-4d9c-b02b-d0c11cf89954');
INSERT INTO "words"."words" (id, word, syllables, frequency, category) VALUES (3104, 'orgoglio', 3, 0.0000229, NULL);
INSERT INTO "words"."words_lists" (word_id, list_id) VALUES (3104, 'ea727865-f424-4d9c-b02b-d0c11cf89954');
INSERT INTO "words"."lists" (id, type) VALUES ('ccf9a51c-b4c0-48f8-bfb0-edbb367012ce', 'categorized');
INSERT INTO "words"."words" (id, word, syllables, frequency, category) VALUES (3105, 'preparare', 4, 0.0000269, NULL);
INSERT INTO "words"."words_lists" (word_id, list_id) VALUES (3105, 'ccf9a51c-b4c0-48f8-bfb0-edbb367012ce');
INSERT INTO "words"."words" (id, word, syllables, frequency, category) VALUES (3106, 'destino', 3, 0.0000407, NULL);
INSERT INTO "words"."words_lists" (word_id, list_id) VALUES (3106, 'ccf9a51c-b4c0-48f8-bfb0-edbb367012ce');
INSERT INTO "words"."words" (id, word, syllables, frequency, category) VALUES (3107, 'differenza', 4, 0.000112, NULL);
INSERT INTO "words"."words_lists" (word_id, list_id) VALUES (3107, 'ccf9a51c-b4c0-48f8-bfb0-edbb367012ce');
INSERT INTO "words"."words" (id, word, syllables, frequency, category) VALUES (3108, 'acido', 3, 0.0000204, NULL);
INSERT INTO "words"."words_lists" (word_id, list_id) VALUES (3108, 'ccf9a51c-b4c0-48f8-bfb0-edbb367012ce');
INSERT INTO "words"."words" (id, word, syllables, frequency, category) VALUES (3109, 'brutto', 2, 0.0000501, NULL);
INSERT INTO "words"."words_lists" (word_id, list_id) VALUES (3109, 'ccf9a51c-b4c0-48f8-bfb0-edbb367012ce');
INSERT INTO "words"."words" (id, word, syllables, frequency, category) VALUES (3110, 'mettersi', 3, 0.0000257, NULL);
INSERT INTO "words"."words_lists" (word_id, list_id) VALUES (3110, 'ccf9a51c-b4c0-48f8-bfb0-edbb367012ce');
INSERT INTO "words"."words" (id, word, syllables, frequency, category) VALUES (3111, 'femminile', 4, 0.0000661, NULL);
INSERT INTO "words"."words_lists" (word_id, list_id) VALUES (3111, 'ccf9a51c-b4c0-48f8-bfb0-edbb367012ce');
INSERT INTO "words"."words" (id, word, syllables, frequency, category) VALUES (3112, 'giunto', 2, 0.0000204, NULL);
INSERT INTO "words"."words_lists" (word_id, list_id) VALUES (3112, 'ccf9a51c-b4c0-48f8-bfb0-edbb367012ce');
INSERT INTO "words"."words" (id, word, syllables, frequency, category) VALUES (3113, 'tuo', 2, 0.000537, NULL);
INSERT INTO "words"."words_lists" (word_id, list_id) VALUES (3113, 'ccf9a51c-b4c0-48f8-bfb0-edbb367012ce');
INSERT INTO "words"."words" (id, word, syllables, frequency, category) VALUES (3114, 'positiva', 4, 0.0000282, NULL);
INSERT INTO "words"."words_lists" (word_id, list_id) VALUES (3114, 'ccf9a51c-b4c0-48f8-bfb0-edbb367012ce');
INSERT INTO "words"."words" (id, word, syllables, frequency, category) VALUES (3115, 'puntata', 3, 0.0000427, NULL);
INSERT INTO "words"."words_lists" (word_id, list_id) VALUES (3115, 'ccf9a51c-b4c0-48f8-bfb0-edbb367012ce');
INSERT INTO "words"."words" (id, word, syllables, frequency, category) VALUES (3116, 'servizio', 3, 0.000224, NULL);
INSERT INTO "words"."words_lists" (word_id, list_id) VALUES (3116, 'ccf9a51c-b4c0-48f8-bfb0-edbb367012ce');
INSERT INTO "words"."words" (id, word, syllables, frequency, category) VALUES (3117, 'arte', 2, 0.000151, NULL);
INSERT INTO "words"."words_lists" (word_id, list_id) VALUES (3117, 'ccf9a51c-b4c0-48f8-bfb0-edbb367012ce');
INSERT INTO "words"."words" (id, word, syllables, frequency, category) VALUES (3118, 'proposito', 4, 0.0000832, NULL);
INSERT INTO "words"."words_lists" (word_id, list_id) VALUES (3118, 'ccf9a51c-b4c0-48f8-bfb0-edbb367012ce');
INSERT INTO "words"."words" (id, word, syllables, frequency, category) VALUES (3119, 'piacere', 3, 0.000123, NULL);
INSERT INTO "words"."words_lists" (word_id, list_id) VALUES (3119, 'ccf9a51c-b4c0-48f8-bfb0-edbb367012ce');
INSERT INTO "words"."words" (id, word, syllables, frequency, category) VALUES (3120, 'augusto', 3, 0.0000129, NULL);
INSERT INTO "words"."words_lists" (word_id, list_id) VALUES (3120, 'ccf9a51c-b4c0-48f8-bfb0-edbb367012ce');
INSERT INTO "words"."lists" (id, type) VALUES ('5fcf37a7-df54-4fd6-a3a7-be788e166c38', 'categorized');
INSERT INTO "words"."words" (id, word, syllables, frequency, category) VALUES (3121, 'paziente', 3, 0.0000372, NULL);
INSERT INTO "words"."words_lists" (word_id, list_id) VALUES (3121, '5fcf37a7-df54-4fd6-a3a7-be788e166c38');
INSERT INTO "words"."words" (id, word, syllables, frequency, category) VALUES (3122, 'grido', 2, 0.0000115, NULL);
INSERT INTO "words"."words_lists" (word_id, list_id) VALUES (3122, '5fcf37a7-df54-4fd6-a3a7-be788e166c38');
INSERT INTO "words"."words" (id, word, syllables, frequency, category) VALUES (3123, 'carabinieri', 5, 0.0000316, NULL);
INSERT INTO "words"."words_lists" (word_id, list_id) VALUES (3123, '5fcf37a7-df54-4fd6-a3a7-be788e166c38');
INSERT INTO "words"."words" (id, word, syllables, frequency, category) VALUES (3124, 'campo', 2, 0.000224, NULL);
INSERT INTO "words"."words_lists" (word_id, list_id) VALUES (3124, '5fcf37a7-df54-4fd6-a3a7-be788e166c38');
INSERT INTO "words"."words" (id, word, syllables, frequency, category) VALUES (3125, 'Marte', 2, 0.0000141, NULL);
INSERT INTO "words"."words_lists" (word_id, list_id) VALUES (3125, '5fcf37a7-df54-4fd6-a3a7-be788e166c38');
INSERT INTO "words"."words" (id, word, syllables, frequency, category) VALUES (3126, 'esperienza', 4, 0.000155, NULL);
INSERT INTO "words"."words_lists" (word_id, list_id) VALUES (3126, '5fcf37a7-df54-4fd6-a3a7-be788e166c38');
INSERT INTO "words"."words" (id, word, syllables, frequency, category) VALUES (3127, 'volante', 3, 0.0000148, NULL);
INSERT INTO "words"."words_lists" (word_id, list_id) VALUES (3127, '5fcf37a7-df54-4fd6-a3a7-be788e166c38');
INSERT INTO "words"."words" (id, word, syllables, frequency, category) VALUES (3128, 'investire', 4, 0.0000178, NULL);
INSERT INTO "words"."words_lists" (word_id, list_id) VALUES (3128, '5fcf37a7-df54-4fd6-a3a7-be788e166c38');
INSERT INTO "words"."words" (id, word, syllables, frequency, category) VALUES (3129, 'dipinto', 3, 0.0000182, NULL);
INSERT INTO "words"."words_lists" (word_id, list_id) VALUES (3129, '5fcf37a7-df54-4fd6-a3a7-be788e166c38');
INSERT INTO "words"."words" (id, word, syllables, frequency, category) VALUES (3130, 'calciatore', 4, 0.0000126, NULL);
INSERT INTO "words"."words_lists" (word_id, list_id) VALUES (3130, '5fcf37a7-df54-4fd6-a3a7-be788e166c38');
INSERT INTO "words"."words" (id, word, syllables, frequency, category) VALUES (3131, 'maestà', 3, 0.000011, NULL);
INSERT INTO "words"."words_lists" (word_id, list_id) VALUES (3131, '5fcf37a7-df54-4fd6-a3a7-be788e166c38');
INSERT INTO "words"."words" (id, word, syllables, frequency, category) VALUES (3132, 'argentina', 4, 0.0000269, NULL);
INSERT INTO "words"."words_lists" (word_id, list_id) VALUES (3132, '5fcf37a7-df54-4fd6-a3a7-be788e166c38');
INSERT INTO "words"."words" (id, word, syllables, frequency, category) VALUES (3133, 'segretario', 4, 0.0000513, NULL);
INSERT INTO "words"."words_lists" (word_id, list_id) VALUES (3133, '5fcf37a7-df54-4fd6-a3a7-be788e166c38');
INSERT INTO "words"."words" (id, word, syllables, frequency, category) VALUES (3134, 'preghiera', 3, 0.0000234, NULL);
INSERT INTO "words"."words_lists" (word_id, list_id) VALUES (3134, '5fcf37a7-df54-4fd6-a3a7-be788e166c38');
INSERT INTO "words"."words" (id, word, syllables, frequency, category) VALUES (3135, 'caduta', 3, 0.0000468, NULL);
INSERT INTO "words"."words_lists" (word_id, list_id) VALUES (3135, '5fcf37a7-df54-4fd6-a3a7-be788e166c38');
INSERT INTO "words"."words" (id, word, syllables, frequency, category) VALUES (3136, 'nastro', 2, 0.0000145, NULL);
INSERT INTO "words"."words_lists" (word_id, list_id) VALUES (3136, '5fcf37a7-df54-4fd6-a3a7-be788e166c38');
INSERT INTO "words"."lists" (id, type) VALUES ('4b67bdf0-48ee-4034-9a6d-efdca06fac7c', 'categorized');
INSERT INTO "words"."words" (id, word, syllables, frequency, category) VALUES (3137, 'pensare', 3, 0.000186, NULL);
INSERT INTO "words"."words_lists" (word_id, list_id) VALUES (3137, '4b67bdf0-48ee-4034-9a6d-efdca06fac7c');
INSERT INTO "words"."words" (id, word, syllables, frequency, category) VALUES (3138, 'campana', 3, 0.0000102, NULL);
INSERT INTO "words"."words_lists" (word_id, list_id) VALUES (3138, '4b67bdf0-48ee-4034-9a6d-efdca06fac7c');
INSERT INTO "words"."words" (id, word, syllables, frequency, category) VALUES (3139, 'formato', 3, 0.0000525, NULL);
INSERT INTO "words"."words_lists" (word_id, list_id) VALUES (3139, '4b67bdf0-48ee-4034-9a6d-efdca06fac7c');
INSERT INTO "words"."words" (id, word, syllables, frequency, category) VALUES (3140, 'veste', 2, 0.0000191, NULL);
INSERT INTO "words"."words_lists" (word_id, list_id) VALUES (3140, '4b67bdf0-48ee-4034-9a6d-efdca06fac7c');
INSERT INTO "words"."words" (id, word, syllables, frequency, category) VALUES (3141, 'fuga', 2, 0.0000437, NULL);
INSERT INTO "words"."words_lists" (word_id, list_id) VALUES (3141, '4b67bdf0-48ee-4034-9a6d-efdca06fac7c');
INSERT INTO "words"."words" (id, word, syllables, frequency, category) VALUES (3142, 'adesso', 3, 0.000324, NULL);
INSERT INTO "words"."words_lists" (word_id, list_id) VALUES (3142, '4b67bdf0-48ee-4034-9a6d-efdca06fac7c');
INSERT INTO "words"."words" (id, word, syllables, frequency, category) VALUES (3143, 'legale', 3, 0.0000692, NULL);
INSERT INTO "words"."words_lists" (word_id, list_id) VALUES (3143, '4b67bdf0-48ee-4034-9a6d-efdca06fac7c');
INSERT INTO "words"."words" (id, word, syllables, frequency, category) VALUES (3144, 'cedere', 3, 0.000012, NULL);
INSERT INTO "words"."words_lists" (word_id, list_id) VALUES (3144, '4b67bdf0-48ee-4034-9a6d-efdca06fac7c');
INSERT INTO "words"."words" (id, word, syllables, frequency, category) VALUES (3145, 'bontà', 2, 0.0000105, NULL);
INSERT INTO "words"."words_lists" (word_id, list_id) VALUES (3145, '4b67bdf0-48ee-4034-9a6d-efdca06fac7c');
INSERT INTO "words"."words" (id, word, syllables, frequency, category) VALUES (3146, 'ferito', 3, 0.000024, NULL);
INSERT INTO "words"."words_lists" (word_id, list_id) VALUES (3146, '4b67bdf0-48ee-4034-9a6d-efdca06fac7c');
INSERT INTO "words"."words" (id, word, syllables, frequency, category) VALUES (3147, 'speranza', 3, 0.0000832, NULL);
INSERT INTO "words"."words_lists" (word_id, list_id) VALUES (3147, '4b67bdf0-48ee-4034-9a6d-efdca06fac7c');
INSERT INTO "words"."words" (id, word, syllables, frequency, category) VALUES (3148, 'faccenda', 3, 0.0000148, NULL);
INSERT INTO "words"."words_lists" (word_id, list_id) VALUES (3148, '4b67bdf0-48ee-4034-9a6d-efdca06fac7c');
INSERT INTO "words"."words" (id, word, syllables, frequency, category) VALUES (3149, 'forno', 2, 0.0000182, NULL);
INSERT INTO "words"."words_lists" (word_id, list_id) VALUES (3149, '4b67bdf0-48ee-4034-9a6d-efdca06fac7c');
INSERT INTO "words"."words" (id, word, syllables, frequency, category) VALUES (3150, 'crudele', 3, 0.0000126, NULL);
INSERT INTO "words"."words_lists" (word_id, list_id) VALUES (3150, '4b67bdf0-48ee-4034-9a6d-efdca06fac7c');
INSERT INTO "words"."words" (id, word, syllables, frequency, category) VALUES (3151, 'tradimento', 4, 0.0000162, NULL);
INSERT INTO "words"."words_lists" (word_id, list_id) VALUES (3151, '4b67bdf0-48ee-4034-9a6d-efdca06fac7c');
INSERT INTO "words"."words" (id, word, syllables, frequency, category) VALUES (3152, 'vero', 2, 0.000447, NULL);
INSERT INTO "words"."words_lists" (word_id, list_id) VALUES (3152, '4b67bdf0-48ee-4034-9a6d-efdca06fac7c');
INSERT INTO "words"."lists" (id, type) VALUES ('c39799a8-dd80-4911-8d98-5de750639221', 'categorized');
INSERT INTO "words"."words" (id, word, syllables, frequency, category) VALUES (3153, 'tela', 2, 0.0000155, NULL);
INSERT INTO "words"."words_lists" (word_id, list_id) VALUES (3153, 'c39799a8-dd80-4911-8d98-5de750639221');
INSERT INTO "words"."words" (id, word, syllables, frequency, category) VALUES (3154, 'riso', 2, 0.0000355, NULL);
INSERT INTO "words"."words_lists" (word_id, list_id) VALUES (3154, 'c39799a8-dd80-4911-8d98-5de750639221');
INSERT INTO "words"."words" (id, word, syllables, frequency, category) VALUES (3155, 'esclusiva', 4, 0.0000209, NULL);
INSERT INTO "words"."words_lists" (word_id, list_id) VALUES (3155, 'c39799a8-dd80-4911-8d98-5de750639221');
INSERT INTO "words"."words" (id, word, syllables, frequency, category) VALUES (3156, 'rendere', 3, 0.0000759, NULL);
INSERT INTO "words"."words_lists" (word_id, list_id) VALUES (3156, 'c39799a8-dd80-4911-8d98-5de750639221');
INSERT INTO "words"."words" (id, word, syllables, frequency, category) VALUES (3157, 'leggero', 3, 0.0000214, NULL);
INSERT INTO "words"."words_lists" (word_id, list_id) VALUES (3157, 'c39799a8-dd80-4911-8d98-5de750639221');
INSERT INTO "words"."words" (id, word, syllables, frequency, category) VALUES (3158, 'frase', 2, 0.0000537, NULL);
INSERT INTO "words"."words_lists" (word_id, list_id) VALUES (3158, 'c39799a8-dd80-4911-8d98-5de750639221');
INSERT INTO "words"."words" (id, word, syllables, frequency, category) VALUES (3159, 'vicinanza', 4, 0.0000112, NULL);
INSERT INTO "words"."words_lists" (word_id, list_id) VALUES (3159, 'c39799a8-dd80-4911-8d98-5de750639221');
INSERT INTO "words"."words" (id, word, syllables, frequency, category) VALUES (3160, 'sperare', 3, 0.0000224, NULL);
INSERT INTO "words"."words_lists" (word_id, list_id) VALUES (3160, 'c39799a8-dd80-4911-8d98-5de750639221');
INSERT INTO "words"."words" (id, word, syllables, frequency, category) VALUES (3161, 'credere', 3, 0.0000871, NULL);
INSERT INTO "words"."words_lists" (word_id, list_id) VALUES (3161, 'c39799a8-dd80-4911-8d98-5de750639221');
INSERT INTO "words"."words" (id, word, syllables, frequency, category) VALUES (3162, 'incremento', 4, 0.000017, NULL);
INSERT INTO "words"."words_lists" (word_id, list_id) VALUES (3162, 'c39799a8-dd80-4911-8d98-5de750639221');
INSERT INTO "words"."words" (id, word, syllables, frequency, category) VALUES (3163, 'siciliano', 4, 0.000012, NULL);
INSERT INTO "words"."words_lists" (word_id, list_id) VALUES (3163, 'c39799a8-dd80-4911-8d98-5de750639221');
INSERT INTO "words"."words" (id, word, syllables, frequency, category) VALUES (3164, 'miracolo', 4, 0.0000204, NULL);
INSERT INTO "words"."words_lists" (word_id, list_id) VALUES (3164, 'c39799a8-dd80-4911-8d98-5de750639221');
INSERT INTO "words"."words" (id, word, syllables, frequency, category) VALUES (3165, 'arrivo', 3, 0.0000871, NULL);
INSERT INTO "words"."words_lists" (word_id, list_id) VALUES (3165, 'c39799a8-dd80-4911-8d98-5de750639221');
INSERT INTO "words"."words" (id, word, syllables, frequency, category) VALUES (3166, 'puntata', 3, 0.0000427, NULL);
INSERT INTO "words"."words_lists" (word_id, list_id) VALUES (3166, 'c39799a8-dd80-4911-8d98-5de750639221');
INSERT INTO "words"."words" (id, word, syllables, frequency, category) VALUES (3167, 'isola', 3, 0.0000661, NULL);
INSERT INTO "words"."words_lists" (word_id, list_id) VALUES (3167, 'c39799a8-dd80-4911-8d98-5de750639221');
INSERT INTO "words"."words" (id, word, syllables, frequency, category) VALUES (3168, 'solidarietà', 5, 0.0000331, NULL);
INSERT INTO "words"."words_lists" (word_id, list_id) VALUES (3168, 'c39799a8-dd80-4911-8d98-5de750639221');
INSERT INTO "words"."lists" (id, type) VALUES ('bc3f80f9-2783-4d81-98dd-76fc199f75a8', 'categorized');
INSERT INTO "words"."words" (id, word, syllables, frequency, category) VALUES (3169, 'occidentale', 5, 0.000055, NULL);
INSERT INTO "words"."words_lists" (word_id, list_id) VALUES (3169, 'bc3f80f9-2783-4d81-98dd-76fc199f75a8');
INSERT INTO "words"."words" (id, word, syllables, frequency, category) VALUES (3170, 'gestione', 3, 0.0000776, NULL);
INSERT INTO "words"."words_lists" (word_id, list_id) VALUES (3170, 'bc3f80f9-2783-4d81-98dd-76fc199f75a8');
INSERT INTO "words"."words" (id, word, syllables, frequency, category) VALUES (3171, 'sereno', 3, 0.000011, NULL);
INSERT INTO "words"."words_lists" (word_id, list_id) VALUES (3171, 'bc3f80f9-2783-4d81-98dd-76fc199f75a8');
INSERT INTO "words"."words" (id, word, syllables, frequency, category) VALUES (3172, 'addetto', 3, 0.0000129, NULL);
INSERT INTO "words"."words_lists" (word_id, list_id) VALUES (3172, 'bc3f80f9-2783-4d81-98dd-76fc199f75a8');
INSERT INTO "words"."words" (id, word, syllables, frequency, category) VALUES (3173, 'composta', 3, 0.0000288, NULL);
INSERT INTO "words"."words_lists" (word_id, list_id) VALUES (3173, 'bc3f80f9-2783-4d81-98dd-76fc199f75a8');
INSERT INTO "words"."words" (id, word, syllables, frequency, category) VALUES (3174, 'andare', 3, 0.000417, NULL);
INSERT INTO "words"."words_lists" (word_id, list_id) VALUES (3174, 'bc3f80f9-2783-4d81-98dd-76fc199f75a8');
INSERT INTO "words"."words" (id, word, syllables, frequency, category) VALUES (3175, 'corrispondente', 5, 0.0000204, NULL);
INSERT INTO "words"."words_lists" (word_id, list_id) VALUES (3175, 'bc3f80f9-2783-4d81-98dd-76fc199f75a8');
INSERT INTO "words"."words" (id, word, syllables, frequency, category) VALUES (3176, 'proposto', 3, 0.0000372, NULL);
INSERT INTO "words"."words_lists" (word_id, list_id) VALUES (3176, 'bc3f80f9-2783-4d81-98dd-76fc199f75a8');
INSERT INTO "words"."words" (id, word, syllables, frequency, category) VALUES (3177, 'esatto', 3, 0.0000427, NULL);
INSERT INTO "words"."words_lists" (word_id, list_id) VALUES (3177, 'bc3f80f9-2783-4d81-98dd-76fc199f75a8');
INSERT INTO "words"."words" (id, word, syllables, frequency, category) VALUES (3178, 'punto', 2, 0.000417, NULL);
INSERT INTO "words"."words_lists" (word_id, list_id) VALUES (3178, 'bc3f80f9-2783-4d81-98dd-76fc199f75a8');
INSERT INTO "words"."words" (id, word, syllables, frequency, category) VALUES (3179, 'slogan', 3, 0.0000132, NULL);
INSERT INTO "words"."words_lists" (word_id, list_id) VALUES (3179, 'bc3f80f9-2783-4d81-98dd-76fc199f75a8');
INSERT INTO "words"."words" (id, word, syllables, frequency, category) VALUES (3180, 'lavoro', 3, 0.000813, NULL);
INSERT INTO "words"."words_lists" (word_id, list_id) VALUES (3180, 'bc3f80f9-2783-4d81-98dd-76fc199f75a8');
INSERT INTO "words"."words" (id, word, syllables, frequency, category) VALUES (3181, 'rendersi', 3, 0.0000115, NULL);
INSERT INTO "words"."words_lists" (word_id, list_id) VALUES (3181, 'bc3f80f9-2783-4d81-98dd-76fc199f75a8');
INSERT INTO "words"."words" (id, word, syllables, frequency, category) VALUES (3182, 'soggetto', 3, 0.0000513, NULL);
INSERT INTO "words"."words_lists" (word_id, list_id) VALUES (3182, 'bc3f80f9-2783-4d81-98dd-76fc199f75a8');
INSERT INTO "words"."words" (id, word, syllables, frequency, category) VALUES (3183, 'pubblico', 3, 0.000251, NULL);
INSERT INTO "words"."words_lists" (word_id, list_id) VALUES (3183, 'bc3f80f9-2783-4d81-98dd-76fc199f75a8');
INSERT INTO "words"."words" (id, word, syllables, frequency, category) VALUES (3184, 'fissare', 3, 0.0000112, NULL);
INSERT INTO "words"."words_lists" (word_id, list_id) VALUES (3184, 'bc3f80f9-2783-4d81-98dd-76fc199f75a8');
INSERT INTO "words"."lists" (id, type) VALUES ('10d7236a-47e3-4bda-8143-bd75c4e7fe95', 'categorized');
INSERT INTO "words"."words" (id, word, syllables, frequency, category) VALUES (3185, 'vincente', 3, 0.000011, NULL);
INSERT INTO "words"."words_lists" (word_id, list_id) VALUES (3185, '10d7236a-47e3-4bda-8143-bd75c4e7fe95');
INSERT INTO "words"."words" (id, word, syllables, frequency, category) VALUES (3186, 'domanda', 3, 0.000195, NULL);
INSERT INTO "words"."words_lists" (word_id, list_id) VALUES (3186, '10d7236a-47e3-4bda-8143-bd75c4e7fe95');
INSERT INTO "words"."words" (id, word, syllables, frequency, category) VALUES (3187, 'elementare', 5, 0.0000174, NULL);
INSERT INTO "words"."words_lists" (word_id, list_id) VALUES (3187, '10d7236a-47e3-4bda-8143-bd75c4e7fe95');
INSERT INTO "words"."words" (id, word, syllables, frequency, category) VALUES (3188, 'spazzatura', 4, 0.0000174, NULL);
INSERT INTO "words"."words_lists" (word_id, list_id) VALUES (3188, '10d7236a-47e3-4bda-8143-bd75c4e7fe95');
INSERT INTO "words"."words" (id, word, syllables, frequency, category) VALUES (3189, 'mondiali', 3, 0.000038, NULL);
INSERT INTO "words"."words_lists" (word_id, list_id) VALUES (3189, '10d7236a-47e3-4bda-8143-bd75c4e7fe95');
INSERT INTO "words"."words" (id, word, syllables, frequency, category) VALUES (3190, 'funzione', 3, 0.0000813, NULL);
INSERT INTO "words"."words_lists" (word_id, list_id) VALUES (3190, '10d7236a-47e3-4bda-8143-bd75c4e7fe95');
INSERT INTO "words"."words" (id, word, syllables, frequency, category) VALUES (3191, 'consulenza', 4, 0.0000126, NULL);
INSERT INTO "words"."words_lists" (word_id, list_id) VALUES (3191, '10d7236a-47e3-4bda-8143-bd75c4e7fe95');
INSERT INTO "words"."words" (id, word, syllables, frequency, category) VALUES (3192, 'mago', 2, 0.0000107, NULL);
INSERT INTO "words"."words_lists" (word_id, list_id) VALUES (3192, '10d7236a-47e3-4bda-8143-bd75c4e7fe95');
INSERT INTO "words"."words" (id, word, syllables, frequency, category) VALUES (3193, 'orgoglioso', 4, 0.000012, NULL);
INSERT INTO "words"."words_lists" (word_id, list_id) VALUES (3193, '10d7236a-47e3-4bda-8143-bd75c4e7fe95');
INSERT INTO "words"."words" (id, word, syllables, frequency, category) VALUES (3194, 'mobilità', 4, 0.0000155, NULL);
INSERT INTO "words"."words_lists" (word_id, list_id) VALUES (3194, '10d7236a-47e3-4bda-8143-bd75c4e7fe95');
INSERT INTO "words"."words" (id, word, syllables, frequency, category) VALUES (3195, 'agire', 3, 0.0000316, NULL);
INSERT INTO "words"."words_lists" (word_id, list_id) VALUES (3195, '10d7236a-47e3-4bda-8143-bd75c4e7fe95');
INSERT INTO "words"."words" (id, word, syllables, frequency, category) VALUES (3196, 'corrente', 3, 0.0000603, NULL);
INSERT INTO "words"."words_lists" (word_id, list_id) VALUES (3196, '10d7236a-47e3-4bda-8143-bd75c4e7fe95');
INSERT INTO "words"."words" (id, word, syllables, frequency, category) VALUES (3197, 'settore', 3, 0.000105, NULL);
INSERT INTO "words"."words_lists" (word_id, list_id) VALUES (3197, '10d7236a-47e3-4bda-8143-bd75c4e7fe95');
INSERT INTO "words"."words" (id, word, syllables, frequency, category) VALUES (3198, 'confronto', 3, 0.0000617, NULL);
INSERT INTO "words"."words_lists" (word_id, list_id) VALUES (3198, '10d7236a-47e3-4bda-8143-bd75c4e7fe95');
INSERT INTO "words"."words" (id, word, syllables, frequency, category) VALUES (3199, 'promosso', 3, 0.00002, NULL);
INSERT INTO "words"."words_lists" (word_id, list_id) VALUES (3199, '10d7236a-47e3-4bda-8143-bd75c4e7fe95');
INSERT INTO "words"."words" (id, word, syllables, frequency, category) VALUES (3200, 'sesso', 2, 0.000126, NULL);
INSERT INTO "words"."words_lists" (word_id, list_id) VALUES (3200, '10d7236a-47e3-4bda-8143-bd75c4e7fe95');
INSERT INTO "words"."lists" (id, type) VALUES ('c2d04ec3-8d6a-4826-b4e1-3b7bb9eabb53', 'categorized');
INSERT INTO "words"."words" (id, word, syllables, frequency, category) VALUES (3201, 'trasparente', 4, 0.000012, NULL);
INSERT INTO "words"."words_lists" (word_id, list_id) VALUES (3201, 'c2d04ec3-8d6a-4826-b4e1-3b7bb9eabb53');
INSERT INTO "words"."words" (id, word, syllables, frequency, category) VALUES (3202, 'entità', 3, 0.000024, NULL);
INSERT INTO "words"."words_lists" (word_id, list_id) VALUES (3202, 'c2d04ec3-8d6a-4826-b4e1-3b7bb9eabb53');
INSERT INTO "words"."words" (id, word, syllables, frequency, category) VALUES (3203, 'lana', 2, 0.0000148, NULL);
INSERT INTO "words"."words_lists" (word_id, list_id) VALUES (3203, 'c2d04ec3-8d6a-4826-b4e1-3b7bb9eabb53');
INSERT INTO "words"."words" (id, word, syllables, frequency, category) VALUES (3204, 'nazista', 3, 0.000012, NULL);
INSERT INTO "words"."words_lists" (word_id, list_id) VALUES (3204, 'c2d04ec3-8d6a-4826-b4e1-3b7bb9eabb53');
INSERT INTO "words"."words" (id, word, syllables, frequency, category) VALUES (3205, 'assumere', 4, 0.0000316, NULL);
INSERT INTO "words"."words_lists" (word_id, list_id) VALUES (3205, 'c2d04ec3-8d6a-4826-b4e1-3b7bb9eabb53');
INSERT INTO "words"."words" (id, word, syllables, frequency, category) VALUES (3206, 'contea', 3, 0.0000126, NULL);
INSERT INTO "words"."words_lists" (word_id, list_id) VALUES (3206, 'c2d04ec3-8d6a-4826-b4e1-3b7bb9eabb53');
INSERT INTO "words"."words" (id, word, syllables, frequency, category) VALUES (3207, 'odio', 2, 0.0000832, NULL);
INSERT INTO "words"."words_lists" (word_id, list_id) VALUES (3207, 'c2d04ec3-8d6a-4826-b4e1-3b7bb9eabb53');
INSERT INTO "words"."words" (id, word, syllables, frequency, category) VALUES (3208, 'mattina', 3, 0.000105, NULL);
INSERT INTO "words"."words_lists" (word_id, list_id) VALUES (3208, 'c2d04ec3-8d6a-4826-b4e1-3b7bb9eabb53');
INSERT INTO "words"."words" (id, word, syllables, frequency, category) VALUES (3209, 'pubblico', 3, 0.000251, NULL);
INSERT INTO "words"."words_lists" (word_id, list_id) VALUES (3209, 'c2d04ec3-8d6a-4826-b4e1-3b7bb9eabb53');
INSERT INTO "words"."words" (id, word, syllables, frequency, category) VALUES (3210, 'libro', 2, 0.000229, NULL);
INSERT INTO "words"."words_lists" (word_id, list_id) VALUES (3210, 'c2d04ec3-8d6a-4826-b4e1-3b7bb9eabb53');
INSERT INTO "words"."words" (id, word, syllables, frequency, category) VALUES (3211, 'intendere', 4, 0.000012, NULL);
INSERT INTO "words"."words_lists" (word_id, list_id) VALUES (3211, 'c2d04ec3-8d6a-4826-b4e1-3b7bb9eabb53');
INSERT INTO "words"."words" (id, word, syllables, frequency, category) VALUES (3212, 'difensore', 4, 0.0000178, NULL);
INSERT INTO "words"."words_lists" (word_id, list_id) VALUES (3212, 'c2d04ec3-8d6a-4826-b4e1-3b7bb9eabb53');
INSERT INTO "words"."words" (id, word, syllables, frequency, category) VALUES (3213, 'strage', 2, 0.0000145, NULL);
INSERT INTO "words"."words_lists" (word_id, list_id) VALUES (3213, 'c2d04ec3-8d6a-4826-b4e1-3b7bb9eabb53');
INSERT INTO "words"."words" (id, word, syllables, frequency, category) VALUES (3214, 'stazione', 3, 0.0000741, NULL);
INSERT INTO "words"."words_lists" (word_id, list_id) VALUES (3214, 'c2d04ec3-8d6a-4826-b4e1-3b7bb9eabb53');
INSERT INTO "words"."words" (id, word, syllables, frequency, category) VALUES (3215, 'paga', 2, 0.0000398, NULL);
INSERT INTO "words"."words_lists" (word_id, list_id) VALUES (3215, 'c2d04ec3-8d6a-4826-b4e1-3b7bb9eabb53');
INSERT INTO "words"."words" (id, word, syllables, frequency, category) VALUES (3216, 'diploma', 3, 0.0000178, NULL);
INSERT INTO "words"."words_lists" (word_id, list_id) VALUES (3216, 'c2d04ec3-8d6a-4826-b4e1-3b7bb9eabb53');
INSERT INTO "words"."lists" (id, type) VALUES ('34001644-a720-4a64-97d2-0c1f2463a477', 'categorized');
INSERT INTO "words"."words" (id, word, syllables, frequency, category) VALUES (3217, 'cervello', 3, 0.0000617, NULL);
INSERT INTO "words"."words_lists" (word_id, list_id) VALUES (3217, '34001644-a720-4a64-97d2-0c1f2463a477');
INSERT INTO "words"."words" (id, word, syllables, frequency, category) VALUES (3218, 'palese', 3, 0.0000102, NULL);
INSERT INTO "words"."words_lists" (word_id, list_id) VALUES (3218, '34001644-a720-4a64-97d2-0c1f2463a477');
INSERT INTO "words"."words" (id, word, syllables, frequency, category) VALUES (3219, 'angelo', 3, 0.0000437, NULL);
INSERT INTO "words"."words_lists" (word_id, list_id) VALUES (3219, '34001644-a720-4a64-97d2-0c1f2463a477');
INSERT INTO "words"."words" (id, word, syllables, frequency, category) VALUES (3220, 'circolo', 3, 0.0000245, NULL);
INSERT INTO "words"."words_lists" (word_id, list_id) VALUES (3220, '34001644-a720-4a64-97d2-0c1f2463a477');
INSERT INTO "words"."words" (id, word, syllables, frequency, category) VALUES (3221, 'scomparso', 3, 0.0000151, NULL);
INSERT INTO "words"."words_lists" (word_id, list_id) VALUES (3221, '34001644-a720-4a64-97d2-0c1f2463a477');
INSERT INTO "words"."words" (id, word, syllables, frequency, category) VALUES (3222, 'storia', 2, 0.000537, NULL);
INSERT INTO "words"."words_lists" (word_id, list_id) VALUES (3222, '34001644-a720-4a64-97d2-0c1f2463a477');
INSERT INTO "words"."words" (id, word, syllables, frequency, category) VALUES (3223, 'agente', 3, 0.0000347, NULL);
INSERT INTO "words"."words_lists" (word_id, list_id) VALUES (3223, '34001644-a720-4a64-97d2-0c1f2463a477');
INSERT INTO "words"."words" (id, word, syllables, frequency, category) VALUES (3224, 'bis', 2, 0.0000166, NULL);
INSERT INTO "words"."words_lists" (word_id, list_id) VALUES (3224, '34001644-a720-4a64-97d2-0c1f2463a477');
INSERT INTO "words"."words" (id, word, syllables, frequency, category) VALUES (3225, 'giunta', 2, 0.0000447, NULL);
INSERT INTO "words"."words_lists" (word_id, list_id) VALUES (3225, '34001644-a720-4a64-97d2-0c1f2463a477');
INSERT INTO "words"."words" (id, word, syllables, frequency, category) VALUES (3226, 'fila', 2, 0.0000468, NULL);
INSERT INTO "words"."words_lists" (word_id, list_id) VALUES (3226, '34001644-a720-4a64-97d2-0c1f2463a477');
INSERT INTO "words"."words" (id, word, syllables, frequency, category) VALUES (3227, 'cimitero', 4, 0.0000141, NULL);
INSERT INTO "words"."words_lists" (word_id, list_id) VALUES (3227, '34001644-a720-4a64-97d2-0c1f2463a477');
INSERT INTO "words"."words" (id, word, syllables, frequency, category) VALUES (3228, 'attaccato', 4, 0.0000224, NULL);
INSERT INTO "words"."words_lists" (word_id, list_id) VALUES (3228, '34001644-a720-4a64-97d2-0c1f2463a477');
INSERT INTO "words"."words" (id, word, syllables, frequency, category) VALUES (3229, 'infinito', 4, 0.0000141, NULL);
INSERT INTO "words"."words_lists" (word_id, list_id) VALUES (3229, '34001644-a720-4a64-97d2-0c1f2463a477');
INSERT INTO "words"."words" (id, word, syllables, frequency, category) VALUES (3230, 'età', 2, 0.000129, NULL);
INSERT INTO "words"."words_lists" (word_id, list_id) VALUES (3230, '34001644-a720-4a64-97d2-0c1f2463a477');
INSERT INTO "words"."words" (id, word, syllables, frequency, category) VALUES (3231, 'mistero', 3, 0.0000257, NULL);
INSERT INTO "words"."words_lists" (word_id, list_id) VALUES (3231, '34001644-a720-4a64-97d2-0c1f2463a477');
INSERT INTO "words"."words" (id, word, syllables, frequency, category) VALUES (3232, 'dimostrare', 4, 0.0000447, NULL);
INSERT INTO "words"."words_lists" (word_id, list_id) VALUES (3232, '34001644-a720-4a64-97d2-0c1f2463a477');
INSERT INTO "words"."lists" (id, type) VALUES ('3aa2614d-2a69-4f89-b05d-4fa56e9bcee5', 'categorized');
INSERT INTO "words"."words" (id, word, syllables, frequency, category) VALUES (3233, 'banda', 2, 0.0000324, NULL);
INSERT INTO "words"."words_lists" (word_id, list_id) VALUES (3233, '3aa2614d-2a69-4f89-b05d-4fa56e9bcee5');
INSERT INTO "words"."words" (id, word, syllables, frequency, category) VALUES (3234, 'vuoto', 2, 0.0000407, NULL);
INSERT INTO "words"."words_lists" (word_id, list_id) VALUES (3234, '3aa2614d-2a69-4f89-b05d-4fa56e9bcee5');
INSERT INTO "words"."words" (id, word, syllables, frequency, category) VALUES (3235, 'riguardo', 3, 0.000132, NULL);
INSERT INTO "words"."words_lists" (word_id, list_id) VALUES (3235, '3aa2614d-2a69-4f89-b05d-4fa56e9bcee5');
INSERT INTO "words"."words" (id, word, syllables, frequency, category) VALUES (3236, 'ottica', 3, 0.0000112, NULL);
INSERT INTO "words"."words_lists" (word_id, list_id) VALUES (3236, '3aa2614d-2a69-4f89-b05d-4fa56e9bcee5');
INSERT INTO "words"."words" (id, word, syllables, frequency, category) VALUES (3237, 'monte', 2, 0.0000631, NULL);
INSERT INTO "words"."words_lists" (word_id, list_id) VALUES (3237, '3aa2614d-2a69-4f89-b05d-4fa56e9bcee5');
INSERT INTO "words"."words" (id, word, syllables, frequency, category) VALUES (3238, 'finale', 3, 0.000115, NULL);
INSERT INTO "words"."words_lists" (word_id, list_id) VALUES (3238, '3aa2614d-2a69-4f89-b05d-4fa56e9bcee5');
INSERT INTO "words"."words" (id, word, syllables, frequency, category) VALUES (3239, 'valore', 3, 0.000145, NULL);
INSERT INTO "words"."words_lists" (word_id, list_id) VALUES (3239, '3aa2614d-2a69-4f89-b05d-4fa56e9bcee5');
INSERT INTO "words"."words" (id, word, syllables, frequency, category) VALUES (3240, 'dominio', 3, 0.0000407, NULL);
INSERT INTO "words"."words_lists" (word_id, list_id) VALUES (3240, '3aa2614d-2a69-4f89-b05d-4fa56e9bcee5');
INSERT INTO "words"."lists" (id, type) VALUES ('0f3141c0-6a67-4281-b86c-3807c271597e', 'categorized');
INSERT INTO "words"."words" (id, word, syllables, frequency, category) VALUES (3241, 'mela', 2, 0.0000115, NULL);
INSERT INTO "words"."words_lists" (word_id, list_id) VALUES (3241, '0f3141c0-6a67-4281-b86c-3807c271597e');
INSERT INTO "words"."words" (id, word, syllables, frequency, category) VALUES (3242, 'simile', 3, 0.000117, NULL);
INSERT INTO "words"."words_lists" (word_id, list_id) VALUES (3242, '0f3141c0-6a67-4281-b86c-3807c271597e');
INSERT INTO "words"."words" (id, word, syllables, frequency, category) VALUES (3243, 'pasqua', 2, 0.0000145, NULL);
INSERT INTO "words"."words_lists" (word_id, list_id) VALUES (3243, '0f3141c0-6a67-4281-b86c-3807c271597e');
INSERT INTO "words"."words" (id, word, syllables, frequency, category) VALUES (3244, 'usare', 3, 0.00012, NULL);
INSERT INTO "words"."words_lists" (word_id, list_id) VALUES (3244, '0f3141c0-6a67-4281-b86c-3807c271597e');
INSERT INTO "words"."words" (id, word, syllables, frequency, category) VALUES (3245, 'gravità', 3, 0.0000162, NULL);
INSERT INTO "words"."words_lists" (word_id, list_id) VALUES (3245, '0f3141c0-6a67-4281-b86c-3807c271597e');
INSERT INTO "words"."words" (id, word, syllables, frequency, category) VALUES (3246, 'mister', 2, 0.000011, NULL);
INSERT INTO "words"."words_lists" (word_id, list_id) VALUES (3246, '0f3141c0-6a67-4281-b86c-3807c271597e');
INSERT INTO "words"."words" (id, word, syllables, frequency, category) VALUES (3247, 'lanciare', 3, 0.000017, NULL);
INSERT INTO "words"."words_lists" (word_id, list_id) VALUES (3247, '0f3141c0-6a67-4281-b86c-3807c271597e');
INSERT INTO "words"."words" (id, word, syllables, frequency, category) VALUES (3248, 'sparire', 3, 0.000012, NULL);
INSERT INTO "words"."words_lists" (word_id, list_id) VALUES (3248, '0f3141c0-6a67-4281-b86c-3807c271597e');
INSERT INTO "words"."lists" (id, type) VALUES ('a3b3ff0d-895f-4249-af9c-7d6ca2feb7a1', 'categorized');
INSERT INTO "words"."words" (id, word, syllables, frequency, category) VALUES (3249, 'trattare', 3, 0.0000251, NULL);
INSERT INTO "words"."words_lists" (word_id, list_id) VALUES (3249, 'a3b3ff0d-895f-4249-af9c-7d6ca2feb7a1');
INSERT INTO "words"."words" (id, word, syllables, frequency, category) VALUES (3250, 'programmazione', 5, 0.0000275, NULL);
INSERT INTO "words"."words_lists" (word_id, list_id) VALUES (3250, 'a3b3ff0d-895f-4249-af9c-7d6ca2feb7a1');
INSERT INTO "words"."words" (id, word, syllables, frequency, category) VALUES (3251, 'attore', 3, 0.0000302, NULL);
INSERT INTO "words"."words_lists" (word_id, list_id) VALUES (3251, 'a3b3ff0d-895f-4249-af9c-7d6ca2feb7a1');
INSERT INTO "words"."words" (id, word, syllables, frequency, category) VALUES (3252, 'quarto', 2, 0.0000537, NULL);
INSERT INTO "words"."words_lists" (word_id, list_id) VALUES (3252, 'a3b3ff0d-895f-4249-af9c-7d6ca2feb7a1');
INSERT INTO "words"."words" (id, word, syllables, frequency, category) VALUES (3253, 'composta', 3, 0.0000288, NULL);
INSERT INTO "words"."words_lists" (word_id, list_id) VALUES (3253, 'a3b3ff0d-895f-4249-af9c-7d6ca2feb7a1');
INSERT INTO "words"."words" (id, word, syllables, frequency, category) VALUES (3254, 'trentino', 3, 0.0000141, NULL);
INSERT INTO "words"."words_lists" (word_id, list_id) VALUES (3254, 'a3b3ff0d-895f-4249-af9c-7d6ca2feb7a1');
INSERT INTO "words"."words" (id, word, syllables, frequency, category) VALUES (3255, 'versione', 3, 0.000126, NULL);
INSERT INTO "words"."words_lists" (word_id, list_id) VALUES (3255, 'a3b3ff0d-895f-4249-af9c-7d6ca2feb7a1');
INSERT INTO "words"."words" (id, word, syllables, frequency, category) VALUES (3256, 'porre', 2, 0.0000288, NULL);
INSERT INTO "words"."words_lists" (word_id, list_id) VALUES (3256, 'a3b3ff0d-895f-4249-af9c-7d6ca2feb7a1');
INSERT INTO "words"."lists" (id, type) VALUES ('4ee7c1a5-3c25-4cb1-afee-9d3ede7ec11b', 'categorized');
INSERT INTO "words"."words" (id, word, syllables, frequency, category) VALUES (3257, 'depressione', 4, 0.00002, NULL);
INSERT INTO "words"."words_lists" (word_id, list_id) VALUES (3257, '4ee7c1a5-3c25-4cb1-afee-9d3ede7ec11b');
INSERT INTO "words"."words" (id, word, syllables, frequency, category) VALUES (3258, 'corretto', 3, 0.0000302, NULL);
INSERT INTO "words"."words_lists" (word_id, list_id) VALUES (3258, '4ee7c1a5-3c25-4cb1-afee-9d3ede7ec11b');
INSERT INTO "words"."words" (id, word, syllables, frequency, category) VALUES (3259, 'terme', 2, 0.000012, NULL);
INSERT INTO "words"."words_lists" (word_id, list_id) VALUES (3259, '4ee7c1a5-3c25-4cb1-afee-9d3ede7ec11b');
INSERT INTO "words"."words" (id, word, syllables, frequency, category) VALUES (3260, 'mettersi', 3, 0.0000257, NULL);
INSERT INTO "words"."words_lists" (word_id, list_id) VALUES (3260, '4ee7c1a5-3c25-4cb1-afee-9d3ede7ec11b');
INSERT INTO "words"."words" (id, word, syllables, frequency, category) VALUES (3261, 'sostegno', 3, 0.000055, NULL);
INSERT INTO "words"."words_lists" (word_id, list_id) VALUES (3261, '4ee7c1a5-3c25-4cb1-afee-9d3ede7ec11b');
INSERT INTO "words"."words" (id, word, syllables, frequency, category) VALUES (3262, 'tranquillo', 3, 0.0000417, NULL);
INSERT INTO "words"."words_lists" (word_id, list_id) VALUES (3262, '4ee7c1a5-3c25-4cb1-afee-9d3ede7ec11b');
INSERT INTO "words"."words" (id, word, syllables, frequency, category) VALUES (3263, 'cominciare', 4, 0.0000355, NULL);
INSERT INTO "words"."words_lists" (word_id, list_id) VALUES (3263, '4ee7c1a5-3c25-4cb1-afee-9d3ede7ec11b');
INSERT INTO "words"."words" (id, word, syllables, frequency, category) VALUES (3264, 'feci', 2, 0.0000117, NULL);
INSERT INTO "words"."words_lists" (word_id, list_id) VALUES (3264, '4ee7c1a5-3c25-4cb1-afee-9d3ede7ec11b');
INSERT INTO "words"."lists" (id, type) VALUES ('f28eb046-da92-4ced-adb6-1c5e7df9bf70', 'categorized');
INSERT INTO "words"."words" (id, word, syllables, frequency, category) VALUES (3265, 'edilizia', 4, 0.0000126, NULL);
INSERT INTO "words"."words_lists" (word_id, list_id) VALUES (3265, 'f28eb046-da92-4ced-adb6-1c5e7df9bf70');
INSERT INTO "words"."words" (id, word, syllables, frequency, category) VALUES (3266, 'controllo', 3, 0.000174, NULL);
INSERT INTO "words"."words_lists" (word_id, list_id) VALUES (3266, 'f28eb046-da92-4ced-adb6-1c5e7df9bf70');
INSERT INTO "words"."words" (id, word, syllables, frequency, category) VALUES (3267, 'gelato', 3, 0.0000166, NULL);
INSERT INTO "words"."words_lists" (word_id, list_id) VALUES (3267, 'f28eb046-da92-4ced-adb6-1c5e7df9bf70');
INSERT INTO "words"."words" (id, word, syllables, frequency, category) VALUES (3268, 'esilio', 4, 0.0000102, NULL);
INSERT INTO "words"."words_lists" (word_id, list_id) VALUES (3268, 'f28eb046-da92-4ced-adb6-1c5e7df9bf70');
INSERT INTO "words"."words" (id, word, syllables, frequency, category) VALUES (3269, 'esterno', 3, 0.0000355, NULL);
INSERT INTO "words"."words_lists" (word_id, list_id) VALUES (3269, 'f28eb046-da92-4ced-adb6-1c5e7df9bf70');
INSERT INTO "words"."words" (id, word, syllables, frequency, category) VALUES (3270, 'fisica', 3, 0.0000708, NULL);
INSERT INTO "words"."words_lists" (word_id, list_id) VALUES (3270, 'f28eb046-da92-4ced-adb6-1c5e7df9bf70');
INSERT INTO "words"."words" (id, word, syllables, frequency, category) VALUES (3271, 'vitale', 3, 0.0000158, NULL);
INSERT INTO "words"."words_lists" (word_id, list_id) VALUES (3271, 'f28eb046-da92-4ced-adb6-1c5e7df9bf70');
INSERT INTO "words"."words" (id, word, syllables, frequency, category) VALUES (3272, 'novità', 3, 0.0000468, NULL);
INSERT INTO "words"."words_lists" (word_id, list_id) VALUES (3272, 'f28eb046-da92-4ced-adb6-1c5e7df9bf70');
INSERT INTO "words"."lists" (id, type) VALUES ('05c6ea8e-b635-445d-b943-e3538a79455a', 'categorized');
INSERT INTO "words"."words" (id, word, syllables, frequency, category) VALUES (3273, 'finanza', 3, 0.0000269, NULL);
INSERT INTO "words"."words_lists" (word_id, list_id) VALUES (3273, '05c6ea8e-b635-445d-b943-e3538a79455a');
INSERT INTO "words"."words" (id, word, syllables, frequency, category) VALUES (3274, 'lasciare', 3, 0.0000933, NULL);
INSERT INTO "words"."words_lists" (word_id, list_id) VALUES (3274, '05c6ea8e-b635-445d-b943-e3538a79455a');
INSERT INTO "words"."words" (id, word, syllables, frequency, category) VALUES (3275, 'bontà', 2, 0.0000105, NULL);
INSERT INTO "words"."words_lists" (word_id, list_id) VALUES (3275, '05c6ea8e-b635-445d-b943-e3538a79455a');
INSERT INTO "words"."words" (id, word, syllables, frequency, category) VALUES (3276, 'Vienna', 3, 0.0000191, NULL);
INSERT INTO "words"."words_lists" (word_id, list_id) VALUES (3276, '05c6ea8e-b635-445d-b943-e3538a79455a');
INSERT INTO "words"."words" (id, word, syllables, frequency, category) VALUES (3277, 'mese', 2, 0.000209, NULL);
INSERT INTO "words"."words_lists" (word_id, list_id) VALUES (3277, '05c6ea8e-b635-445d-b943-e3538a79455a');
INSERT INTO "words"."words" (id, word, syllables, frequency, category) VALUES (3278, 'formato', 3, 0.0000525, NULL);
INSERT INTO "words"."words_lists" (word_id, list_id) VALUES (3278, '05c6ea8e-b635-445d-b943-e3538a79455a');
INSERT INTO "words"."words" (id, word, syllables, frequency, category) VALUES (3279, 'regola', 3, 0.0000513, NULL);
INSERT INTO "words"."words_lists" (word_id, list_id) VALUES (3279, '05c6ea8e-b635-445d-b943-e3538a79455a');
INSERT INTO "words"."words" (id, word, syllables, frequency, category) VALUES (3280, 'campana', 3, 0.0000102, NULL);
INSERT INTO "words"."words_lists" (word_id, list_id) VALUES (3280, '05c6ea8e-b635-445d-b943-e3538a79455a');
INSERT INTO "words"."lists" (id, type) VALUES ('9dc9875e-eb75-4b20-97c8-a3067e0187ca', 'categorized');
INSERT INTO "words"."words" (id, word, syllables, frequency, category) VALUES (3281, 'letterario', 4, 0.0000162, NULL);
INSERT INTO "words"."words_lists" (word_id, list_id) VALUES (3281, '9dc9875e-eb75-4b20-97c8-a3067e0187ca');
INSERT INTO "words"."words" (id, word, syllables, frequency, category) VALUES (3282, 'solidarietà', 5, 0.0000331, NULL);
INSERT INTO "words"."words_lists" (word_id, list_id) VALUES (3282, '9dc9875e-eb75-4b20-97c8-a3067e0187ca');
INSERT INTO "words"."words" (id, word, syllables, frequency, category) VALUES (3283, 'dominante', 4, 0.0000135, NULL);
INSERT INTO "words"."words_lists" (word_id, list_id) VALUES (3283, '9dc9875e-eb75-4b20-97c8-a3067e0187ca');
INSERT INTO "words"."words" (id, word, syllables, frequency, category) VALUES (3284, 'siciliano', 4, 0.000012, NULL);
INSERT INTO "words"."words_lists" (word_id, list_id) VALUES (3284, '9dc9875e-eb75-4b20-97c8-a3067e0187ca');
INSERT INTO "words"."words" (id, word, syllables, frequency, category) VALUES (3285, 'massa', 2, 0.0000813, NULL);
INSERT INTO "words"."words_lists" (word_id, list_id) VALUES (3285, '9dc9875e-eb75-4b20-97c8-a3067e0187ca');
INSERT INTO "words"."words" (id, word, syllables, frequency, category) VALUES (3286, 'mostrare', 3, 0.0000295, NULL);
INSERT INTO "words"."words_lists" (word_id, list_id) VALUES (3286, '9dc9875e-eb75-4b20-97c8-a3067e0187ca');
INSERT INTO "words"."words" (id, word, syllables, frequency, category) VALUES (3287, 'accento', 3, 0.0000141, NULL);
INSERT INTO "words"."words_lists" (word_id, list_id) VALUES (3287, '9dc9875e-eb75-4b20-97c8-a3067e0187ca');
INSERT INTO "words"."words" (id, word, syllables, frequency, category) VALUES (3288, 'enorme', 3, 0.0000575, NULL);
INSERT INTO "words"."words_lists" (word_id, list_id) VALUES (3288, '9dc9875e-eb75-4b20-97c8-a3067e0187ca');
INSERT INTO "words"."lists" (id, type) VALUES ('e7b2c78f-4097-46db-9115-b6f69e456b78', 'categorized');
INSERT INTO "words"."words" (id, word, syllables, frequency, category) VALUES (3289, 'periodo', 4, 0.000219, NULL);
INSERT INTO "words"."words_lists" (word_id, list_id) VALUES (3289, 'e7b2c78f-4097-46db-9115-b6f69e456b78');
INSERT INTO "words"."words" (id, word, syllables, frequency, category) VALUES (3290, 'debito', 3, 0.000055, NULL);
INSERT INTO "words"."words_lists" (word_id, list_id) VALUES (3290, 'e7b2c78f-4097-46db-9115-b6f69e456b78');
INSERT INTO "words"."words" (id, word, syllables, frequency, category) VALUES (3291, 'alternativa', 5, 0.000038, NULL);
INSERT INTO "words"."words_lists" (word_id, list_id) VALUES (3291, 'e7b2c78f-4097-46db-9115-b6f69e456b78');
INSERT INTO "words"."words" (id, word, syllables, frequency, category) VALUES (3292, 'sentimento', 4, 0.0000269, NULL);
INSERT INTO "words"."words_lists" (word_id, list_id) VALUES (3292, 'e7b2c78f-4097-46db-9115-b6f69e456b78');
INSERT INTO "words"."words" (id, word, syllables, frequency, category) VALUES (3293, 'armonia', 4, 0.0000129, NULL);
INSERT INTO "words"."words_lists" (word_id, list_id) VALUES (3293, 'e7b2c78f-4097-46db-9115-b6f69e456b78');
INSERT INTO "words"."words" (id, word, syllables, frequency, category) VALUES (3294, 'andare', 3, 0.000417, NULL);
INSERT INTO "words"."words_lists" (word_id, list_id) VALUES (3294, 'e7b2c78f-4097-46db-9115-b6f69e456b78');
INSERT INTO "words"."words" (id, word, syllables, frequency, category) VALUES (3295, 'risoluzione', 5, 0.0000288, NULL);
INSERT INTO "words"."words_lists" (word_id, list_id) VALUES (3295, 'e7b2c78f-4097-46db-9115-b6f69e456b78');
INSERT INTO "words"."words" (id, word, syllables, frequency, category) VALUES (3296, 'gestione', 3, 0.0000776, NULL);
INSERT INTO "words"."words_lists" (word_id, list_id) VALUES (3296, 'e7b2c78f-4097-46db-9115-b6f69e456b78');
INSERT INTO "words"."lists" (id, type) VALUES ('9be11f08-e27c-404d-bac5-3e7b01614a34', 'categorized');
INSERT INTO "words"."words" (id, word, syllables, frequency, category) VALUES (3297, 'impianto', 3, 0.0000282, NULL);
INSERT INTO "words"."words_lists" (word_id, list_id) VALUES (3297, '9be11f08-e27c-404d-bac5-3e7b01614a34');
INSERT INTO "words"."words" (id, word, syllables, frequency, category) VALUES (3298, 'teste', 2, 0.0000224, NULL);
INSERT INTO "words"."words_lists" (word_id, list_id) VALUES (3298, '9be11f08-e27c-404d-bac5-3e7b01614a34');
INSERT INTO "words"."words" (id, word, syllables, frequency, category) VALUES (3299, 'orgoglioso', 4, 0.000012, NULL);
INSERT INTO "words"."words_lists" (word_id, list_id) VALUES (3299, '9be11f08-e27c-404d-bac5-3e7b01614a34');
INSERT INTO "words"."words" (id, word, syllables, frequency, category) VALUES (3300, 'promosso', 3, 0.00002, NULL);
INSERT INTO "words"."words_lists" (word_id, list_id) VALUES (3300, '9be11f08-e27c-404d-bac5-3e7b01614a34');
INSERT INTO "words"."words" (id, word, syllables, frequency, category) VALUES (3301, 'agire', 3, 0.0000316, NULL);
INSERT INTO "words"."words_lists" (word_id, list_id) VALUES (3301, '9be11f08-e27c-404d-bac5-3e7b01614a34');
INSERT INTO "words"."words" (id, word, syllables, frequency, category) VALUES (3302, 'vincente', 3, 0.000011, NULL);
INSERT INTO "words"."words_lists" (word_id, list_id) VALUES (3302, '9be11f08-e27c-404d-bac5-3e7b01614a34');
INSERT INTO "words"."words" (id, word, syllables, frequency, category) VALUES (3303, 'puntare', 3, 0.000012, NULL);
INSERT INTO "words"."words_lists" (word_id, list_id) VALUES (3303, '9be11f08-e27c-404d-bac5-3e7b01614a34');
INSERT INTO "words"."words" (id, word, syllables, frequency, category) VALUES (3304, 'turismo', 3, 0.0000389, NULL);
INSERT INTO "words"."words_lists" (word_id, list_id) VALUES (3304, '9be11f08-e27c-404d-bac5-3e7b01614a34');
INSERT INTO "words"."lists" (id, type) VALUES ('9c6eaea5-f067-4015-a838-02d4d81d3725', 'categorized');
INSERT INTO "words"."words" (id, word, syllables, frequency, category) VALUES (3305, 'inferno', 3, 0.0000174, NULL);
INSERT INTO "words"."words_lists" (word_id, list_id) VALUES (3305, '9c6eaea5-f067-4015-a838-02d4d81d3725');
INSERT INTO "words"."words" (id, word, syllables, frequency, category) VALUES (3306, 'padrone', 3, 0.0000269, NULL);
INSERT INTO "words"."words_lists" (word_id, list_id) VALUES (3306, '9c6eaea5-f067-4015-a838-02d4d81d3725');
INSERT INTO "words"."words" (id, word, syllables, frequency, category) VALUES (3307, 'complicato', 4, 0.0000186, NULL);
INSERT INTO "words"."words_lists" (word_id, list_id) VALUES (3307, '9c6eaea5-f067-4015-a838-02d4d81d3725');
INSERT INTO "words"."words" (id, word, syllables, frequency, category) VALUES (3308, 'diploma', 3, 0.0000178, NULL);
INSERT INTO "words"."words_lists" (word_id, list_id) VALUES (3308, '9c6eaea5-f067-4015-a838-02d4d81d3725');
INSERT INTO "words"."words" (id, word, syllables, frequency, category) VALUES (3309, 'trasparente', 4, 0.000012, NULL);
INSERT INTO "words"."words_lists" (word_id, list_id) VALUES (3309, '9c6eaea5-f067-4015-a838-02d4d81d3725');
INSERT INTO "words"."words" (id, word, syllables, frequency, category) VALUES (3310, 'entità', 3, 0.000024, NULL);
INSERT INTO "words"."words_lists" (word_id, list_id) VALUES (3310, '9c6eaea5-f067-4015-a838-02d4d81d3725');
INSERT INTO "words"."words" (id, word, syllables, frequency, category) VALUES (3311, 'accadere', 4, 0.0000148, NULL);
INSERT INTO "words"."words_lists" (word_id, list_id) VALUES (3311, '9c6eaea5-f067-4015-a838-02d4d81d3725');
INSERT INTO "words"."words" (id, word, syllables, frequency, category) VALUES (3312, 'libro', 2, 0.000229, NULL);
INSERT INTO "words"."words_lists" (word_id, list_id) VALUES (3312, '9c6eaea5-f067-4015-a838-02d4d81d3725');
INSERT INTO "words"."lists" (id, type) VALUES ('ce93df09-34ec-441b-bf39-c52421e6d107', 'categorized');
INSERT INTO "words"."words" (id, word, syllables, frequency, category) VALUES (3313, 'Parigi', 3, 0.0000724, NULL);
INSERT INTO "words"."words_lists" (word_id, list_id) VALUES (3313, 'ce93df09-34ec-441b-bf39-c52421e6d107');
INSERT INTO "words"."words" (id, word, syllables, frequency, category) VALUES (3314, 'attaccato', 4, 0.0000224, NULL);
INSERT INTO "words"."words_lists" (word_id, list_id) VALUES (3314, 'ce93df09-34ec-441b-bf39-c52421e6d107');
INSERT INTO "words"."words" (id, word, syllables, frequency, category) VALUES (3315, 'epoca', 3, 0.0000417, NULL);
INSERT INTO "words"."words_lists" (word_id, list_id) VALUES (3315, 'ce93df09-34ec-441b-bf39-c52421e6d107');
INSERT INTO "words"."words" (id, word, syllables, frequency, category) VALUES (3316, 'richiesta', 3, 0.0000955, NULL);
INSERT INTO "words"."words_lists" (word_id, list_id) VALUES (3316, 'ce93df09-34ec-441b-bf39-c52421e6d107');
INSERT INTO "words"."words" (id, word, syllables, frequency, category) VALUES (3317, 'agente', 3, 0.0000347, NULL);
INSERT INTO "words"."words_lists" (word_id, list_id) VALUES (3317, 'ce93df09-34ec-441b-bf39-c52421e6d107');
INSERT INTO "words"."words" (id, word, syllables, frequency, category) VALUES (3318, 'Giappone', 3, 0.0000575, NULL);
INSERT INTO "words"."words_lists" (word_id, list_id) VALUES (3318, 'ce93df09-34ec-441b-bf39-c52421e6d107');
INSERT INTO "words"."words" (id, word, syllables, frequency, category) VALUES (3319, 'bis', 2, 0.0000166, NULL);
INSERT INTO "words"."words_lists" (word_id, list_id) VALUES (3319, 'ce93df09-34ec-441b-bf39-c52421e6d107');
INSERT INTO "words"."words" (id, word, syllables, frequency, category) VALUES (3320, 'prezioso', 3, 0.0000162, NULL);
INSERT INTO "words"."words_lists" (word_id, list_id) VALUES (3320, 'ce93df09-34ec-441b-bf39-c52421e6d107');
